monster_id,name,level,map_id,map_name,type_code,type_label,mode,hp,exp,element_id,element_label,tameable,limited,badge,note
3525,Florashroom Petarie,310,110,Wanderer's Plain,B,Boss,Nightmare,75000000,275000,4,Earth,False,True,,
3524,Florashroom Petarie,330,110,Wanderer's Plain,B,Boss,Ultimate,150000000,550000,4,Earth,False,True,,
3523,Florashroom Petarie,310,110,Wanderer's Plain,B,Boss,Hard,75000000,275000,4,Earth,False,True,,
3522,Florashroom Petarie,300,110,Wanderer's Plain,B,Boss,Hard,30000000,110000,4,Earth,False,True,,
3521,Florashroom Petarie,290,110,Wanderer's Plain,B,Boss,Normal,15000000,55000,4,Earth,False,True,,
3520,Aba,335,698,Ocean Pantry: Deepest Part,B,Boss,Ultimate,239000000,82800,2,Water,False,True,,
3519,Aba,315,698,Ocean Pantry: Deepest Part,B,Boss,Nightmare,119500000,41400,2,Water,False,True,,
3518,Aba,295,698,Ocean Pantry: Deepest Part,B,Boss,Normal,23900000,82800,2,Water,False,True,,
3517,Aba,305,698,Ocean Pantry: Deepest Part,B,Boss,Hard,47800000,165600,2,Water,False,True,,
3515,Aba,285,698,Ocean Pantry: Deepest Part,B,Boss,Easy,2390000,8280,2,Water,False,True,,
3514,Merzehal,325,404,High Difficulty Boss Battle Event Venue,B,Boss,???,0,0,4,Earth,False,False,,
3513,Shawkal,345,404,High Difficulty Boss Battle Event Venue,B,Boss,???,0,0,5,Dark,False,False,,
3512,Arnold (Collab Battle Lv330),370,696,Grieving Souls Collab Venue For Lv300-330,B,Boss,Ultimate,400000000,1960000,3,Wind,False,True,,
3511,Arnold (Collab Battle Lv330),350,696,Grieving Souls Collab Venue For Lv300-330,B,Boss,Nightmare,200000000,980000,3,Wind,False,True,,
3510,Arnold (Collab Battle Lv330),340,696,Grieving Souls Collab Venue For Lv300-330,B,Boss,Hard,80000000,392000,3,Wind,False,True,,
3509,Arnold (Collab Battle Lv330),330,696,Grieving Souls Collab Venue For Lv300-330,B,Boss,Normal,40000000,196000,3,Wind,False,True,,
3508,Arnold (Collab Battle Lv300),340,696,Grieving Souls Collab Venue For Lv300-330,B,Boss,Ultimate,272000000,1450000,3,Wind,False,True,,
3507,Arnold (Collab Battle Lv300),320,696,Grieving Souls Collab Venue For Lv300-330,B,Boss,Nightmare,136000000,725000,3,Wind,False,True,,
3506,Arnold (Collab Battle Lv300),310,696,Grieving Souls Collab Venue For Lv300-330,B,Boss,Hard,54400000,290000,3,Wind,False,True,,
3505,Arnold (Collab Battle Lv300),300,696,Grieving Souls Collab Venue For Lv300-330,B,Boss,Normal,27200000,145000,3,Wind,False,True,,
3504,Arnold (Collab Battle Lv270),310,695,Grieving Souls Collab Venue For Lv190-270,B,Boss,Ultimate,184000000,990000,3,Wind,False,True,,
3503,Arnold (Collab Battle Lv270),290,695,Grieving Souls Collab Venue For Lv190-270,B,Boss,Nightmare,92000000,495000,3,Wind,False,False,,
3502,Arnold (Collab Battle Lv270),280,695,Grieving Souls Collab Venue For Lv190-270,B,Boss,Hard,36800000,198000,3,Wind,False,True,,
3501,Arnold (Collab Battle Lv270),270,695,Grieving Souls Collab Venue For Lv190-270,B,Boss,Normal,18400000,99000,3,Wind,False,True,,
3500,Arnold (Collab Battle Lv240),280,695,Grieving Souls Collab Venue For Lv190-270,B,Boss,Ultimate,113300000,673000,3,Wind,False,True,,
3499,Arnold (Collab Battle Lv240),260,695,Grieving Souls Collab Venue For Lv190-270,B,Boss,Nightmare,56650000,336500,3,Wind,False,True,,
3498,Arnold (Collab Battle Lv240),250,695,Grieving Souls Collab Venue For Lv190-270,B,Boss,Hard,22660000,134600,3,Wind,False,True,,
3497,Arnold (Collab Battle Lv240),240,695,Grieving Souls Collab Venue For Lv190-270,B,Boss,Normal,11330000,67300,3,Wind,False,True,,
3496,Arnold (Collab Battle Lv190),230,695,Grieving Souls Collab Venue For Lv190-270,B,Boss,Ultimate,51000000,350000,3,Wind,False,True,,
3495,Arnold (Collab Battle Lv190),210,695,Grieving Souls Collab Venue For Lv190-270,B,Boss,Nightmare,25500000,175000,3,Wind,False,True,,
3494,Arnold (Collab Battle Lv190),200,695,Grieving Souls Collab Venue For Lv190-270,B,Boss,Hard,10200000,70000,3,Wind,False,True,,
3493,Arnold (Collab Battle Lv190),190,695,Grieving Souls Collab Venue For Lv190-270,B,Boss,Normal,5100000,35000,3,Wind,False,True,,
3492,Arnold (Collab Battle Lv140),180,694,Grieving Souls Collab Venue For Lv40-140,B,Boss,Ultimate,13000000,159000,3,Wind,False,True,,
3491,Arnold (Collab Battle Lv140),160,694,Grieving Souls Collab Venue For Lv40-140,B,Boss,Nightmare,6500000,79500,3,Wind,False,True,,
3490,Arnold (Collab Battle Lv140),150,694,Grieving Souls Collab Venue For Lv40-140,B,Boss,Hard,2600000,31800,3,Wind,False,True,,
3489,Arnold (Collab Battle Lv140),140,694,Grieving Souls Collab Venue For Lv40-140,B,Boss,Normal,1300000,15900,3,Wind,False,True,,
3488,Arnold (Collab Battle Lv90),130,694,Grieving Souls Collab Venue For Lv40-140,B,Boss,Ultimate,3100000,51600,3,Wind,False,True,,
3487,Arnold (Collab Battle Lv90),110,694,Grieving Souls Collab Venue For Lv40-140,B,Boss,Nightmare,1550000,25800,3,Wind,False,True,,
3486,Arnold (Collab Battle Lv90),100,694,Grieving Souls Collab Venue For Lv40-140,B,Boss,Hard,620000,10320,3,Wind,False,True,,
3485,Arnold (Collab Battle Lv90),90,694,Grieving Souls Collab Venue For Lv40-140,B,Boss,Normal,310000,5160,3,Wind,False,True,,
3484,Arnold (Collab Boss Battle Lv40),80,694,Grieving Souls Collab Venue For Lv40-140,B,Boss,Ultimate,268000,8400,3,Wind,False,True,,
3483,Arnold (Collab Battle Lv40),60,694,Grieving Souls Collab Venue For Lv40-140,B,Boss,Nightmare,134000,4200,3,Wind,False,True,,
3482,Arnold,50,694,Grieving Souls Collab Venue For Lv40-140,B,Boss,Hard,53600,1680,3,Wind,False,True,,
3481,Arnold,40,694,Grieving Souls Collab Venue For Lv40-140,B,Boss,Normal,26800,840,3,Wind,False,True,,
3470,Squirinja,300,689,Mt. White Peach: Depth,B,Boss,Very Hard,21270000,124200,4,Earth,False,True,,
3469,Squirinja,280,689,Mt. White Peach: Depth,B,Boss,Hard,20110000,76080,4,Earth,False,True,,
3468,Squirinja,260,689,Mt. White Peach: Depth,B,Boss,Normal,14370000,56630,4,Earth,False,True,,
3467,Squirinja,240,689,Mt. White Peach: Depth,B,Boss,Easy,9850000,40390,4,Earth,False,True,,
3465,Black Peach Ninja,280,687,Mt. Black Peach: Depth,B,Boss,Hard,4000000,46675,3,Wind,False,True,,
3464,Black Peach Ninja,260,687,Mt. Black Peach: Depth,B,Boss,Normal,4000000,46675,3,Wind,False,True,,
3463,Black Peach Ninja,240,687,Mt. Black Peach: Depth,B,Boss,Easy,4000000,46675,3,Wind,False,True,,
3447,Shark Potum,290,679,Pirates' Hideout: Area 2,M,Mini Boss,Normal,18800000,68490,2,Water,False,True,Summer Event 2025,
3434,Doy & Mari,353,670,Wizka Forest : Depths,B,Boss,Ultimate,-1,-1,3,Wind,False,False,Update 03/26/26,
3433,Doy & Mari,333,670,Wizka Forest : Depths,B,Boss,Nightmare,-1,-1,3,Wind,False,False,Update 03/26/26,
3432,Doy & Mari,323,670,Wizka Forest : Depths,B,Boss,Very Hard,-1,-1,3,Wind,False,False,Update 03/26/26,
3431,Doy & Mari,313,670,Wizka Forest : Depths,B,Boss,Hard,-1,-1,3,Wind,False,False,Update 03/26/26,
3430,Doy & Mari,303,670,Wizka Forest : Depths,B,Boss,Normal,-1,-1,3,Wind,False,False,Update 03/26/26,
3429,Grandanbit,341,669,Wizka Forest : Inner Area,B,Boss,Normal,-1,91324,6,Light,False,False,Update 03/26/26,
3428,Supreme Evil Crystal Beast,329,668,Lixaro Ghost Town: Mansion,B,Boss,Ultimate,0,0,5,Dark,False,False,,
3427,Supreme Evil Crystal Beast,309,668,Lixaro Ghost Town: Mansion,B,Boss,Nightmare,0,0,5,Dark,False,False,,
3426,Supreme Evil Crystal Beast,299,668,Lixaro Ghost Town: Mansion,B,Boss,Hard,0,0,5,Dark,False,False,,
3425,Supreme Evil Crystal Beast,289,668,Lixaro Ghost Town: Mansion,B,Boss,Normal,0,0,5,Dark,False,False,,
3424,Supreme Evil Crystal Beast,279,668,Lixaro Ghost Town: Mansion,B,Boss,Easy,0,0,5,Dark,False,False,,
3423,Piscruva,326,667,Vicus Mutans: Square,B,Boss,Ultimate,0,0,2,Water,False,False,,
3422,Piscruva,306,667,Vicus Mutans: Square,B,Boss,Nightmare,0,0,2,Water,False,False,,
3421,Piscruva,296,667,Vicus Mutans: Square,B,Boss,Hard,0,0,2,Water,False,False,,
3420,Piscruva,286,667,Vicus Mutans: Square,B,Boss,Normal,0,0,2,Water,False,False,,
3419,Piscruva,276,667,Vicus Mutans: Square,B,Boss,Easy,0,0,2,Water,False,False,,
3418,Biskyra,323,666,Aquasida: Central,B,Boss,Ultimate,0,0,2,Water,False,False,,
3417,Biskyra,303,666,Aquasida: Central,B,Boss,Nightmare,0,0,2,Water,False,False,,
3416,Biskyra,293,666,Aquasida: Central,B,Boss,Hard,0,0,2,Water,False,False,,
3415,Biskyra,283,666,Aquasida: Central,B,Boss,Normal,0,0,2,Water,False,False,,
3414,Biskyra,273,666,Aquasida: Central,B,Boss,Easy,0,0,2,Water,False,False,,
3413,Menti,320,601,Eumano Village Ruins: Central,B,Boss,Ultimate,0,0,4,Earth,False,False,,
3412,Menti,300,601,Eumano Village Ruins: Central,B,Boss,Nightmare,0,0,4,Earth,False,False,,
3411,Menti,290,601,Eumano Village Ruins: Central,B,Boss,Hard,0,0,4,Earth,False,False,,
3410,Menti,280,601,Eumano Village Ruins: Central,B,Boss,Normal,0,0,4,Earth,False,False,,
3409,Menti,270,601,Eumano Village Ruins: Central,B,Boss,Easy,0,0,4,Earth,False,False,,
3408,Deformis,317,601,Eumano Village Ruins: Central,B,Boss,Ultimate,0,0,4,Earth,False,False,,
3407,Deformis,297,601,Eumano Village Ruins: Central,B,Boss,Nightmare,0,0,4,Earth,False,False,,
3406,Deformis,287,601,Eumano Village Ruins: Central,B,Boss,Hard,0,0,4,Earth,False,False,,
3405,Deformis,277,601,Eumano Village Ruins: Central,B,Boss,Normal,0,0,4,Earth,False,False,,
3404,Deformis,267,601,Eumano Village Ruins: Central,B,Boss,Easy,0,0,4,Earth,False,False,,
3403,Mulgoon,314,592,Menabra Plains,B,Boss,Ultimate,0,0,5,Dark,False,False,,
3402,Mulgoon,294,592,Menabra Plains,B,Boss,Nightmare,0,0,5,Dark,False,False,,
3401,Mulgoon,284,592,Menabra Plains,B,Boss,Hard,0,0,5,Dark,False,False,,
3400,Mulgoon,274,592,Menabra Plains,B,Boss,Normal,0,0,5,Dark,False,False,,
3399,Mulgoon,264,592,Menabra Plains,B,Boss,Easy,0,0,5,Dark,False,False,,
3398,Gioco,357,665,Fango Village,B,Boss,Ultimate,0,0,5,Dark,False,False,,
3397,Gioco,337,665,Fango Village,B,Boss,Nightmare,0,0,5,Dark,False,False,,
3396,Gioco,327,665,Fango Village,B,Boss,Hard,0,0,5,Dark,False,False,,
3395,Gioco,317,665,Fango Village,B,Boss,Normal,0,0,5,Dark,False,False,,
3394,Gioco,307,665,Fango Village,B,Boss,Easy,0,0,5,Dark,False,False,,
3393,Puiet,344,664,Rode Zag Range: Spirit Tree Sanctum,B,Boss,Ultimate,0,0,4,Earth,False,False,,
3392,Puiet,324,664,Rode Zag Range: Spirit Tree Sanctum,B,Boss,Nightmare,0,0,4,Earth,False,False,,
3391,Puiet,314,664,Rode Zag Range: Spirit Tree Sanctum,B,Boss,Hard,0,0,4,Earth,False,False,,
3390,Puiet,304,664,Rode Zag Range: Spirit Tree Sanctum,B,Boss,Normal,0,0,4,Earth,False,False,,
3389,Puiet,294,664,Rode Zag Range: Spirit Tree Sanctum,B,Boss,Easy,0,0,4,Earth,False,False,,
3388,Goudvis,341,663,Raden Tower: Air Vent Exit,B,Boss,Ultimate,0,0,6,Light,False,False,,
3387,Goudvis,321,663,Raden Tower: Air Vent Exit,B,Boss,Nightmare,0,0,6,Light,False,False,,
3386,Goudvis,311,663,Raden Tower: Air Vent Exit,B,Boss,Hard,0,0,6,Light,False,False,,
3385,Goudvis,301,663,Raden Tower: Air Vent Exit,B,Boss,Normal,0,0,6,Light,False,False,,
3384,Goudvis,291,663,Raden Tower: Air Vent Exit,B,Boss,Easy,0,0,6,Light,False,False,,
3383,Gula,338,662,Raden Tower: Top Floor,B,Boss,Ultimate,0,0,2,Water,False,False,,
3382,Gula,318,662,Raden Tower: Top Floor,B,Boss,Nightmare,0,0,2,Water,False,False,,
3381,Gula,308,662,Raden Tower: Top Floor,B,Boss,Hard,0,0,2,Water,False,False,,
3380,Gula,298,662,Raden Tower: Top Floor,B,Boss,Normal,0,0,2,Water,False,False,,
3379,Gula,288,662,Raden Tower: Top Floor,B,Boss,Easy,0,0,2,Water,False,False,,
3378,Rondine,335,661,Nebbia Coast: Rocky Area,B,Boss,Ultimate,0,0,3,Wind,False,False,,
3377,Rondine,315,661,Nebbia Coast: Rocky Area,B,Boss,Nightmare,0,0,3,Wind,False,False,,
3376,Rondine,305,661,Nebbia Coast: Rocky Area,B,Boss,Hard,0,0,3,Wind,False,False,,
3375,Rondine,295,661,Nebbia Coast: Rocky Area,B,Boss,Normal,0,0,3,Wind,False,False,,
3374,Rondine,285,661,Nebbia Coast: Rocky Area,B,Boss,Easy,0,0,3,Wind,False,False,,
3373,Bakuzan,332,660,Afdal Uplands: Summit,B,Boss,Ultimate,0,0,0,Neutral,False,False,,
3372,Bakuzan,312,660,Afdal Uplands: Summit,B,Boss,Nightmare,0,0,0,Neutral,False,False,,
3371,Bakuzan,302,660,Afdal Uplands: Summit,B,Boss,Hard,0,0,0,Neutral,False,False,,
3370,Bakuzan,292,660,Afdal Uplands: Summit,B,Boss,Normal,0,0,0,Neutral,False,False,,
3369,Bakuzan,282,660,Afdal Uplands: Summit,B,Boss,Easy,0,0,0,Neutral,False,False,,
3368,Ophy,0,659,Avanclain Shrine,B,Boss,Easy,0,0,-1,Unknown,False,True,,
3363,Baratok,350,657,Grazen Tower : Top Floor,B,Boss,Ultimate,-1,-1,1,Fire,False,False,Update 02/26/26,
3362,Baratok,330,657,Grazen Tower : Top Floor,B,Boss,Nightmare,-1,-1,1,Fire,False,False,Update 02/26/26,
3361,Baratok,320,657,Grazen Tower : Top Floor,B,Boss,Very Hard,-1,-1,1,Fire,False,False,Update 02/26/26,
3360,Baratok,310,657,Grazen Tower : Top Floor,B,Boss,Hard,14000000,-1,1,Fire,False,False,Update 02/26/26,
3359,Baratok,300,657,Grazen Tower : Top Floor,B,Boss,Normal,-1,-1,1,Fire,False,False,Update 02/26/26,
3358,Aralago,338,656,Grazen Forecourt,M,Mini Boss,Normal,-1,-1,1,Fire,False,False,Update 02/26/26,
3357,Mortares,345,655,Izolara Underground Passage : Hidden Passage,B,Boss,Ultimate,-1,-1,4,Earth,False,False,Update 02/26/26,
3356,Mortares,325,655,Izolara Underground Passage : Hidden Passage,B,Boss,Very Hard,-1,-1,4,Earth,False,False,Update 02/26/26,
3355,Mortares,315,655,Izolara Underground Passage : Hidden Passage,B,Boss,Hard,-1,-1,4,Earth,False,False,Update 02/26/26,
3354,Mortares,305,655,Izolara Underground Passage : Hidden Passage,B,Boss,Normal,-1,-1,4,Earth,False,False,Update 02/26/26,
3353,Chefiluro,242,654,Dycan Lake Swamp,M,Mini Boss,Normal,-1,-1,1,Fire,True,True,White Day 2026,White Day 2026 event tameable monster.
3352,Creem,241,654,Dycan Lake Swamp,M,Mini Boss,Normal,-1,-1,2,Water,True,True,White Day 2026,White Day 2026 event tameable monster.
3351,Yuran,240,654,Dycan Lake Swamp,M,Mini Boss,Normal,-1,-1,4,Earth,True,True,White Day 2026,White Day 2026 event tameable monster.
3350,Mycodian,300,653,Ancient Exhibition Grounds,B,Boss,Very Hard,-1,-1,4,Earth,False,True,White Day 2026,White Day 2026 event boss.
3349,Mycodian,270,653,Ancient Exhibition Grounds,B,Boss,Hard,-1,-1,4,Earth,False,True,White Day 2026,White Day 2026 event boss.
3348,Mycodian,240,653,Ancient Exhibition Grounds,B,Boss,Normal,-1,-1,4,Earth,False,True,White Day 2026,White Day 2026 event boss.
3347,Breeta (Very Hard),280,643,Day Sakura Garden,B,Boss,Very Hard,20000000,82000,5,Dark,False,False,,
3346,Breeta (Hard),260,643,Day Sakura Garden,B,Boss,Hard,13200000,51480,5,Dark,False,False,,
3345,Breeta (Normal),240,643,Day Sakura Garden,B,Boss,Normal,8860000,35900,5,Dark,False,False,,
3344,Breeta (Easy),220,643,Day Sakura Garden,B,Boss,Easy,5580000,23200,5,Dark,False,False,,
3334,Goblin Zucotto (Coffee),310,640,Anglaise Forest,B,Boss,Coffee,29600000,109700,5,Dark,False,False,,
3333,Goblin Zucotto (Choco),280,640,Anglaise Forest,B,Boss,Choco,17240020,64370,5,Dark,False,False,,
3332,Goblin Zucotto (Cocoa),250,640,Anglaise Forest,B,Boss,Cocoa,10880000,43337,5,Dark,False,False,,
3331,Goblin Zucotto (Plain),220,640,Anglaise Forest,B,Boss,Plain,6390000,27100,5,Dark,False,False,,
3330,Gegner,400,639,Tower of Clamor: Rooftop,B,Boss,???,200000000,120000,5,Dark,False,False,,
3329,Gegner,270,639,Tower of Clamor: Rooftop,B,Boss,Very Hard,26000000,79200,5,Dark,False,False,,
3328,Gegner,250,639,Tower of Clamor: Rooftop,B,Boss,Hard,11000000,46250,5,Dark,False,False,,
3327,Gegner,230,639,Tower of Clamor: Rooftop,B,Boss,Normal,7300000,31770,5,Dark,False,False,,
3326,Gegner,210,639,Tower of Clamor: Rooftop,B,Boss,Easy,4440000,20000,5,Dark,False,False,,
3325,Diark,270,634,Tower of Clamor: Area 3 (230-234),M,Mini Boss,,-1,63800,5,Dark,False,False,,
3297,Biskyva,323,624,Aquastida Central,B,Boss,Ultimate,93920000,357720,2,Water,False,False,,
3296,Biskyva,303,624,Aquastida Central,B,Boss,Nightmare,46960000,178860,2,Water,False,False,,
3295,Biskyva,293,624,Aquastida Central,B,Boss,Hard,18784000,71544,2,Water,False,False,,
3294,Biskyva,283,624,Aquastida Central,B,Boss,Normal,9392000,35772,2,Water,False,False,,
3293,Biskyva,273,624,Aquastida Central,B,Boss,Easy,939200,3577,2,Water,False,False,,
3292,Meduso,311,623,Aquastida Inner Ward,M,Mini Boss,Normal,-1,84508,2,Water,False,False,,
3275,Castilia,310,404,High Difficulty Boss Battle Event Venue,B,Boss,,-1,-1,0,Neutral,False,True,,
3274,Etoise,290,404,High Difficulty Boss Battle Event Venue,B,Boss,Normal,-1,-1,5,Dark,False,True,,
3273,Etoise,280,404,High Difficulty Boss Battle Event Venue,B,Boss,Normal,-1,-1,5,Dark,False,True,,
3272,Etoise,275,404,High Difficulty Boss Battle Event Venue,B,Boss,Normal,-1,-1,5,Dark,False,True,,
3271,Dandolion,308,619,Umidus Valley: Cliff Path,M,Mini Boss,,0,83000,2,Water,False,False,,
3243,Bemoz,300,613,Deusania's Lab Innermost Chambers ,B,Boss,Very Hard,100000000,151800,4,Earth,False,False,,
3242,Bemoz,275,613,Deusania's Lab Innermost Chambers ,B,Boss,Hard,30000000,62440,4,Earth,False,False,,
3241,Bemoz,250,613,Deusania's Lab Innermost Chambers ,B,Boss,Normal,20000000,43360,4,Earth,False,False,,
3240,Bemoz,225,613,Deusania's Lab Innermost Chambers ,B,Boss,Easy,8800000,28180,4,Earth,False,False,,
3228,Wiltileaf,305,599,Eumano Village Ruins: Area 2,M,Mini Boss,Easy,0,6538,1,Fire,False,False,,
3201,Meteora,302,592,Menabra Plains,M,Mini Boss,Easy,0,74656,1,Fire,False,False,,
3196,Torexesa,309,591,Aquacity: Parliament Hall,B,Boss,Ultimate,100000000,415000,5,Dark,False,False,,
3195,Torexesa,289,591,Aquacity: Parliament Hall,B,Boss,Nightmare,50000000,207500,5,Dark,False,False,,
3194,Torexesa,279,591,Aquacity: Parliament Hall,B,Boss,Hard,20000000,83000,5,Dark,False,False,,
3193,Torexesa,259,591,Aquacity: Parliament Hall,B,Boss,Easy,1000000,4150,5,Dark,False,False,,
3172,Doridodi,296,588,Marinatown: Area 2,B,Boss,Ultimate,0,74130,2,Water,False,False,,
3165,Humida,311,590,Marinatown: Giant Plastida,B,Boss,Ultimate,90000000,343000,2,Water,False,False,,
3164,Humida,291,590,Marinatown: Giant Plastida,B,Boss,Nightmare,45000000,171500,0,Neutral,False,False,,
3163,Humida,281,590,Marinatown: Giant Plastida,B,Boss,Hard,18000000,68600,2,Water,False,False,,
3162,Humida,261,590,Marinatown: Giant Plastida,B,Boss,Easy,900000,3430,2,Water,False,False,,
3155,Vatudo,305,576,Deep Sea: Deepest Zone,B,Boss,Ultimate,74600000,298000,5,Dark,False,False,,
3154,Vatudo,285,576,Deep Sea: Deepest Zone,B,Boss,Nightmare,37300000,149000,5,Dark,False,False,,
3153,Vatudo,275,576,Deep Sea: Deepest Zone,B,Boss,Hard,14920000,59600,5,Dark,False,False,,
3152,Vatudo,255,576,Deep Sea: Deepest Zone,B,Boss,Easy,746000,2980,5,Dark,False,False,,
3147,Bangrudom (Plain),200,511,El Scaro: Back Alley,B,Boss,Normal,5000000,22600,4,Earth,False,False,,
3146,Bangrudom (Cocoa),230,511,El Scaro: Back Alley,B,Boss,Hard,8880000,37620,4,Earth,False,False,,
3145,Bangrudom (Choco),260,511,El Scaro: Back Alley,B,Boss,Nightmare,14400000,56600,4,Earth,False,False,,
3143,Bangrudom (Coffee),290,511,El Scaro: Back Alley,B,Boss,Ultimate,26600000,99600,4,Earth,False,False,,
3142,Raging Dragon Bovinari,308,584,Little Shrine of Grace Sanctuary,B,Boss,Ultimate,84000000,336000,3,Wind,False,False,,
3141,Raging Dragon Bovinari,288,584,Little Shrine of Grace Sanctuary,B,Boss,Nightmare,42000000,168000,3,Wind,False,False,,
3140,Raging Dragon Bovinari,278,584,Little Shrine of Grace Sanctuary,B,Boss,Hard,16800000,67200,3,Wind,False,False,,
3139,Raging Dragon Bovinari,258,584,Little Shrine of Grace Sanctuary,B,Boss,Easy,840000,3360,3,Wind,False,False,,
3131,Limacina,290,574,Deep Sea: Zone 2,M,Mini Boss,Ultimate,0,71600,1,Fire,False,False,,
3128,Don Profundo,302,554,Abandoned District: Ruins Summit,B,Boss,Ultimate,68000000,260000,2,Water,False,False,,
3127,Don Profundo,282,554,Abandoned District: Ruins Summit,B,Boss,Nightmare,34000000,130000,2,Water,False,False,,
3126,Don Profundo,272,554,Abandoned District: Ruins Summit,B,Boss,Hard,13600000,52000,2,Water,False,False,,
3125,Don Profundo,262,554,Abandoned District: Ruins Summit,B,Boss,Normal,6800000,26000,2,Water,False,False,,
3124,Don Profundo,252,554,Abandoned District: Ruins Summit,B,Boss,Easy,680000,2600,2,Water,False,False,,
3123,Capo Profundo,287,553,Abandoned District: Area 3,M,Mini Boss,Normal,15800000,60500,2,Water,False,False,,
3106,Altadar,290,404,High Difficulty Boss Battle Event Venue,B,Boss,Normal,-1,-1,3,Wind,False,False,,
3105,Eripmav (Very Hard),275,549,Risus Valley: Depths,B,Boss,Normal,30000000,120000,5,Dark,False,True,,
3104,Eripmav (Hard),250,549,Risus Valley: Depths,B,Boss,Normal,11000000,43400,5,Dark,False,True,,
3103,Eripmav (Normal),225,549,Risus Valley: Depths,B,Boss,Normal,7000000,28200,5,Dark,False,True,,
3102,Eripmav (Easy),200,549,Risus Valley: Depths,B,Boss,Normal,4000000,16500,5,Dark,False,True,,
3099,Kuffania,250,547,Risus Valley: Area 2,M,Mini Boss,Normal,-1,55900,5,Dark,False,True,,
3097,Red Ash Dragon Rudis,299,544,Espuma Dome: Entrance,B,Boss,Ultimate,63000000,246000,4,Earth,False,False,,
3096,Red Ash Dragon Rudis,279,544,Espuma Dome: Entrance,B,Boss,Nightmare,31500000,123000,4,Earth,False,False,,
3095,Red Ash Dragon Rudis,269,544,Espuma Dome: Entrance,B,Boss,Hard,12600000,49200,4,Earth,False,False,,
3094,Red Ash Dragon Rudis,259,544,Espuma Dome: Entrance,B,Boss,Normal,6300000,24600,4,Earth,False,False,,
3093,Red Ash Dragon Rudis,249,544,Espuma Dome: Entrance,B,Boss,Easy,630000,2460,4,Earth,False,False,,
3089,Fantica,284,542,Espuma Dome: Area 2,M,Mini Boss,Normal,14777385,55153,2,Water,False,False,,
3077,Aubergine Dragon Auvio,275,7,Rakau Plains,B,Boss,Ultimate,74000000,330000,4,Earth,False,True,,
3076,Aubergine Dragon Auvio,255,7,Rakau Plains,B,Boss,Nightmare,37000000,165000,4,Earth,False,True,,
3075,Aubergine Dragon Auvio,245,7,Rakau Plains,B,Boss,Hard,14800000,66000,4,Earth,False,True,,
3074,Aubergine Dragon Auvio,235,7,Rakau Plains,B,Boss,Normal,7400000,33000,4,Earth,False,True,,
3072,Falburrows (High Difficulty),295,539,Saltau's Beach (Night),B,Boss,Ultimate,136000000,550000,5,Dark,False,True,,
3071,Falburrows (High Difficulty),275,539,Saltau's Beach (Night),B,Boss,Nightmare,68000000,275000,5,Dark,False,True,,
3070,Falburrows (High Difficulty),265,539,Saltau's Beach (Night),B,Boss,Hard,27200000,110000,5,Dark,False,True,,
3069,Falburrows (High Difficulty),255,539,Saltau's Beach (Night),B,Boss,Normal,13600000,55000,5,Dark,False,True,,
3068,Falburrows (High Difficulty),245,539,Saltau's Beach (Night),B,Boss,Easy,1360000,5500,5,Dark,False,True,,
3067,Megiston (8th Anniv),325,538,Anniversary Arena: 8th Venue,B,Boss,Ultimate,370000000,3000000,1,Fire,False,True,,
3066,Megiston (8th Anniv),305,538,Anniversary Arena: 8th Venue,B,Boss,Nightmare,185000000,1500000,1,Fire,False,True,,
3065,Megiston (8th Anniv),295,538,Anniversary Arena: 8th Venue,B,Boss,Hard,74000000,600000,1,Fire,False,True,,
3064,Megiston (8th Anniv),285,538,Anniversary Arena: 8th Venue,B,Boss,Normal,37000000,300000,1,Fire,False,True,,
3063,Falburrows,255,539,Saltau's Beach (Night),B,Boss,Ultimate,74800000,335600,5,Dark,False,True,,
3062,Falburrows,235,539,Saltau's Beach (Night),B,Boss,Nightmare,37400000,167800,5,Dark,False,True,,
3061,Falburrows,225,539,Saltau's Beach (Night),B,Boss,Hard,14960000,67120,5,Dark,False,True,,
3060,Falburrows,215,539,Saltau's Beach (Night),B,Boss,Normal,7480000,33560,5,Dark,False,True,,
3059,Falburrows,205,539,Saltau's Beach (Night),B,Boss,Easy,748000,3356,5,Dark,False,True,,
3045,Zapo,296,537,Puerta Islands: Adit,B,Boss,Ultimate,57000000,221000,2,Water,False,False,,
3044,Zapo,276,537,Puerta Islands: Adit,B,Boss,Nightmare,28500000,110500,2,Water,False,False,,
3043,Zapo,266,537,Puerta Islands: Adit,B,Boss,Hard,11400000,44200,2,Water,False,False,,
3042,Zapo,256,537,Puerta Islands: Adit,B,Boss,Normal,5700000,22100,2,Water,False,False,,
3041,Zapo,246,537,Puerta Islands: Adit,B,Boss,Easy,570000,2210,2,Water,False,False,,
3037,Vodre,281,535,Puerta Islands: Area 2,M,Mini Boss,Normal,-1,67680,2,Water,False,False,,
3024,Etoise,285,404,High Difficulty Boss Battle Event Venue,B,Boss,Normal,-1,-1,5,Dark,False,True,,
3023,Dominaredor,293,532,Frozen Falls: Depths,B,Boss,Ultimate,80000000,325000,5,Dark,False,False,,
3022,Dominaredor,273,532,Frozen Falls: Depths,B,Boss,Nightmare,40000000,162500,5,Dark,False,False,,
3021,Dominaredor,263,532,Frozen Falls: Depths,B,Boss,Hard,16000000,65000,5,Dark,False,False,,
3020,Dominaredor,253,532,Frozen Falls: Depths,B,Boss,Normal,8000000,32500,5,Dark,False,False,,
3019,Dominaredor,243,532,Frozen Falls: Depths,B,Boss,Easy,800000,3250,5,Dark,False,False,,
3012,Lilicarolla,278,529,Frozen Falls: Area 1,M,Mini Boss,Normal,14480000,57750,5,Dark,False,False,,
3003,Dr. Leonardo (DX Subcontractor),325,527,Eagle Talon Collab Venue,B,Boss,Ultimate,140000000,930000,6,Light,False,True,,
3002,Dr. Leonardo (DX Subcontractor),305,527,Eagle Talon Collab Venue,B,Boss,Nightmare,70000000,465000,6,Light,False,True,,
3001,Dr. Leonardo (DX Subcontractor),295,527,Eagle Talon Collab Venue,B,Boss,Hard,28000000,186000,6,Light,False,True,,
3000,Dr. Leonardo (DX Subcontractor),285,527,Eagle Talon Collab Venue,B,Boss,Normal,14000000,93000,6,Light,False,True,,
2999,Dr. Leonardo (Subcontractor),275,527,Eagle Talon Collab Venue,B,Boss,Ultimate,60000000,480000,6,Light,False,True,,
2998,Dr. Leonardo (Subcontractor),255,527,Eagle Talon Collab Venue,B,Boss,Nightmare,30000000,240000,6,Light,False,True,,
2997,Dr. Leonardo (Subcontractor),245,527,Eagle Talon Collab Venue,B,Boss,Hard,12000000,96000,6,Light,False,True,,
2996,Dr. Leonardo (Subcontractor),235,527,Eagle Talon Collab Venue,B,Boss,Normal,6000000,48000,6,Light,False,True,,
2994,DX Fighter (Shostakovich),230,527,Eagle Talon Collab Venue,B,Boss,Ultimate,54000000,260000,6,Light,False,True,,
2993,DX Fighter (Shostakovich),210,527,Eagle Talon Collab Venue,B,Boss,Nightmare,27000000,130000,6,Light,False,True,,
2992,DX Fighter (Shostakovich),200,527,Eagle Talon Collab Venue,B,Boss,Hard,10800000,52000,6,Light,False,True,,
2991,DX Fighter (Shostakovich),190,527,Eagle Talon Collab Venue,B,Boss,Normal,5400000,26000,6,Light,False,True,,
2990,DX Fighter (Deluxe),180,527,Eagle Talon Collab Venue,B,Boss,Ultimate,18000000,120000,6,Light,False,True,,
2989,DX Fighter (Deluxe),160,527,Eagle Talon Collab Venue,B,Boss,Nightmare,9000000,60000,6,Light,False,True,,
2988,DX Fighter (Deluxe),150,527,Eagle Talon Collab Venue,B,Boss,Hard,3600000,24000,6,Light,False,True,,
2987,DX Fighter (Deluxe),140,527,Eagle Talon Collab Venue,B,Boss,Normal,1800000,12000,6,Light,False,True,,
2986,DX Fighter (Fighter),130,527,Eagle Talon Collab Venue,B,Boss,Ultimate,3300000,38000,6,Light,False,True,,
2985,DX Fighter (Fighter),110,527,Eagle Talon Collab Venue,B,Boss,Nightmare,1650000,19000,6,Light,False,True,,
2984,DX Fighter (Fighter),100,527,Eagle Talon Collab Venue,B,Boss,Hard,660000,7600,6,Light,False,True,,
2983,DX Fighter (Fighter),90,527,Eagle Talon Collab Venue,B,Boss,Normal,330000,3800,6,Light,False,True,,
2982,DX Fighter (Anthony),80,527,Eagle Talon Collab Venue,B,Boss,Ultimate,320000,6200,6,Light,False,True,,
2981,DX Fighter (Anthony),60,527,Eagle Talon Collab Venue,B,Boss,Nightmare,160000,3100,6,Light,False,True,,
2980,DX Fighter (Anthony),50,527,Eagle Talon Collab Venue,B,Boss,Hard,64000,1240,6,Light,False,True,,
2979,DX Fighter (Anthony),40,527,Eagle Talon Collab Venue,B,Boss,Normal,32000,620,6,Light,False,True,,
2978,DX Fighter (Anthony),30,527,Eagle Talon Collab Venue,B,Boss,Easy,3200,62,6,Light,False,True,,
2977,Dr. Leonardo (Genius),220,527,Eagle Talon Collab Venue,B,Boss,Ultimate,40000000,210000,1,Fire,False,True,,
2976,Dr. Leonardo (Genius),200,527,Eagle Talon Collab Venue,B,Boss,Nightmare,20000000,105000,1,Fire,False,True,,
2975,Dr. Leonardo (Genius),190,527,Eagle Talon Collab Venue,B,Boss,Hard,8000000,42000,1,Fire,False,True,,
2974,Dr. Leonardo (Genius),180,527,Eagle Talon Collab Venue,B,Boss,Normal,4000000,21000,1,Fire,False,True,,
2973,Dr. Leonardo (Doctor),170,527,Eagle Talon Collab Venue,B,Boss,Ultimate,13000000,95000,1,Fire,False,True,,
2972,Dr. Leonardo (Doctor),150,527,Eagle Talon Collab Venue,B,Boss,Nightmare,6500000,47500,1,Fire,False,True,,
2971,Dr. Leonardo (Doctor),140,527,Eagle Talon Collab Venue,B,Boss,Hard,2600000,19000,1,Fire,False,True,,
2970,Dr. Leonardo (Doctor),130,527,Eagle Talon Collab Venue,B,Boss,Normal,1300000,9500,1,Fire,False,True,,
2969,Dr. Leonardo (Master),120,527,Eagle Talon Collab Venue,B,Boss,Ultimate,2200000,29000,1,Fire,False,True,,
2968,Dr. Leonardo (Master),100,527,Eagle Talon Collab Venue,B,Boss,Nightmare,1100000,14500,1,Fire,False,True,,
2967,Dr. Leonardo (Master),90,527,Eagle Talon Collab Venue,B,Boss,Hard,440000,5800,1,Fire,False,True,,
2966,Dr. Leonardo (Master),80,527,Eagle Talon Collab Venue,B,Boss,Normal,220000,2900,1,Fire,False,True,,
2965,Dr. Leonardo (Bachelor),70,527,Eagle Talon Collab Venue,B,Boss,Ultimate,160000,4000,1,Fire,False,True,,
2964,Dr. Leonardo (Bachelor),50,527,Eagle Talon Collab Venue,B,Boss,Nightmare,80000,2000,1,Fire,False,True,,
2963,Dr. Leonardo (Bachelor),40,527,Eagle Talon Collab Venue,B,Boss,Hard,32000,800,1,Fire,False,True,,
2962,Dr. Leonardo (Bachelor),30,527,Eagle Talon Collab Venue,B,Boss,Normal,16000,400,1,Fire,False,True,,
2961,Dr. Leonardo (Bachelor),20,527,Eagle Talon Collab Venue,B,Boss,Easy,1600,40,1,Fire,False,True,,
2960,Brass Dragon Reguita,290,526,Boma Konda: Village Center,B,Boss,Ultimate,70000000,289000,0,Neutral,False,False,,
2959,Brass Dragon Reguita,270,526,Boma Konda: Village Center,B,Boss,Nightmare,35000000,144500,0,Neutral,False,False,,
2958,Brass Dragon Reguita,260,526,Boma Konda: Village Center,B,Boss,Hard,14000000,57800,0,Neutral,False,False,,
2957,Brass Dragon Reguita,250,526,Boma Konda: Village Center,B,Boss,Normal,7000000,28900,0,Neutral,False,False,,
2956,Brass Dragon Reguita,240,526,Boma Konda: Village Center,B,Boss,Easy,700000,2890,0,Neutral,False,False,,
2955,Charugon,275,525,Boma Konda: Underground Area,M,Mini Boss,Normal,19100000,76600,1,Fire,False,False,,
2944,Walican,287,523,Jabali Kubwa: Summit,B,Boss,Ultimate,62600000,264000,3,Wind,False,False,,
2943,Walican,267,523,Jabali Kubwa: Summit,B,Boss,Nightmare,31300000,132000,3,Wind,False,False,,
2942,Walican,257,523,Jabali Kubwa: Summit,B,Boss,Hard,12520000,52800,3,Wind,False,False,,
2941,Walican,247,523,Jabali Kubwa: Summit,B,Boss,Normal,6260000,26400,3,Wind,False,False,,
2940,Walican,237,523,Jabali Kubwa: Summit,B,Boss,Easy,626000,2640,3,Wind,False,False,,
2930,Orictoceras,272,519,Kabla Jabali,M,Mini Boss,Normal,13500000,51200,4,Earth,False,False,,
2924,Broker Goblin (Coffee),270,511,El Scaro: Back Alley,B,Boss,Ultimate,1310000,49500,5,Dark,False,True,,
2923,Broker Goblin (Choco),240,511,El Scaro: Back Alley,B,Boss,Nightmare,985000,40000,5,Dark,False,True,,
2922,Broker Goblin (Cocoa),210,511,El Scaro: Back Alley,B,Boss,Hard,714000,32000,5,Dark,False,True,,
2921,Broker Goblin (Plain),180,511,El Scaro: Back Alley,B,Boss,Normal,495000,24000,5,Dark,False,True,,
2917,Wicked Dragon Fazzino,284,518,Propulsion System Room,B,Boss,Ultimate,61000000,258700,5,Dark,False,False,,
2916,Wicked Dragon Fazzino,264,518,Propulsion System Room,B,Boss,Nightmare,30500000,129350,5,Dark,False,False,,
2915,Wicked Dragon Fazzino,254,518,Propulsion System Room,B,Boss,Hard,12200000,51740,5,Dark,False,False,,
2914,Wicked Dragon Fazzino,244,518,Propulsion System Room,B,Boss,Normal,6100000,25870,5,Dark,False,False,,
2913,Wicked Dragon Fazzino,234,518,Propulsion System Room,B,Boss,Easy,610000,2587,5,Dark,False,False,,
2912,Trus,269,517,Propulsion System Zone: Power Tank,M,Mini Boss,Normal,12800000,98000,1,Fire,False,False,,
2905,Baavgai (Nightmare),260,514,Mt. Sakuraten: Summit,B,Boss,Nightmare,19160000,77220,4,Earth,False,True,,
2904,Baavgai (Hard),240,514,Mt. Sakuraten: Summit,B,Boss,Hard,11800000,49000,4,Earth,False,True,,
2903,Baavgai (Normal),220,514,Mt. Sakuraten: Summit,B,Boss,Normal,8000000,34850,4,Earth,False,True,,
2902,Baavgai (Easy),200,514,Mt. Sakuraten: Summit,B,Boss,Easy,5000000,23100,4,Earth,False,True,,
2896,Sicanokami,310,511,El Scaro: Back Alley,B,Boss,Ultimate,79000000,1100000,3,Wind,False,True,,
2895,Sicanokami,290,511,El Scaro: Back Alley,B,Boss,Nightmare,39500000,550000,3,Wind,False,True,,
2894,Sicanokami,280,511,El Scaro: Back Alley,B,Boss,Hard,15800000,220000,3,Wind,False,True,,
2893,Sicanokami,270,511,El Scaro: Back Alley,B,Boss,Normal,7900000,110000,3,Wind,False,True,,
2892,Mage Filecia (Coffee),280,511,El Scaro: Back Alley,B,Boss,Ultimate,17000000,64400,0,Neutral,False,True,,
2891,Mage Filecia (Choco),250,511,El Scaro: Back Alley,B,Boss,Nightmare,13000000,53000,0,Neutral,False,True,,
2890,Mage Filecia (Cocoa),220,511,El Scaro: Back Alley,B,Boss,Hard,8000000,35000,0,Neutral,False,True,,
2889,Mage Filecia (Plain),190,511,El Scaro: Back Alley,B,Boss,Normal,4500000,20000,0,Neutral,False,True,,
2883,P. Avatar (2023),400,87,Event,B,Boss,Normal,10000000,1,0,Neutral,False,True,,
2879,Lunadore,50,87,Event,B,Boss,Ultimate,400000,3000,6,Light,False,True,,
2878,Lunadore,30,87,Event,B,Boss,Nightmare,200000,1500,6,Light,False,True,,
2877,Lunadore,20,87,Event,B,Boss,Hard,80000,600,6,Light,False,True,,
2876,Lunadore,10,87,Event,B,Boss,Normal,40000,300,6,Light,False,True,,
2875,Lunadore,1,87,Event,B,Boss,Easy,4000,30,6,Light,False,True,,
2874,Zega (Megiston 2022),260,87,Event,B,Boss,Normal,12000000,103000,2,Water,False,True,,
2873,Guard Golem (Megiston 2022),250,87,Event,B,Boss,Normal,11500000,48200,4,Earth,False,True,,
2872,War Dragon Turba (Megiston 2022),240,87,Event,B,Boss,Normal,5000000,36000,4,Earth,False,True,,
2871,Vlam the Flame Dragon (Megiston 2022),230,87,Event,B,Boss,Normal,7100000,31000,1,Fire,False,True,,
2870,Junior Dragon Zyvio (Megiston 2022),220,87,Event,B,Boss,Normal,5550000,25555,0,Neutral,False,True,,
2864,Illuminitor,250,505,Illuminare City: Route 1 (210-230),M,Mini Boss,Normal,-1,45300,2,Water,False,True,,
2863,Black Velly (Very Hard),250,508,Illuminare City: Central Square,B,Boss,Normal,9500000,41000,2,Water,False,True,,
2862,Black Velly (Hard),230,508,Illuminare City: Central Square,B,Boss,Normal,8000000,36000,2,Water,False,True,,
2861,Black Velly (Normal),210,508,Illuminare City: Central Square,B,Boss,Normal,6450000,31000,2,Water,False,True,,
2860,Black Velly (Easy),190,508,Illuminare City: Central Square,B,Boss,Normal,5100000,25000,2,Water,False,True,,
2823,Hero Potum Party (13M DL),240,399,Archfiend's Throne,B,Boss,Ultimate,50000000,264000,6,Light,False,True,,
2822,Hero Potum Party (13M DL),220,399,Archfiend's Throne,B,Boss,Nightmare,25000000,132000,6,Light,False,True,,
2821,Hero Potum Party (13M DL),210,399,Archfiend's Throne,B,Boss,Hard,10000000,52800,6,Light,False,True,,
2820,Hero Potum Party (13M DL),200,399,Archfiend's Throne,B,Boss,Normal,5000000,26400,6,Light,False,True,,
2819,Hero Potum Party (13M DL),190,399,Archfiend's Throne,B,Boss,Easy,500000,2640,6,Light,False,True,,
2818,Filrocas,281,498,Royal Dragon Cocoon Chamber,B,Boss,Ultimate,57600000,244000,1,Fire,False,False,,
2817,Filrocas,261,498,Royal Dragon Cocoon Chamber,B,Boss,Nightmare,28800000,122000,1,Fire,False,False,,
2816,Filrocas,251,498,Royal Dragon Cocoon Chamber,B,Boss,Hard,11520000,48800,1,Fire,False,False,,
2815,Filrocas,241,498,Royal Dragon Cocoon Chamber,B,Boss,Normal,5760000,24400,1,Fire,False,False,,
2814,Filrocas,231,498,Royal Dragon Cocoon Chamber,B,Boss,Easy,576000,2440,1,Fire,False,False,,
2807,Exdocus,266,495,Stairway to Vital Point,M,Mini Boss,Normal,-1,50286,5,Dark,False,False,,
2800,Stellar Ooze (Hell),270,87,Event,B,Boss,Normal,70000000,209000,6,Light,False,True,,
2799,Trickster Dragon Mimyugon,278,494,Operation Zone: Cockpit Area,B,Boss,Ultimate,54000000,226000,4,Earth,False,False,,
2798,Trickster Dragon Mimyugon,258,494,Operation Zone: Cockpit Area,B,Boss,Nightmare,27000000,113000,4,Earth,False,False,,
2797,Trickster Dragon Mimyugon,248,494,Operation Zone: Cockpit Area,B,Boss,Hard,10800000,45200,4,Earth,False,False,,
2796,Trickster Dragon Mimyugon,238,494,Operation Zone: Cockpit Area,B,Boss,Normal,5400000,22600,4,Earth,False,False,,
2795,Trickster Dragon Mimyugon,228,494,Operation Zone: Cockpit Area,B,Boss,Easy,540000,2260,4,Earth,False,False,,
2794,Brassozard,263,493,Operation Zone: Climate Control Area,M,Mini Boss,Normal,-1,42200,4,Earth,False,False,,
2779,Sibylares (Very Hard),250,489,Phasma Forest: Area 3,B,Boss,Normal,6500000,26500,0,Neutral,False,True,,
2778,Sibylares (Hard),225,489,Phasma Forest: Area 3,B,Boss,Normal,5000000,22200,0,Neutral,False,True,,
2777,Sibylares (Normal),200,489,Phasma Forest: Area 3,B,Boss,Normal,3820000,18150,0,Neutral,False,True,,
2776,Sibylares (Easy),175,489,Phasma Forest: Area 3,B,Boss,Normal,2750000,14000,0,Neutral,False,True,,
2773,Melancia,225,488,Phasma Forest: Area 2,M,Mini Boss,Normal,-1,55307,4,Earth,False,True,,
2766,Neewollah (Very Hard),225,486,Manor of Surprises: Grand Hall,B,Boss,Normal,4500000,20130,4,Earth,False,True,,
2765,Neewollah (Hard),200,486,Manor of Surprises: Grand Hall,B,Boss,Normal,3500000,16500,4,Earth,False,True,,
2764,Neewollah (Normal),175,486,Manor of Surprises: Grand Hall,B,Boss,Normal,2500000,12650,4,Earth,False,True,,
2763,Neewollah (Easy),150,486,Manor of Surprises: Grand Hall,B,Boss,Normal,1800000,9870,4,Earth,False,True,,
2762,Teertocrit,200,427,Manor of Surprises,M,Mini Boss,Normal,7050000,46200,1,Fire,False,True,,
2760,Devil Dango,250,305,Otsukimi Event Venue: Crater Zone,B,Boss,Ultimate,6530000,27000,6,Light,False,True,,
2759,Burning Dragon Igneus,275,484,Boma Moja: Village Center,B,Boss,Ultimate,50000000,208000,1,Fire,False,False,,
2758,Burning Dragon Igneus,255,484,Boma Moja: Village Center,B,Boss,Nightmare,25000000,104000,1,Fire,False,False,,
2757,Burning Dragon Igneus,245,484,Boma Moja: Village Center,B,Boss,Hard,10000000,41600,1,Fire,False,False,,
2756,Burning Dragon Igneus,235,484,Boma Moja: Village Center,B,Boss,Normal,5000000,20800,1,Fire,False,False,,
2755,Burning Dragon Igneus,225,484,Boma Moja: Village Center,B,Boss,Easy,500000,2080,1,Fire,False,False,,
2754,Galegon,260,483,Boma Moja: Area 3,M,Mini Boss,Normal,-1,42627,3,Wind,False,False,,
2739,Gigantic Octopus,190,243,Saltau's Beach: Beach House,B,Boss,Ultimate,-1,888880,2,Water,False,True,,
2738,Gigantic Octopus,170,243,Saltau's Beach: Beach House,B,Boss,Nightmare,-1,444440,2,Water,False,True,,
2737,Gigantic Octopus,160,243,Saltau's Beach: Beach House,B,Boss,Hard,-1,177776,2,Water,False,True,,
2736,Gigantic Octopus,150,243,Saltau's Beach: Beach House,B,Boss,Normal,-1,88888,2,Water,False,True,,
2735,Gigantic Octopus,140,243,Saltau's Beach: Beach House,B,Boss,Easy,-1,8888,2,Water,False,True,,
2734,Mysterious Crystal,235,479,Anniversary Arena: 7th Venue,B,Boss,Normal,-1,-1,-1,Unknown,False,True,,
2733,Smocky,235,479,Anniversary Arena: 7th Venue,B,Boss,Normal,-1,-1,-1,Unknown,False,True,,
2732,Chemical Jelly,235,479,Anniversary Arena: 7th Venue,B,Boss,Normal,-1,-1,-1,Unknown,False,True,,
2731,Florizard,235,479,Anniversary Arena: 7th Venue,B,Boss,Normal,-1,-1,-1,Unknown,False,True,,
2730,Fluck,235,479,Anniversary Arena: 7th Venue,B,Boss,Normal,-1,-1,2,Water,False,True,,
2729,Kijimu,235,479,Anniversary Arena: 7th Venue,B,Boss,Normal,-1,-1,4,Earth,False,True,,
2728,Neo Wandering Wheel,235,479,Anniversary Arena: 7th Venue,B,Boss,Normal,-1,-1,-1,Unknown,False,True,,
2727,Cannon Golem,235,479,Anniversary Arena: 7th Venue,B,Boss,Normal,-1,-1,4,Earth,False,True,,
2726,Singing Eye,235,479,Anniversary Arena: 7th Venue,B,Boss,Normal,-1,-1,2,Water,False,True,,
2725,Megiston,305,479,Anniversary Arena: 7th Venue,B,Boss,Ultimate,300000000,2660000,1,Fire,False,True,,
2724,Megiston,285,479,Anniversary Arena: 7th Venue,B,Boss,Nightmare,150000000,1330000,1,Fire,False,True,,
2723,Megiston,275,479,Anniversary Arena: 7th Venue,B,Boss,Hard,60000000,532000,1,Fire,False,True,,
2722,Megiston,265,479,Anniversary Arena: 7th Venue,B,Boss,Normal,30000000,266000,1,Fire,False,True,,
2719,Vennie,280,479,Anniversary Arena: 7th Venue,B,Boss,Ultimate,50000000,206500,3,Wind,False,True,,
2718,Vennie,260,479,Anniversary Arena: 7th Venue,B,Boss,Nightmare,25000000,103250,3,Wind,False,True,,
2717,Vennie,250,479,Anniversary Arena: 7th Venue,B,Boss,Hard,10000000,41300,3,Wind,False,True,,
2716,Vennie,240,479,Anniversary Arena: 7th Venue,B,Boss,Normal,5000000,20650,3,Wind,False,True,,
2715,Yorken,280,479,Anniversary Arena: 7th Venue,B,Boss,Ultimate,50000000,206500,2,Water,False,True,,
2714,Yorken,260,479,Anniversary Arena: 7th Venue,B,Boss,Nightmare,25000000,103250,2,Water,False,True,,
2713,Yorken,250,479,Anniversary Arena: 7th Venue,B,Boss,Hard,10000000,41300,2,Water,False,True,,
2712,Yorken,240,479,Anniversary Arena: 7th Venue,B,Boss,Normal,5000000,20650,2,Water,False,True,,
2711,Reeza,280,479,Anniversary Arena: 7th Venue,B,Boss,Ultimate,50000000,206500,5,Dark,False,True,,
2710,Reeza,260,479,Anniversary Arena: 7th Venue,B,Boss,Nightmare,25000000,103250,5,Dark,False,True,,
2709,Reeza,250,479,Anniversary Arena: 7th Venue,B,Boss,Hard,10000000,41300,5,Dark,False,True,,
2708,Reeza,240,479,Anniversary Arena: 7th Venue,B,Boss,Normal,5000000,20650,5,Dark,False,True,,
2707,Acudel,274,479,Anniversary Arena: 7th Venue,B,Boss,Ultimate,36000000,125000,4,Earth,False,True,,
2706,Acudel,254,479,Anniversary Arena: 7th Venue,B,Boss,Nightmare,18000000,62500,4,Earth,False,True,,
2705,Acudel,244,479,Anniversary Arena: 7th Venue,B,Boss,Hard,7200000,25000,4,Earth,False,True,,
2704,Acudel,234,479,Anniversary Arena: 7th Venue,B,Boss,Normal,3600000,12500,4,Earth,False,True,,
2703,Moxaburn,272,479,Anniversary Arena: 7th Venue,B,Boss,Ultimate,36000000,125000,1,Fire,False,True,,
2702,Moxaburn,252,479,Anniversary Arena: 7th Venue,B,Boss,Nightmare,18000000,62500,1,Fire,False,True,,
2701,Moxaburn,242,479,Anniversary Arena: 7th Venue,B,Boss,Hard,7200000,25000,1,Fire,False,True,,
2700,Moxaburn,232,479,Anniversary Arena: 7th Venue,B,Boss,Normal,3600000,12500,1,Fire,False,True,,
2699,Meslum,270,479,Anniversary Arena: 7th Venue,B,Boss,Ultimate,36000000,125000,6,Light,False,True,,
2698,Meslum,250,479,Anniversary Arena: 7th Venue,B,Boss,Nightmare,18000000,62500,6,Light,False,True,,
2697,Meslum,240,479,Anniversary Arena: 7th Venue,B,Boss,Hard,7200000,25000,6,Light,False,True,,
2696,Meslum,230,479,Anniversary Arena: 7th Venue,B,Boss,Normal,3600000,12500,6,Light,False,True,,
2693,Guard Golem,272,477,Weredragon's Throat,B,Boss,Ultimate,100000000,380000,4,Earth,False,False,,
2692,Guard Golem,252,477,Weredragon's Throat,B,Boss,Nightmare,50000000,190000,4,Earth,False,False,,
2691,Guard Golem,242,477,Weredragon's Throat,B,Boss,Hard,20000000,76000,4,Earth,False,False,,
2690,Guard Golem,232,477,Weredragon's Throat,B,Boss,Normal,10000000,38000,4,Earth,False,False,,
2689,Guard Golem,222,477,Weredragon's Throat,B,Boss,Easy,1000000,3800,4,Earth,False,False,,
2688,Wolkissa,257,477,Weredragon's Throat,M,Mini Boss,Normal,-1,40800,2,Water,False,False,,
2682,Pedrio,265,404,High Difficulty Boss Battle Event Venue,B,Boss,Normal,65000000,425000,0,Neutral,False,True,,
2678,Gordel,269,475,Milcaska Falls: Weredragon's Mouth,B,Boss,Ultimate,55000000,250000,4,Earth,False,False,,
2677,Gordel,249,475,Milcaska Falls: Weredragon's Mouth,B,Boss,Nightmare,27500000,125000,4,Earth,False,False,,
2676,Gordel,239,475,Milcaska Falls: Weredragon's Mouth,B,Boss,Hard,11000000,50000,4,Earth,False,False,,
2675,Gordel,229,475,Milcaska Falls: Weredragon's Mouth,B,Boss,Normal,5500000,25000,4,Earth,False,False,,
2674,Gordel,219,475,Milcaska Falls: Weredragon's Mouth,B,Boss,Easy,550000,2500,4,Earth,False,False,,
2673,Rampion,254,474,Milcaska Falls: Army Base,M,Mini Boss,Normal,-1,45540,5,Dark,False,False,,
2654,Goldigem,262,79,Sofya City: Government Office,B,Boss,Ultimate,100000000,450000,0,Neutral,False,True,,
2653,Goldigem,242,79,Sofya City: Government Office,B,Boss,Nightmare,50000000,225000,0,Neutral,False,True,,
2652,Goldigem,232,79,Sofya City: Government Office,B,Boss,Hard,20000000,90000,0,Neutral,False,True,,
2651,Goldigem,222,79,Sofya City: Government Office,B,Boss,Normal,10000000,45000,0,Neutral,False,True,,
2650,Goldigem,212,79,Sofya City: Government Office,B,Boss,Easy,1000000,4500,0,Neutral,False,True,,
2649,Crysmort,240,471,Celesa's Tree Garden,B,Boss,Very Hard,10000000,43000,5,Dark,False,True,,
2648,Crysmort,220,471,Celesa's Tree Garden,B,Boss,Hard,7200000,33300,5,Dark,False,True,,
2647,Crysmort,200,471,Celesa's Tree Garden,B,Boss,Normal,5400000,26700,5,Dark,False,True,,
2646,Crysmort,180,471,Celesa's Tree Garden,B,Boss,Easy,4000000,20000,5,Dark,False,True,,
2645,Ignitrus,251,470,Vulcani Crater Base,M,Mini Boss,Normal,-1,49022,1,Fire,False,False,,
2639,Oculasignio,266,469,Mt. Vulcani: Summit,B,Boss,Ultimate,47000000,211000,5,Dark,False,False,,
2638,Oculasignio,246,469,Mt. Vulcani: Summit,B,Boss,Nightmare,23500000,105500,5,Dark,False,False,,
2637,Oculasignio,236,469,Mt. Vulcani: Summit,B,Boss,Hard,9400000,42200,5,Dark,False,False,,
2636,Oculasignio,226,469,Mt. Vulcani: Summit,B,Boss,Normal,4700000,21100,5,Dark,False,False,,
2635,Oculasignio,216,469,Mt. Vulcani: Summit,B,Boss,Easy,470000,2110,5,Dark,False,False,,
2625,Evil Lefina (Coffee),260,111,El Scaro,B,Boss,Ultimate,10000000,55000,0,Neutral,False,True,,
2624,Evil Lefina (Choco),230,111,El Scaro,B,Boss,Nightmare,7000000,41800,0,Neutral,False,True,,
2623,Evil Lefina (Cocoa),200,111,El Scaro,B,Boss,Hard,5000000,33000,0,Neutral,False,True,,
2622,Evil Lefina (Plain),170,111,El Scaro,B,Boss,Normal,3000000,21700,0,Neutral,False,True,,
2617,Garnache (Dark),230,388,Creme Cliff (Valentine's Day Event),B,Boss,Ultimate,8500000,40000,1,Fire,False,True,,
2616,Garnache (Sweet),170,388,Creme Cliff (Valentine's Day Event),B,Boss,Hard,4000000,22700,1,Fire,False,True,,
2615,Garnache (Milk),140,388,Creme Cliff (Valentine's Day Event),B,Boss,Normal,1730000,16600,1,Fire,False,True,,
2613,Velum,263,464,Arstida: Depth,B,Boss,Ultimate,42600000,206000,0,Neutral,False,False,,
2612,Velum,243,464,Arstida: Depth,B,Boss,Nightmare,21300000,103000,0,Neutral,False,False,,
2611,Velum,233,464,Arstida: Depth,B,Boss,Hard,8520000,41200,0,Neutral,False,False,,
2610,Velum,223,464,Arstida: Depth,B,Boss,Normal,4260000,20600,0,Neutral,False,False,,
2609,Velum,213,464,Arstida: Depth,B,Boss,Easy,426000,2060,0,Neutral,False,False,,
2608,Glaucius,248,463,Arstida: Area 2,M,Mini Boss,Normal,-1,44670,5,Dark,False,False,,
2595,Mieli (Dark),250,7,Rakau Plains,B,Boss,Ultimate,6530000,27000,3,Wind,False,True,,
2594,Mieli (Bitter),220,7,Rakau Plains,B,Boss,Nightmare,3200000,14700,3,Wind,False,True,,
2593,Mieli (Sweet),190,7,Rakau Plains,B,Boss,Hard,2250000,11000,3,Wind,False,True,,
2592,Mieli (Milk),160,7,Rakau Plains,B,Boss,Normal,1500000,8300,3,Wind,False,True,,
2591,Vlam the Flame Dragon,260,460,Divido Spring,B,Boss,Ultimate,56000000,167000,1,Fire,False,False,,
2590,Vlam the Flame Dragon,240,460,Divido Spring,B,Boss,Nightmare,28000000,83500,1,Fire,False,False,,
2589,Vlam the Flame Dragon,230,460,Divido Spring,B,Boss,Hard,11200000,33400,1,Fire,False,False,,
2588,Vlam the Flame Dragon,220,460,Divido Spring,B,Boss,Normal,5600000,16700,1,Fire,False,False,,
2587,Vlam the Flame Dragon,210,460,Divido Spring,B,Boss,Easy,560000,1670,1,Fire,False,False,,
2586,Blazingur,245,459,Divido Valley: Area 3,M,Mini Boss,Normal,-1,43740,1,Fire,False,False,,
2569,Purro,50,87,Event,B,Boss,Ultimate,400000,3000,6,Light,False,True,,
2568,Purro,30,87,Event,B,Boss,Nightmare,200000,1500,6,Light,False,True,,
2567,Purro,20,87,Event,B,Boss,Hard,80000,600,6,Light,False,True,,
2566,Purro,10,87,Event,B,Boss,Normal,40000,300,6,Light,False,True,,
2565,Purro,1,87,Event,B,Boss,Easy,4000,30,6,Light,False,True,,
2563,P. Avatar (2022),400,87,Event,B,Boss,Normal,1000000,1,0,Neutral,False,True,,
2562,Zega (Megiston 2021),240,87,Event,B,Boss,Normal,7880000,89800,2,Water,False,True,,
2561,Demonic Quasar (Megiston 2021),230,87,Event,B,Boss,Normal,6500000,21000,5,Dark,False,True,,
2560,Irestida (Megiston 2021),220,87,Event,B,Boss,Normal,8000000,23200,5,Dark,False,True,,
2559,Black Shadow (Megiston 2021),210,87,Event,B,Boss,Normal,1000000,27000,6,Light,False,True,,
2558,Tuscog (Megiston 2021),200,87,Event,B,Boss,Normal,3250000,15500,4,Earth,False,True,,
2557,War Dragon Turba,257,455,Prime Ramus: Village,B,Boss,Ultimate,38000000,167000,4,Earth,False,False,,
2556,War Dragon Turba,237,455,Prime Ramus: Village,B,Boss,Nightmare,19000000,83500,4,Earth,False,False,,
2555,War Dragon Turba,227,455,Prime Ramus: Village,B,Boss,Hard,7600000,33400,4,Earth,False,False,,
2554,War Dragon Turba,217,455,Prime Ramus: Village,B,Boss,Normal,3800000,16700,4,Earth,False,False,,
2553,War Dragon Turba,207,455,Prime Ramus: Village,B,Boss,Easy,380000,1670,4,Earth,False,False,,
2543,Gordo,242,451,Eumano Glade,M,Mini Boss,Normal,-1,43700,6,Light,False,False,,
2537,Dutannen (Max),239,450,Noeliel Castle: B4F,B,Boss,Normal,8000000,35640,2,Water,False,True,,
2536,Dutannen (Strong),219,450,Noeliel Castle: B4F,B,Boss,Normal,6500000,30710,2,Water,False,True,,
2535,Dutannen (Medium),199,450,Noeliel Castle: B4F,B,Boss,Normal,5000000,25000,2,Water,False,True,,
2534,Dutannen (Weak),179,450,Noeliel Castle: B4F,B,Boss,Normal,4000000,21000,2,Water,False,True,,
2475,Junior Dragon Zyvio,254,425,Storage Yard: Arena,B,Boss,Ultimate,35500000,162000,0,Neutral,False,False,,
2474,Junior Dragon Zyvio,234,425,Storage Yard: Arena,B,Boss,Nightmare,17750000,81000,0,Neutral,False,False,,
2473,Junior Dragon Zyvio,224,425,Storage Yard: Arena,B,Boss,Hard,7100000,32400,0,Neutral,False,False,,
2472,Junior Dragon Zyvio,214,425,Storage Yard: Arena,B,Boss,Normal,3550000,16200,0,Neutral,False,False,,
2471,Junior Dragon Zyvio,204,425,Storage Yard: Arena,B,Boss,Easy,355000,1620,0,Neutral,False,False,,
2470,Bullamius,239,424,Storage Yard: Area 2,M,Mini Boss,Normal,-1,42800,4,Earth,False,False,,
2457,Gerumi,220,87,Event,B,Boss,Normal,10000000,77700,2,Water,False,True,,
2453,Ferzen the Rock Dragon,251,420,Guardian Forest: Giant Tree,B,Boss,Ultimate,31710000,151500,4,Earth,False,False,,
2452,Ferzen the Rock Dragon,231,420,Guardian Forest: Giant Tree,B,Boss,NIghtmare,15855000,75750,4,Earth,False,False,,
2451,Ferzen the Rock Dragon,221,420,Guardian Forest: Giant Tree,B,Boss,Hard,6342000,30300,4,Earth,False,False,,
2450,Ferzen the Rock Dragon,211,420,Guardian Forest: Giant Tree,B,Boss,Normal,3171000,15150,4,Earth,False,False,,
2449,Ferzen the Rock Dragon,201,420,Guardian Forest: Giant Tree,B,Boss,Easy,317100,1515,4,Earth,False,False,,
2448,Silver Coryn (2021),100,248,Tolbas GrassLand,M,Mini Boss,Normal,100,1,0,Neutral,False,True,,
2447,Silver Coryn (2021),100,110,Wanderer's Plain,M,Mini Boss,Normal,100,1,0,Neutral,False,True,,
2446,Silver Coryn (2021),100,70,Darkanon Plain,M,Mini Boss,Normal,100,1,0,Neutral,False,True,,
2445,Silver Coryn (2021),100,51,Yorl Highlands,M,Mini Boss,Normal,100,1,0,Neutral,False,True,,
2444,Silver Coryn (2021),100,7,Rakau Plains,M,Mini Boss,Normal,100,1,0,Neutral,False,True,,
2443,Arbogazella,236,419,Guardian Forest: Lost Woods,M,Mini Boss,Normal,-1,41820,3,Wind,False,False,,
2434,Devil Dango,220,305,Otsukimi Event Venue: Crater Zone,B,Boss,Nightmare,4790000,21700,6,Light,False,True,,
2433,Devil Dango,170,305,Otsukimi Event Venue: Crater Zone,B,Boss,Hard,2600000,13500,6,Light,False,True,,
2432,Devil Dango,120,305,Otsukimi Event Venue: Crater Zone,B,Boss,Normal,780000,7760,6,Light,False,True,,
2431,Megiston,285,413,Anniversary Arena: 6th Venue,B,Boss,Ultimate,250000000,1160000,1,Fire,False,True,,
2430,Megiston,265,413,Anniversary Arena: 6th Venue,B,Boss,Nightmare,125000000,580000,1,Fire,False,True,,
2429,Megiston,255,413,Anniversary Arena: 6th Venue,B,Boss,Hard,50000000,232000,1,Fire,False,True,,
2428,Megiston,245,413,Anniversary Arena: 6th Venue,B,Boss,Normal,25000000,116000,1,Fire,False,True,,
2427,Yuveria,225,417,Underwater Canyon: Depths,B,Boss,Ultimate,45000000,227300,2,Water,False,True,,
2426,Yuveria,205,417,Underwater Canyon: Depths,B,Boss,NIghtmare,22500000,113650,2,Water,False,True,,
2425,Yuveria,195,417,Underwater Canyon: Depths,B,Boss,Hard,9000000,45460,2,Water,False,True,,
2424,Yuveria,185,417,Underwater Canyon: Depths,B,Boss,Normal,4500000,22730,2,Water,False,True,,
2423,Yuveria,175,417,Underwater Canyon: Depths,B,Boss,Easy,450000,2273,2,Water,False,True,,
2422,Capten Amiya,227,416,Underwater Canyon: Area 3,M,Mini Boss,Normal,-1,65300,6,Light,False,True,,
2410,Sedem Coenubia,215,413,Anniversary Arena: 6th Venue,B,Boss,Normal,10000000,0,0,Neutral,False,True,,
2409,Pyxtica,215,413,Anniversary Arena: 6th Venue,B,Boss,Normal,4000000,0,5,Dark,False,True,,
2408,Vulture,215,413,Anniversary Arena: 6th Venue,B,Boss,Normal,6000000,0,5,Dark,False,True,,
2407,Bexiz,215,413,Anniversary Arena: 6th Venue,B,Boss,Normal,4000000,0,0,Neutral,False,True,,
2406,Cerberus,215,413,Anniversary Arena: 6th Venue,B,Boss,Normal,6000000,0,2,Water,False,True,,
2405,Furious Red Demon,260,413,Anniversary Arena: 6th Venue,B,Boss,Ultimate,48000000,140000,1,Fire,False,True,,
2404,Furious Red Demon,240,413,Anniversary Arena: 6th Venue,B,Boss,NIghtmare,24000000,70000,1,Fire,False,True,,
2403,Furious Red Demon,230,413,Anniversary Arena: 6th Venue,B,Boss,Hard,9600000,28000,1,Fire,False,True,,
2402,Furious Red Demon,220,413,Anniversary Arena: 6th Venue,B,Boss,Normal,4800000,14000,1,Fire,False,True,,
2401,Fish Skeleton Spirit,260,413,Anniversary Arena: 6th Venue,B,Boss,Ultimate,32000000,140000,0,Neutral,False,True,,
2400,Fish Skeleton Spirit,240,413,Anniversary Arena: 6th Venue,B,Boss,NIghtmare,16000000,70000,0,Neutral,False,True,,
2399,Fish Skeleton Spirit,230,413,Anniversary Arena: 6th Venue,B,Boss,Hard,6400000,28000,0,Neutral,False,True,,
2398,Fish Skeleton Spirit,220,413,Anniversary Arena: 6th Venue,B,Boss,Normal,3200000,14000,0,Neutral,False,True,,
2397,Cursed Demonic Coral,260,413,Anniversary Arena: 6th Venue,B,Boss,Ultimate,40000000,140000,2,Water,False,True,,
2396,Cursed Demonic Coral,240,413,Anniversary Arena: 6th Venue,B,Boss,NIghtmare,20000000,70000,2,Water,False,True,,
2395,Cursed Demonic Coral,230,413,Anniversary Arena: 6th Venue,B,Boss,Hard,8000000,28000,2,Water,False,True,,
2394,Cursed Demonic Coral,220,413,Anniversary Arena: 6th Venue,B,Boss,Normal,4000000,14000,2,Water,False,True,,
2393,Distressed Dark Dragon,250,413,Anniversary Arena: 6th Venue,B,Boss,Ultimate,25000000,100000,5,Dark,False,True,,
2392,Distressed Dark Dragon,230,413,Anniversary Arena: 6th Venue,B,Boss,NIghtmare,12500000,50000,5,Dark,False,True,,
2391,Distressed Dark Dragon,220,413,Anniversary Arena: 6th Venue,B,Boss,Hard,5000000,20000,5,Dark,False,True,,
2390,Distressed Dark Dragon,210,413,Anniversary Arena: 6th Venue,B,Boss,Normal,2500000,10000,5,Dark,False,True,,
2389,Rampaging Grass Dragon,250,413,Anniversary Arena: 6th Venue,B,Boss,Ultimate,24000000,100000,3,Wind,False,True,,
2388,Rampaging Grass Dragon,230,413,Anniversary Arena: 6th Venue,B,Boss,NIghtmare,12000000,50000,3,Wind,False,True,,
2387,Rampaging Grass Dragon,220,413,Anniversary Arena: 6th Venue,B,Boss,Hard,4800000,20000,3,Wind,False,True,,
2386,Rampaging Grass Dragon,210,413,Anniversary Arena: 6th Venue,B,Boss,Normal,2400000,10000,3,Wind,False,True,,
2385,Raging Sand Dragon,250,413,Anniversary Arena: 6th Venue,B,Boss,Ultimate,23000000,100000,4,Earth,False,True,,
2384,Raging Sand Dragon,230,413,Anniversary Arena: 6th Venue,B,Boss,NIghtmare,11500000,50000,4,Earth,False,True,,
2383,Raging Sand Dragon,220,413,Anniversary Arena: 6th Venue,B,Boss,Hard,4600000,20000,4,Earth,False,True,,
2382,Raging Sand Dragon,210,413,Anniversary Arena: 6th Venue,B,Boss,Normal,2300000,10000,4,Earth,False,True,,
2381,Patissia,230,404,High Difficulty Boss Battle Event Venue,B,Boss,Ultimate,-1,-1,4,Earth,False,True,,
2380,Maton Sword,230,404,High Difficulty Boss Battle Event Venue,B,Boss,Ultimate,-1,-1,3,Wind,False,True,,
2379,Gespenst,230,404,High Difficulty Boss Battle Event Venue,B,Boss,Ultimate,-1,-1,5,Dark,False,True,,
2378,Gemma,248,412,Fugitive Lake Swamp: Depths,B,Boss,Ultimate,28840000,140800,1,Fire,False,False,,
2377,Gemma,228,412,Fugitive Lake Swamp: Depths,B,Boss,Nightmare,14420000,70400,1,Fire,False,False,,
2376,Gemma,218,412,Fugitive Lake Swamp: Depths,B,Boss,Hard,5768000,28160,1,Fire,False,False,,
2375,Gemma,208,412,Fugitive Lake Swamp: Depths,B,Boss,normal,2884000,14080,1,Fire,False,False,,
2374,Gemma,198,412,Fugitive Lake Swamp: Depths,B,Boss,Easy,288400,1408,1,Fire,False,False,,
2373,Rhinosaur,233,411,Fugitive Lake Swamp: Area 3,M,Mini Boss,normal,-1,41000,4,Earth,False,False,,
2358,Reliza,250,407,Manna Waterfront,B,Boss,Ultimate,55000000,262000,5,Dark,False,False,,
2357,Reliza,230,407,Manna Waterfront,B,Boss,Nightmare,27500000,131000,5,Dark,False,False,,
2356,Reliza,220,407,Manna Waterfront,B,Boss,Hard,11000000,52400,5,Dark,False,False,,
2355,Reliza,210,407,Manna Waterfront,B,Boss,Normal,5500000,26200,5,Dark,False,False,,
2354,Reliza,200,407,Manna Waterfront,B,Boss,Easy,550000,2620,5,Dark,False,False,,
2346,Naiata,240,69,Saham Underground Cave - Deepest Part,B,Boss,Ultimate,8000000,72000,3,Wind,False,True,,
2334,Patissia,225,404,High Difficulty Boss Battle Event Venue,B,Boss,Ultimate,-1,-1,4,Earth,False,True,,
2333,Patissia,220,404,High Difficulty Boss Battle Event Venue,B,Boss,Ultimate,-1,-1,4,Earth,False,True,,
2332,Patissia,215,404,High Difficulty Boss Battle Event Venue,B,Boss,Ultimate,-1,-1,4,Earth,False,True,,
2331,Maton Sword,225,404,High Difficulty Boss Battle Event Venue,B,Boss,Ultimate,-1,-1,3,Wind,False,True,,
2330,Maton Sword,220,404,High Difficulty Boss Battle Event Venue,B,Boss,Ultimate,-1,-1,3,Wind,False,True,,
2329,Maton Sword,215,404,High Difficulty Boss Battle Event Venue,B,Boss,Ultimate,-1,-1,3,Wind,False,True,,
2328,Maton Sword,210,404,High Difficulty Boss Battle Event Venue,B,Boss,Ultimate,-1,-1,3,Wind,False,True,,
2327,Maton Sword,205,404,High Difficulty Boss Battle Event Venue,B,Boss,Ultimate,-1,-1,3,Wind,False,True,,
2326,Maton Sword,200,404,High Difficulty Boss Battle Event Venue,B,Boss,Ultimate,-1,-1,3,Wind,False,True,,
2325,Maton Sword,195,404,High Difficulty Boss Battle Event Venue,B,Boss,Ultimate,-1,-1,3,Wind,False,True,,
2324,Gespenst,225,404,High Difficulty Boss Battle Event Venue,B,Boss,Ultimate,-1,-1,5,Dark,False,True,,
2323,Gespenst,220,404,High Difficulty Boss Battle Event Venue,B,Boss,Ultimate,-1,-1,5,Dark,False,True,,
2322,Gespenst,215,404,High Difficulty Boss Battle Event Venue,B,Boss,Ultimate,-1,-1,5,Dark,False,True,,
2321,Gespenst,210,404,High Difficulty Boss Battle Event Venue,B,Boss,Ultimate,-1,-1,5,Dark,False,True,,
2320,Gespenst,205,404,High Difficulty Boss Battle Event Venue,B,Boss,Ultimate,-1,-1,5,Dark,False,True,,
2319,Gespenst,200,404,High Difficulty Boss Battle Event Venue,B,Boss,Ultimate,-1,-1,5,Dark,False,True,,
2318,Gespenst,195,404,High Difficulty Boss Battle Event Venue,B,Boss,Ultimate,-1,-1,5,Dark,False,True,,
2317,Gespenst,190,404,High Difficulty Boss Battle Event Venue,B,Boss,Ultimate,-1,-1,5,Dark,False,True,,
2316,Gespenst,185,404,High Difficulty Boss Battle Event Venue,B,Boss,Ultimate,-1,-1,5,Dark,False,True,,
2315,Gespenst,180,404,High Difficulty Boss Battle Event Venue,B,Boss,Ultimate,-1,-1,5,Dark,False,True,,
2314,Gespenst,175,404,High Difficulty Boss Battle Event Venue,B,Boss,Ultimate,-1,-1,5,Dark,False,True,,
2313,Gespenst,170,404,High Difficulty Boss Battle Event Venue,B,Boss,Ultimate,-1,-1,5,Dark,False,True,,
2312,Gespenst,165,404,High Difficulty Boss Battle Event Venue,B,Boss,Ultimate,-1,-1,5,Dark,False,True,,
2307,Irestida,245,403,Nov Diela Central,B,Boss,Ultimate,29400000,144600,0,Neutral,False,False,,
2306,Irestida,225,403,Nov Diela Central,B,Boss,Nightmare,14700000,72300,0,Neutral,False,False,,
2305,Irestida,215,403,Nov Diela Central,B,Boss,Hard,5880000,28920,0,Neutral,False,False,,
2304,Irestida,205,403,Nov Diela Central,B,Boss,Normal,2940000,14460,0,Neutral,False,False,,
2303,Irestida,195,403,Nov Diela Central,B,Boss,Easy,294000,1446,0,Neutral,False,False,,
2296,Trocostida,230,400,Nov Diela Area 1,M,Mini Boss,Normal,-1,40000,5,Dark,False,False,,
2292,Golden Potum (12M DL),100,248,Tolbas GrassLand,M,Mini Boss,Normal,30,100,6,Light,False,True,,
2291,Golden Potum (12M DL),100,110,Wanderer's Plain,M,Mini Boss,Normal,30,100,6,Light,False,True,,
2290,Golden Potum (12M DL),100,70,Darkanon Plain,M,Mini Boss,Normal,30,100,6,Light,False,True,,
2289,Golden Potum (12M DL),100,51,Yorl Highlands,M,Mini Boss,Normal,30,100,6,Light,False,True,,
2288,Golden Potum (12M DL),100,7,Rakau Plains,M,Mini Boss,Normal,30,100,6,Light,False,True,,
2287,Hero Potum Party (12M DL),220,399,Archfiend's Throne,B,Boss,Ultimate,30000000,159000,6,Light,False,True,,
2286,Hero Potum Party (12M DL),200,399,Archfiend's Throne,B,Boss,Nightmare,15000000,79500,6,Light,False,True,,
2285,Hero Potum Party (12M DL),190,399,Archfiend's Throne,B,Boss,Hard,6000000,31800,6,Light,False,True,,
2284,Hero Potum Party (12M DL),180,399,Archfiend's Throne,B,Boss,Normal,3000000,15900,6,Light,False,True,,
2283,Hero Potum Party (12M DL),170,399,Archfiend's Throne,B,Boss,Easy,300000,1590,6,Light,False,True,,
2281,Dreamy Scarlet Sakura (Nightmare),220,398,Lush Falls : Upstream,B,Boss,Nightmare,3550000,14800,5,Dark,False,True,,
2280,Dreamy Scarlet Sakura (Hard),200,398,Lush Falls : Upstream,B,Boss,Hard,2830000,13300,5,Dark,False,True,,
2279,Dreamy Scarlet Sakura (Normal),180,398,Lush Falls : Upstream,B,Boss,Normal,1950000,11000,5,Dark,False,True,,
2278,Dreamy Scarlet Sakura (Easy),160,398,Lush Falls : Upstream,B,Boss,Easy,1230000,7250,5,Dark,False,True,,
2276,†Dark Lord†,220,87,Event,B,Boss,Normal,1500000,50000,0,Neutral,False,True,,
2275,Hexter,242,397,Witch's Woods Depths,B,Boss,Ultimate,27200000,134200,3,Wind,False,False,,
2274,Hexter,222,397,Witch's Woods Depths,B,Boss,Nightmare,13600000,67100,3,Wind,False,False,,
2273,Hexter,212,397,Witch's Woods Depths,B,Boss,Hard,5440000,26840,3,Wind,False,False,,
2272,Hexter,202,397,Witch's Woods Depths,B,Boss,Normal,2720000,13420,3,Wind,False,False,,
2271,Hexter,192,397,Witch's Woods Depths,B,Boss,Easy,272000,1342,3,Wind,False,False,,
2270,Lord of Nezim,227,396,Nezim Wetlands,M,Mini Boss,Normal,-1,39200,2,Water,False,False,,
2264,Pillow Kitagawa,0,395,Kitagawa Dream Center,B,Boss,Normal,1000000,8000,1,Fire,False,True,,
2262,Alfenix,230,111,El Scaro,B,Boss,Ultimate,14200000,69000,6,Light,False,True,,
2249,Alfenix,210,111,El Scaro,B,Boss,Nightmare,8560000,43000,6,Light,False,True,,
2248,Alfenix,180,111,El Scaro,B,Boss,Hard,5000000,26500,6,Light,False,True,,
2247,Alfenix,150,111,El Scaro,B,Boss,Normal,2600000,15800,6,Light,False,True,,
2246,Kruztor,250,111,El Scaro,B,Boss,Ultimate,50000000,200000,0,Neutral,False,True,,
2245,Grim Reaper Scarecrow,224,390,Witch's Woods Area 2,M,Mini Boss,Normal,-1,35140,3,Wind,False,False,,
2244,Black Shadow,239,392,Rokoko City Ruins,B,Boss,Ultimate,27800000,125000,5,Dark,False,False,,
2243,Black Shadow,219,392,Rokoko City Ruins,B,Boss,Nightmare,13900000,62500,5,Dark,False,False,,
2242,Black Shadow,209,392,Rokoko City Ruins,B,Boss,Hard,5560000,25000,5,Dark,False,False,,
2241,Black Shadow,199,392,Rokoko City Ruins,B,Boss,Normal,2780000,12500,5,Dark,False,False,,
2240,Black Shadow,189,392,Rokoko City Ruins,B,Boss,Easy,278000,1250,5,Dark,False,False,,
2233,Garnache (Bitter),200,388,Creme Cliff (Valentine's Day Event),B,Boss,Nightmare,5950000,31000,1,Fire,False,True,,
2227,P. Avatar (2021),400,87,Event,B,Boss,Normal,1000000,0,0,Neutral,False,True,,
2226,Stellar Ooze,230,87,Event,B,Boss,Normal,40000000,75000,6,Light,False,True,,
2223,Bonivio (New Year Event 2021),10,87,Event,B,Boss,Normal,40000,300,6,Light,False,True,,
2221,Zega (Megiston 2020),220,87,Event,B,Boss,Normal,6400000,77400,2,Water,False,True,,
2220,Zolban (Megiston 2020),210,87,Event,B,Boss,Normal,1500000,28400,4,Earth,False,True,,
2219,Finstern the Dark Dragon (Megiston 2020),200,87,Event,B,Boss,Normal,8300000,19800,5,Dark,False,True,,
2218,Kuzto (Megiston 2020),190,87,Event,B,Boss,Normal,3500000,13900,4,Earth,False,True,,
2217,Eroded Pilz (Megiston 2020),180,87,Event,B,Boss,Normal,3000000,15000,2,Water,False,True,,
2215,Yule Cat,197,385,Tomte Pavillion (170-190),B,Boss,Hard,4230000,20300,6,Light,False,True,,
2198,Pumpking,100,485,Tir Na Nog Square,B,Boss,Very Hard,700000,10500,1,Fire,False,True,,
2197,Pumpking,75,485,Tir Na Nog Square,B,Boss,Hard,280000,5300,1,Fire,False,True,,
2196,Pumpking,50,485,Tir Na Nog Square,B,Boss,Normal,82000,2300,1,Fire,False,True,,
2195,Pumpking,25,485,Tir Na Nog Square,B,Boss,Easy,12000,640,1,Fire,False,True,,
2194,Concert Potum,180,384,Pom Taming Land,M,Mini Boss,Normal,-1,269,0,Neutral,True,True,,
2192,Arachnidemon,236,382,Arche Valley: Depths,B,Boss,Ultimate,23940000,116000,5,Dark,False,False,,
2191,Arachnidemon,216,382,Arche Valley: Depths,B,Boss,Nightmare,11970000,58000,5,Dark,False,False,,
2190,Arachnidemon,206,382,Arche Valley: Depths,B,Boss,Hard,4788000,23200,5,Dark,False,False,,
2189,Arachnidemon,196,382,Arche Valley: Depths,B,Boss,Normal,2394000,11600,5,Dark,False,False,,
2188,Arachnidemon,186,382,Arche Valley: Depths,B,Boss,Easy,239400,1160,5,Dark,False,False,,
2186,Espectro,221,381,Arche Valley: Area 1,M,Mini Boss,Normal,-1,33600,5,Dark,False,False,,
2180,Phantom Wisp,200,373,Phantom Wisp's Hideout: Theater,B,Boss,Very Hard,2220000,9900,3,Wind,False,True,,
2179,Pisteus,233,379,Ducia Coast: Depths,B,Boss,Ultimate,23200000,113000,2,Water,False,False,,
2178,Pisteus,213,379,Ducia Coast: Depths,B,Boss,Nightmare,11600000,56500,2,Water,False,False,,
2177,Pisteus,203,379,Ducia Coast: Depths,B,Boss,Hard,4640000,22600,2,Water,False,False,,
2176,Pisteus,193,379,Ducia Coast: Depths,B,Boss,Normal,2320000,11300,2,Water,False,False,,
2175,Pisteus,183,379,Ducia Coast: Depths,B,Boss,Easy,232000,1130,2,Water,False,False,,
2169,Ageladanios,218,376,Ducia Coast: Area 1,M,Mini Boss,Normal,7000000,34350,1,Fire,False,False,,
2159,Phantom Wisp,175,373,Phantom Wisp's Hideout: Theater,B,Boss,Hard,1600000,7600,3,Wind,False,True,,
2158,Phantom Wisp,150,373,Phantom Wisp's Hideout: Theater,B,Boss,Normal,1130000,5900,3,Wind,False,True,,
2157,Phantom Wisp,125,373,Phantom Wisp's Hideout: Theater,B,Boss,Easy,490000,4400,3,Wind,False,True,,
2151,Venena Metacoenubia,235,371,Neo Plastida,B,Boss,Ultimate,-1,570000,1,Fire,False,False,,
2150,Venena Metacoenubia,215,371,Neo Plastida,B,Boss,Nightmare,-1,285000,1,Fire,False,False,,
2149,Venena Metacoenubia,205,371,Neo Plastida,B,Boss,Hard,-1,114000,1,Fire,False,False,,
2148,Venena Metacoenubia,195,371,Neo Plastida,B,Boss,Normal,-1,57000,1,Fire,False,False,,
2147,Venena Metacoenubia,185,371,Neo Plastida,B,Boss,Easy,-1,5700,1,Fire,False,False,,
2146,Tappler,218,370,Ruins of Urban Elban,M,Mini Boss,Normal,-1,37400,5,Dark,False,False,,
2142,Adaro (High Difficulty),250,369,Underwater Ruins: Deepest,B,Boss,Ultimate,100000000,545000,2,Water,False,True,,
2141,Adaro (High Difficulty),230,369,Underwater Ruins: Deepest,B,Boss,Nightmare,50000000,272500,2,Water,False,True,,
2140,Adaro (High Difficulty),220,369,Underwater Ruins: Deepest,B,Boss,Hard,20000000,109000,2,Water,False,True,,
2139,Adaro (High Difficulty),210,369,Underwater Ruins: Deepest,B,Boss,Normal,10000000,54500,2,Water,False,True,,
2138,Adaro (High Difficulty),200,369,Underwater Ruins: Deepest,B,Boss,Easy,1000000,5450,2,Water,False,True,,
2137,Adaro,210,369,Underwater Ruins: Deepest,B,Boss,Ultimate,35000000,183400,2,Water,False,True,,
2136,Adaro,190,369,Underwater Ruins: Deepest,B,Boss,Nightmare,17500000,91700,2,Water,False,True,,
2135,Adaro,180,369,Underwater Ruins: Deepest,B,Boss,Hard,7000000,36680,2,Water,False,True,,
2134,Adaro,170,369,Underwater Ruins: Deepest,B,Boss,Normal,3500000,18340,2,Water,False,True,,
2133,Adaro,160,369,Underwater Ruins: Deepest,B,Boss,Easy,350000,1834,2,Water,False,True,,
2132,Gopherga,207,368,Underwater Ruins,M,Mini Boss,Normal,-1,70000,2,Water,False,True,,
2126,Zega (5th Anniv),265,367,Anniversary Arena: 5th Venue,B,Boss,Ultimate,50000000,0,2,Water,False,True,,
2125,Megiston,265,367,Anniversary Arena: 5th Venue,B,Boss,Ultimate,200000000,966000,1,Fire,False,True,,
2124,Zega (5th Anniv),245,367,Anniversary Arena: 5th Venue,B,Boss,Nightmare,25000000,0,2,Water,False,True,,
2123,Megiston,245,367,Anniversary Arena: 5th Venue,B,Boss,Nightmare,100000000,483000,1,Fire,False,True,,
2122,Zega (5th Anniv),235,367,Anniversary Arena: 5th Venue,B,Boss,Hard,10000000,0,2,Water,False,True,,
2121,Megiston,235,367,Anniversary Arena: 5th Venue,B,Boss,Hard,40000000,193200,1,Fire,False,True,,
2120,Zega (5th Anniv),225,367,Anniversary Arena: 5th Venue,B,Boss,Normal,5000000,0,2,Water,False,True,,
2119,Megiston,225,367,Anniversary Arena: 5th Venue,B,Boss,Normal,20000000,96600,1,Fire,False,True,,
2118,Hyper Raffy,195,367,Anniversary Arena: 5th Venue,B,Boss,Normal,100,45000,0,Neutral,False,True,,
2117,Giant Alpoca,195,367,Anniversary Arena: 5th Venue,B,Boss,Normal,10000000,45000,0,Neutral,False,True,,
2116,Jumbo Oddy,195,367,Anniversary Arena: 5th Venue,B,Boss,Normal,10000000,45000,1,Fire,False,True,,
2115,Super Vanilla Potum,195,367,Anniversary Arena: 5th Venue,B,Boss,Normal,-1,45000,0,Neutral,False,True,,
2114,Topaz Eater,240,367,Anniversary Arena: 5th Venue,B,Boss,Ultimate,22200000,99000,4,Earth,False,True,,
2113,Sapphire Crusher,240,367,Anniversary Arena: 5th Venue,B,Boss,Ultimate,19000000,99000,2,Water,False,True,,
2112,Diamond Hunter,240,367,Anniversary Arena: 5th Venue,B,Boss,Ultimate,25400000,99000,6,Light,False,True,,
2111,Topaz Eater,220,367,Anniversary Arena: 5th Venue,B,Boss,Nightmare,11100000,49500,4,Earth,False,True,,
2110,Sapphire Crusher,220,367,Anniversary Arena: 5th Venue,B,Boss,Nightmare,9500000,49500,2,Water,False,True,,
2109,Diamond Hunter,220,367,Anniversary Arena: 5th Venue,B,Boss,Nightmare,12700000,49500,6,Light,False,True,,
2108,Topaz Eater,210,367,Anniversary Arena: 5th Venue,B,Boss,Hard,4440000,19800,4,Earth,False,True,,
2107,Sapphire Crusher,210,367,Anniversary Arena: 5th Venue,B,Boss,Hard,3800000,19800,2,Water,False,True,,
2106,Diamond Hunter,210,367,Anniversary Arena: 5th Venue,B,Boss,Hard,5080000,19800,6,Light,False,True,,
2105,Topaz Eater,200,367,Anniversary Arena: 5th Venue,B,Boss,Normal,2220000,9900,4,Earth,False,True,,
2104,Sapphire Crusher,200,367,Anniversary Arena: 5th Venue,B,Boss,Normal,1900000,9900,2,Water,False,True,,
2103,Diamond Hunter,200,367,Anniversary Arena: 5th Venue,B,Boss,Normal,2540000,9900,6,Light,False,True,,
2102,Strawberry Tapir,230,367,Anniversary Arena: 5th Venue,B,Boss,Ultimate,18000000,75000,3,Wind,False,True,,
2101,Chocopy,230,367,Anniversary Arena: 5th Venue,B,Boss,Ultimate,17000000,75000,4,Earth,False,True,,
2100,Mintyliebe,230,367,Anniversary Arena: 5th Venue,B,Boss,Ultimate,19000000,75000,2,Water,False,True,,
2099,Strawberry Tapir,210,367,Anniversary Arena: 5th Venue,B,Boss,Nightmare,9000000,37500,3,Wind,False,True,,
2098,Chocopy,210,367,Anniversary Arena: 5th Venue,B,Boss,Nightmare,8500000,37500,4,Earth,False,True,,
2097,Mintyliebe,210,367,Anniversary Arena: 5th Venue,B,Boss,Nightmare,9500000,37500,2,Water,False,True,,
2096,Strawberry Tapir,200,367,Anniversary Arena: 5th Venue,B,Boss,Hard,3600000,15000,3,Wind,False,True,,
2095,Chocopy,200,367,Anniversary Arena: 5th Venue,B,Boss,Hard,3400000,15000,4,Earth,False,True,,
2094,Mintyliebe,200,367,Anniversary Arena: 5th Venue,B,Boss,Hard,3800000,15000,2,Water,False,True,,
2093,Strawberry Tapir,190,367,Anniversary Arena: 5th Venue,B,Boss,Normal,1800000,7500,3,Wind,False,True,,
2092,Chocopy,190,367,Anniversary Arena: 5th Venue,B,Boss,Normal,1700000,7500,4,Earth,False,True,,
2091,Mintyliebe,190,367,Anniversary Arena: 5th Venue,B,Boss,Normal,1900000,7500,2,Water,False,True,,
2090,Sand Bandits Leader,215,365,Geist Desert: Area 3,M,Mini Boss,Normal,-1,48500,4,Earth,False,False,,
2089,Vulture,230,366,Geist Desert: Depths,B,Boss,Ultimate,56300000,272000,5,Dark,False,False,,
2088,Vulture,210,366,Geist Desert: Depths,B,Boss,Nightmare,28150000,136000,5,Dark,False,False,,
2087,Vulture,200,366,Geist Desert: Depths,B,Boss,Hard,11260000,54400,5,Dark,False,False,,
2086,Vulture,190,366,Geist Desert: Depths,B,Boss,Normal,5630000,27200,5,Dark,False,False,,
2085,Vulture,180,366,Geist Desert: Depths,B,Boss,Easy,563000,2720,5,Dark,False,False,,
2073,Patissia,225,87,Event,B,Boss,Ultimate,65000000,240000,4,Earth,False,True,,
2072,Repthon,227,361,Deltzon Research Zone: Deepest Area,B,Boss,Ultimate,50000000,247600,5,Dark,False,False,,
2071,Repthon,207,361,Deltzon Research Zone: Deepest Area,B,Boss,Nightmare,25000000,123800,5,Dark,False,False,,
2070,Repthon,197,361,Deltzon Research Zone: Deepest Area,B,Boss,Hard,10000000,49520,5,Dark,False,False,,
2069,Repthon,187,361,Deltzon Research Zone: Deepest Area,B,Boss,Normal,5000000,24760,5,Dark,False,False,,
2068,Repthon,177,361,Deltzon Research Zone: Deepest Area,B,Boss,Easy,500000,2476,5,Dark,False,False,,
2055,Tardigrademon,213,357,Old Lufenas Mansion Ruins,M,Mini Boss,Normal,-1,38157,1,Fire,False,False,,
2052,Amalgam,200,351,Twilight Sakura Castle: Top,B,Boss,Nightmare,10000000,46000,5,Dark,False,True,,
2049,Demonic Quasar,225,356,Morga Wasteland: Deepest Area,B,Boss,Ultimate,80000000,405000,5,Dark,False,False,,
2048,Demonic Quasar,205,356,Morga Wasteland: Deepest Area,B,Boss,Nightmare,40000000,202500,5,Dark,False,False,,
2047,Demonic Quasar,195,356,Morga Wasteland: Deepest Area,B,Boss,Hard,16000000,81000,5,Dark,False,False,,
2046,Demonic Quasar,185,356,Morga Wasteland: Deepest Area,B,Boss,Normal,8000000,40500,5,Dark,False,False,,
2045,Demonic Quasar,175,356,Morga Wasteland: Deepest Area,B,Boss,Easy,800000,4050,5,Dark,False,False,,
2037,Demonic Eye,212,352,Dea Ruinea,M,Mini Boss,Normal,10000000,75834,3,Wind,False,False,,
2036,Felicitoad,190,79,Sofya City: Government Office,B,Boss,Ultimate,66000000,200000,2,Water,False,True,,
2035,Felicitoad,170,79,Sofya City: Government Office,B,Boss,Nightmare,33000000,100000,2,Water,False,True,,
2034,Felicitoad,160,79,Sofya City: Government Office,B,Boss,Hard,13200000,40000,2,Water,False,True,,
2033,Felicitoad,150,79,Sofya City: Government Office,B,Boss,Normal,66000000,20000,2,Water,False,True,,
2032,Felicitoad,140,79,Sofya City: Government Office,B,Boss,Easy,660000,2000,2,Water,False,True,,
2031,Golden Coryn (2020),109,248,Tolbas GrassLand,M,Mini Boss,Normal,10000,20,0,Neutral,False,True,,
2030,Golden Coryn (2020),108,110,Wanderer's Plain,M,Mini Boss,Normal,10000,20,0,Neutral,False,True,,
2029,Golden Coryn (2020),107,70,Darkanon Plain,M,Mini Boss,Normal,10000,20,0,Neutral,False,True,,
2028,Golden Coryn (2020),106,51,Yorl Highlands,M,Mini Boss,Normal,10000,20,0,Neutral,False,True,,
2027,Golden Coryn (2020),105,7,Rakau Plains,M,Mini Boss,Normal,10000,20,0,Neutral,False,True,,
2026,Golden Coryn (2019),104,248,Tolbas GrassLand,M,Mini Boss,Normal,10000,20,0,Neutral,False,True,,
2025,Golden Coryn (2019),103,110,Wanderer's Plain,M,Mini Boss,Normal,10000,20,0,Neutral,False,True,,
2024,Golden Coryn (2019),102,70,Darkanon Plain,M,Mini Boss,Normal,10000,20,0,Neutral,False,True,,
2023,Golden Coryn (2019),101,51,Yorl Highlands,M,Mini Boss,Normal,10000,20,0,Neutral,False,True,,
2022,Golden Coryn (2019),100,7,Rakau Plains,M,Mini Boss,Normal,10000,20,0,Neutral,False,True,,
2021,Amalgam,180,351,Twilight Sakura Castle: Top,B,Boss,Hard,6000000,26500,5,Dark,False,True,,
2020,Amalgam,160,351,Twilight Sakura Castle: Top,B,Boss,Normal,3000000,13100,5,Dark,False,True,,
2019,Amalgam,140,351,Twilight Sakura Castle: Top,B,Boss,Easy,740000,3500,5,Dark,False,True,,
2011,Gravicep,224,348,Recetacula Sector: Depot Rooftop,B,Boss,Ultimate,51500000,191900,0,Neutral,False,False,,
2010,Gravicep,204,348,Recetacula Sector: Depot Rooftop,B,Boss,Nightmare,25750000,95950,0,Neutral,False,False,,
2009,Gravicep,194,348,Recetacula Sector: Depot Rooftop,B,Boss,Hard,10300000,38380,0,Neutral,False,False,,
2008,Gravicep,184,348,Recetacula Sector: Depot Rooftop,B,Boss,Normal,5150000,19190,0,Neutral,False,False,,
2007,Gravicep,174,348,Recetacula Sector: Depot Rooftop,B,Boss,Easy,515000,1919,0,Neutral,False,False,,
2000,Canemofish,210,345,Recetacula Sector: Area 1,M,Mini Boss,Normal,-1,39845,6,Light,False,False,,
1991,Mercy (Choco Banana),220,121,Dunkel Valley,B,Boss,Ultimate,24000000,110000,2,Water,False,True,,
1990,Mercy (Banana),190,121,Dunkel Valley,B,Boss,Nightmare,11000000,46400,2,Water,False,True,,
1989,Mercy (Strawberry),160,121,Dunkel Valley,B,Boss,Hard,4000000,20000,2,Water,False,True,,
1988,Mercy (Plain),130,121,Dunkel Valley,B,Boss,Normal,1000000,7000,2,Water,False,True,,
1987,Golden Potum (11M DL),100,248,Tolbas GrassLand,M,Mini Boss,Normal,30,100,6,Light,False,True,,
1986,Golden Potum (11M DL),100,110,Wanderer's Plain,M,Mini Boss,Normal,30,100,6,Light,False,True,,
1985,Golden Potum (11M DL),100,70,Darkanon Plain,M,Mini Boss,Normal,30,100,6,Light,False,True,,
1984,Golden Potum (11M DL),100,51,Yorl Highlands,M,Mini Boss,Normal,30,100,6,Light,False,True,,
1983,Golden Potum (11M DL),100,7,Rakau Plains,M,Mini Boss,Normal,30,100,6,Light,False,True,,
1982,Potumotter (11M DL),220,79,Sofya City: Government Office,B,Boss,Ultimate,-1,72500,4,Earth,False,True,,
1981,Potumotter (11M DL),190,79,Sofya City: Government Office,B,Boss,Nightmare,-1,36250,4,Earth,False,True,,
1980,Potumotter (11M DL),180,79,Sofya City: Government Office,B,Boss,Hard,-1,14500,4,Earth,False,True,,
1979,Potumotter (11M DL),170,79,Sofya City: Government Office,B,Boss,Normal,-1,7250,4,Earth,False,True,,
1978,Potumotter (11M DL),160,79,Sofya City: Government Office,B,Boss,Easy,-1,725,4,Earth,False,True,,
1977,Pomie Chan (11M DL),220,79,Sofya City: Government Office,B,Boss,Ultimate,-1,96667,4,Earth,False,True,,
1976,Pomie Chan (11M DL),190,79,Sofya City: Government Office,B,Boss,Nightmare,-1,48333,4,Earth,False,True,,
1975,Pomie Chan (11M DL),180,79,Sofya City: Government Office,B,Boss,Hard,-1,19333,4,Earth,False,True,,
1974,Pomie Chan (11M DL),170,79,Sofya City: Government Office,B,Boss,Normal,-1,9667,4,Earth,False,True,,
1973,Pomie Chan (11M DL),160,79,Sofya City: Government Office,B,Boss,Easy,-1,967,4,Earth,False,True,,
1972,Hero Potum (11M DL),220,79,Sofya City: Government Office,B,Boss,Ultimate,26000000,145000,6,Light,False,True,,
1971,Hero Potum (11M DL),190,79,Sofya City: Government Office,B,Boss,Nightmare,13000000,72500,6,Light,False,True,,
1970,Hero Potum (11M DL),180,79,Sofya City: Government Office,B,Boss,Hard,5200000,29000,6,Light,False,True,,
1969,Hero Potum (11M DL),170,79,Sofya City: Government Office,B,Boss,Normal,2600000,14500,6,Light,False,True,,
1968,Hero Potum (11M DL),160,79,Sofya City: Government Office,B,Boss,Easy,260000,1450,6,Light,False,True,,
1967,Sapphire Roga,221,343,Avant Plastida: Deepest Area,B,Boss,Ultimate,38000000,202700,5,Dark,False,False,,
1966,Sapphire Roga,201,343,Avant Plastida: Deepest Area,B,Boss,Nightmare,19000000,101350,5,Dark,False,False,,
1965,Sapphire Roga,191,343,Avant Plastida: Deepest Area,B,Boss,Hard,7600000,40540,5,Dark,False,False,,
1964,Sapphire Roga,181,343,Avant Plastida: Deepest Area,B,Boss,Normal,3800000,20270,5,Dark,False,False,,
1963,Sapphire Roga,171,343,Avant Plastida: Deepest Area,B,Boss,Easy,380000,2027,5,Dark,False,False,,
1955,Bloodie Crystal,207,340,Avant Plastida: Area 1,M,Mini Boss,Normal,-1,34280,5,Dark,False,False,,
1944,Jeandoux (Dark),210,338,Sweet Hades,B,Boss,Ultimate,6430000,31000,3,Wind,False,True,,
1943,Jeandoux (Bitter),180,338,Sweet Hades,B,Boss,Nightmare,4460000,23000,3,Wind,False,True,,
1942,Jeandoux (Sweet),150,338,Sweet Hades,B,Boss,Hard,2920000,17000,3,Wind,False,True,,
1941,Jeandoux (Milk),120,338,Sweet Hades,B,Boss,Normal,1170000,12000,3,Wind,False,True,,
1937,Kuzto,218,337,Labilans Sector: Square,B,Boss,Ultimate,35000000,182000,4,Earth,False,False,,
1936,Kuzto,198,337,Labilans Sector: Square,B,Boss,Nightmare,17500000,91000,4,Earth,False,False,,
1935,Kuzto,188,337,Labilans Sector: Square,B,Boss,Hard,7000000,36400,4,Earth,False,False,,
1934,Kuzto,178,337,Labilans Sector: Square,B,Boss,Normal,3500000,18200,4,Earth,False,False,,
1933,Kuzto,168,337,Labilans Sector: Square,B,Boss,Easy,350000,1820,4,Earth,False,False,,
1932,Mega Alpoca,204,336,Labilans Sector: Area 3,M,Mini Boss,Normal,-1,34100,0,Neutral,False,False,,
1916,Omochi,50,87,Event,B,Boss,Ultimate,400000,3000,6,Light,False,False,,
1915,Omochi,30,87,Event,B,Boss,Nightmare,200000,1500,6,Light,False,False,,
1914,Omochi,20,87,Event,B,Boss,Hard,80000,600,6,Light,False,False,,
1913,Omochi,10,87,Event,B,Boss,Normal,40000,300,6,Light,False,False,,
1912,Omochi,1,87,Event,B,Boss,Easy,4000,30,6,Light,False,True,,
1911,Zega (Megiston 2019),205,87,Event,B,Boss,Normal,5340000,69000,2,Water,False,True,,
1910,Blancanine the White Fang (Megiston 2019),195,87,Event,B,Boss,Normal,4150000,48400,6,Light,False,True,,
1909,Zelbuse (Megiston 2019),185,87,Event,B,Boss,Normal,1100000,33300,6,Light,False,True,,
1908,Crystal Titan (Megiston 2019),175,87,Event,B,Boss,Normal,2300000,12500,5,Dark,False,True,,
1907,Zahhak Machina (Megiston 2019),165,87,Event,B,Boss,Normal,1600000,9200,6,Light,False,True,,
1906,Evil Shadow,177,320,Reindeer Forest,B,Boss,Hard,3750000,19500,2,Water,False,True,,
1905,Evil Shadow,157,320,Reindeer Forest,B,Boss,Normal,2840000,16000,2,Water,False,True,,
1904,Evil Shadow,137,320,Reindeer Forest,B,Boss,Easy,1400000,13000,2,Water,False,True,,
1903,Shawle,170,332,Joulu House: Hall (Lv 150),B,Boss,Normal,2000000,9600,2,Water,False,True,,
1902,Shawle,150,331,Joulu House: Hall (Lv130),B,Boss,Normal,1450000,7900,2,Water,False,True,,
1901,Shawle,130,330,Joulu House: Hall (Lv 110),B,Boss,Normal,700000,6300,2,Water,False,True,,
1871,Nuthoreth,230,87,Event,B,Boss,Ultimate,90000000,230000,3,Wind,False,True,,
1870,Nuthoreth,210,87,Event,B,Boss,Nightmare,45000000,115000,3,Wind,False,True,,
1869,Nuthoreth,200,87,Event,B,Boss,Hard,18000000,46000,3,Wind,False,True,,
1867,Nuthoreth,190,87,Event,B,Boss,Normal,9000000,23000,3,Wind,False,True,,
1866,Volgagon,200,87,Event,B,Boss,Normal,40000000,68500,0,Neutral,False,True,,
1865,Pyxtica,215,318,Fractum Sector: Area 3,B,Boss,Ultimate,25700000,202000,5,Dark,False,False,,
1864,Pyxtica,195,318,Fractum Sector: Area 3,B,Boss,Nightmare,12850000,101000,5,Dark,False,False,,
1863,Pyxtica,185,318,Fractum Sector: Area 3,B,Boss,Hard,5140000,40400,5,Dark,False,False,,
1862,Pyxtica,175,318,Fractum Sector: Area 3,B,Boss,Normal,2570000,20200,5,Dark,False,False,,
1861,Pyxtica,165,318,Fractum Sector: Area 3,B,Boss,Easy,257000,2020,5,Dark,False,False,,
1853,Armasite,201,316,Fractum Sector: Area 1,M,Mini Boss,Normal,-1,33330,1,Fire,False,False,,
1843,Yashiro Azuki's Dad (Lv 170 Raid),215,87,Event,B,Boss,Ultimate,-1,-1,3,Wind,False,True,,
1842,Yashiro Azuki's Dad (Lv 170 Raid),195,87,Event,B,Boss,Nightmare,-1,-1,3,Wind,False,True,,
1841,Yashiro Azuki's Dad (Lv 170 Raid),185,87,Event,B,Boss,Hard,-1,-1,3,Wind,False,True,,
1840,Yashiro Azuki's Dad (Lv 170 Raid),175,87,Event,B,Boss,Normal,-1,-1,3,Wind,False,True,,
1839,Yashiro Azuki's Dad (Lv 170 Raid),165,87,Event,B,Boss,Easy,-1,-1,3,Wind,False,True,,
1838,Narumi Hina (Lv170 Raid),210,87,Event,B,Boss,Ultimate,35000000,220000,6,Light,False,True,,
1837,Narumi Hina (Lv170 Raid),190,87,Event,B,Boss,Nightmare,17500000,110000,6,Light,False,True,,
1836,Narumi Hina (Lv170 Raid),180,87,Event,B,Boss,Hard,7000000,44000,6,Light,False,True,,
1835,Narumi Hina (Lv170 Raid),170,87,Event,B,Boss,Normal,3500000,22000,6,Light,False,True,,
1834,Narumi Hina (Lv170 Raid),160,87,Event,B,Boss,Easy,350000,2200,6,Light,False,True,,
1833,Yashiro Azuki's Dad (Lv 110 Raid),155,87,Event,B,Boss,Ultimate,-1,-1,3,Wind,False,True,,
1832,Yashiro Azuki's Dad (Lv 110 Raid),135,87,Event,B,Boss,Nightmare,-1,-1,3,Wind,False,True,,
1831,Yashiro Azuki's Dad (Lv 110 Raid),125,87,Event,B,Boss,Hard,-1,-1,3,Wind,False,True,,
1830,Yashiro Azuki's Dad (Lv 110 Raid),115,87,Event,B,Boss,Normal,-1,-1,3,Wind,False,True,,
1829,Yashiro Azuki's Dad (Lv 110 Raid),105,87,Event,B,Boss,Easy,-1,-1,3,Wind,False,True,,
1828,Narumi Hina (Lv 110 Raid),150,87,Event,B,Boss,Ultimate,8600000,73000,6,Light,False,True,,
1827,Narumi Hina (Lv 110 Raid),1130,87,Event,B,Boss,Nightmare,4300000,36500,6,Light,False,True,,
1826,Narumi Hina (Lv 110 Raid),120,87,Event,B,Boss,Hard,1720000,14600,6,Light,False,True,,
1825,Narumi Hina (Lv 110 Raid),110,87,Event,B,Boss,Normal,860000,7300,6,Light,False,True,,
1824,Narumi Hina (Lv 110 Raid),100,87,Event,B,Boss,Easy,86000,730,6,Light,False,True,,
1823,Yashiro Azuki's Dad (Lv 50 Raid),95,87,Event,B,Boss,Ultimate,-1,-1,3,Wind,False,True,,
1822,Yashiro Azuki's Dad (Lv 50 Raid),75,87,Event,B,Boss,Nightmare,-1,-1,3,Wind,False,True,,
1821,Yashiro Azuki's Dad (Lv 50 Raid),65,87,Event,B,Boss,Hard,-1,-1,3,Wind,False,True,,
1820,Yashiro Azuki's Dad (Lv 50 Raid),55,87,Event,B,Boss,Normal,-1,-1,3,Wind,False,True,,
1819,Yashiro Azuki's Dad (Lv 50 Raid),45,87,Event,B,Boss,Easy,-1,-1,3,Wind,False,True,,
1818,Narumi Hina (Lv 50 Raid),90,87,Event,B,Boss,Ultimate,820000,11400,6,Light,False,True,,
1817,Narumi Hina (Lv 50 Raid),70,87,Event,B,Boss,Nightmare,410000,5700,6,Light,False,True,,
1816,Narumi Hina (Lv 50 Raid),60,87,Event,B,Boss,Hard,164000,2280,6,Light,False,True,,
1815,Narumi Hina (Lv 50 Raid),50,87,Event,B,Boss,Normal,82000,1140,6,Light,False,True,,
1814,Narumi Hina (Lv 50 Raid),40,87,Event,B,Boss,Easy,8200,114,6,Light,False,True,,
1813,Zarth,175,314,Zarth's Mansion: Back,B,Boss,Very Hard,4400000,20000,3,Wind,False,True,,
1812,Zarth,150,314,Zarth's Mansion: Back,B,Boss,Hard,1300000,7100,3,Wind,False,True,,
1811,Radibat,200,313,Zarth's Mansion: Study,M,Mini Boss,Normal,-1,44880,4,Earth,False,True,,
1801,Zarth,125,314,Zarth's Mansion: Back,B,Boss,Normal,560000,5300,3,Wind,False,True,,
1800,Zarth,100,314,Zarth's Mansion: Back,B,Boss,Easy,350000,3800,3,Wind,False,True,,
1799,Usasama the Necromancer,215,87,Event,B,Boss,Hard,8000000,67000,5,Dark,False,True,,
1794,Gerumi,180,87,Event,B,Boss,Normal,5000000,50000,2,Water,False,True,,
1793,Frenzy Viola,198,309,Morthell Swell: Area 3,M,Mini Boss,Normal,-1,42126,4,Earth,False,False,,
1792,Eroded Pilz,212,310,Morthell Swell: Deep Area,B,Boss,Ultimate,23600000,187000,1,Fire,False,False,,
1791,Eroded Pilz,192,310,Morthell Swell: Deep Area,B,Boss,Nightmare,11800000,93500,1,Fire,False,False,,
1790,Eroded Pilz,182,310,Morthell Swell: Deep Area,B,Boss,Hard,4720000,37400,1,Fire,False,False,,
1789,Eroded Pilz,172,310,Morthell Swell: Deep Area,B,Boss,Normal,2360000,18700,1,Fire,False,False,,
1788,Eroded Pilz,162,310,Morthell Swell: Deep Area,B,Boss,Easy,236000,1870,1,Fire,False,False,,
1772,Usami (Otsukimi 2019),90,305,Otsukimi Event Venue: Crater Zone,B,Boss,Nightmare,300000,3500,2,Water,False,True,,
1771,Usami (Otsukimi 2019),60,305,Otsukimi Event Venue: Crater Zone,B,Boss,Hard,150000,2000,2,Water,False,True,,
1770,Usami (Otsukimi 2019),30,305,Otsukimi Event Venue: Crater Zone,B,Boss,Normal,32000,800,2,Water,False,True,,
1769,Usakichi (Otsukimi 2019),90,305,Otsukimi Event Venue: Crater Zone,B,Boss,Nightmare,300000,3500,4,Earth,False,True,,
1768,Usakichi (Otsukimi 2019),60,305,Otsukimi Event Venue: Crater Zone,B,Boss,Hard,150000,2000,4,Earth,False,True,,
1767,Usakichi (Otsukimi 2019),30,305,Otsukimi Event Venue: Crater Zone,B,Boss,Normal,32000,800,4,Earth,False,True,,
1766,Giant Moon Crab,150,305,Otsukimi Event Venue: Crater Zone,B,Boss,Nightmare,1000000,8000,6,Light,False,True,,
1765,Giant Moon Crab,100,305,Otsukimi Event Venue: Crater Zone,B,Boss,Hard,500000,4200,6,Light,False,True,,
1764,Giant Moon Crab,50,305,Otsukimi Event Venue: Crater Zone,B,Boss,Normal,100000,1520,6,Light,False,True,,
1763,Megiston (4th Anniv),250,299,Anniversary Arena: 4th Venue,B,Boss,Ultimate,150000000,750000,1,Fire,False,True,,
1762,Megiston (4th Anniv),230,299,Anniversary Arena: 4th Venue,B,Boss,Nightmare,75000000,375000,1,Fire,False,True,,
1761,Megiston (4th Anniv),220,299,Anniversary Arena: 4th Venue,B,Boss,Hard,30000000,150000,1,Fire,False,True,,
1760,Megiston (4th Anniv),210,299,Anniversary Arena: 4th Venue,B,Boss,Normal,15000000,75000,1,Fire,False,True,,
1759,Tuscog,209,304,Eryldan Street: Near the Forest of Ein,B,Boss,Ultimate,19500000,133000,4,Earth,False,False,,
1758,Tuscog,189,304,Eryldan Street: Near the Forest of Ein,B,Boss,Nightmare,9750000,66500,4,Earth,False,False,,
1757,Tuscog,179,304,Eryldan Street: Near the Forest of Ein,B,Boss,Hard,3900000,26600,4,Earth,False,False,,
1756,Tuscog,169,304,Eryldan Street: Near the Forest of Ein,B,Boss,Normal,1950000,13300,4,Earth,False,False,,
1755,Tuscog,159,304,Eryldan Street: Near the Forest of Ein,B,Boss,Easy,195000,1330,4,Earth,False,False,,
1742,Grimuckus,195,300,Wazeero Street,M,Mini Boss,Normal,-1,30240,2,Water,False,False,,
1736,Lv180 EX Arena Mini Bosses,180,299,Anniversary Arena: 4th Venue,B,Boss,Normal,-1,-1,0,Neutral,False,True,,
1735,Vice Chief Guard Dula,225,299,Anniversary Arena: 4th Venue,B,Boss,Ultimate,15000000,70000,6,Light,False,True,,
1734,Transcendent Angel Leese,225,299,Anniversary Arena: 4th Venue,B,Boss,Ultimate,10000000,70000,0,Neutral,False,True,,
1733,Chief Guard Buse,225,299,Anniversary Arena: 4th Venue,B,Boss,Ultimate,10000000,70000,0,Neutral,False,True,,
1732,Vice Chief Guard Dula,205,299,Anniversary Arena: 4th Venue,B,Boss,Nightmare,7500000,35000,6,Light,False,True,,
1731,Transcendent Angel Leese,205,299,Anniversary Arena: 4th Venue,B,Boss,Nightmare,5000000,35000,0,Neutral,False,True,,
1730,Chief Guard Buse,205,299,Anniversary Arena: 4th Venue,B,Boss,Nightmare,5000000,35000,0,Neutral,False,True,,
1729,Vice Chief Guard Dula,195,299,Anniversary Arena: 4th Venue,B,Boss,Hard,3000000,14000,6,Light,False,True,,
1728,Transcendent Angel Leese,195,299,Anniversary Arena: 4th Venue,B,Boss,Hard,2000000,14000,0,Neutral,False,True,,
1727,Chief Guard Buse,195,299,Anniversary Arena: 4th Venue,B,Boss,Hard,2000000,14000,0,Neutral,False,True,,
1726,Vice Chief Guard Dula,185,299,Anniversary Arena: 4th Venue,B,Boss,Normal,1500000,7000,6,Light,False,True,,
1725,Transcendent Angel Leese,185,299,Anniversary Arena: 4th Venue,B,Boss,Normal,1000000,7000,0,Neutral,False,True,,
1724,Chief Guard Buse,185,299,Anniversary Arena: 4th Venue,B,Boss,Normal,1000000,7000,0,Neutral,False,True,,
1723,Ranger Pterosaur,210,299,Anniversary Arena: 4th Venue,B,Boss,Ultimate,15000000,38000,3,Wind,False,True,,
1722,Forest Roamer,210,299,Anniversary Arena: 4th Venue,B,Boss,Ultimate,10000000,38000,3,Wind,False,True,,
1721,Forest Therapist,210,299,Anniversary Arena: 4th Venue,B,Boss,Ultimate,7000000,38000,6,Light,False,True,,
1720,Ranger Pterosaur,190,299,Anniversary Arena: 4th Venue,B,Boss,Nightmare,7500000,19000,3,Wind,False,True,,
1719,Forest Roamer,190,299,Anniversary Arena: 4th Venue,B,Boss,Nightmare,5000000,19000,3,Wind,False,True,,
1718,Forest Therapist,190,299,Anniversary Arena: 4th Venue,B,Boss,Nightmare,3500000,19000,6,Light,False,True,,
1717,Ranger Pterosaur,180,299,Anniversary Arena: 4th Venue,B,Boss,Hard,3000000,7600,3,Wind,False,True,,
1716,Forest Roamer,180,299,Anniversary Arena: 4th Venue,B,Boss,Hard,2000000,7600,3,Wind,False,True,,
1715,Forest Therapist,180,299,Anniversary Arena: 4th Venue,B,Boss,Hard,1400000,7600,6,Light,False,True,,
1714,Ranger Pterosaur,170,299,Anniversary Arena: 4th Venue,B,Boss,Normal,1500000,3800,3,Wind,False,True,,
1713,Forest Roamer,170,299,Anniversary Arena: 4th Venue,B,Boss,Normal,1000000,3800,3,Wind,False,True,,
1712,Forest Therapist,170,299,Anniversary Arena: 4th Venue,B,Boss,Normal,700000,3800,6,Light,False,True,,
1711,Megiston,200,241,Anniversary Arena: 3rd Venue,B,Boss,Ultimate,100000000,860000,1,Fire,False,True,,
1710,Megiston,180,241,Anniversary Arena: 3rd Venue,B,Boss,Nightmare,50000000,430000,1,Fire,False,True,,
1709,Megiston,170,241,Anniversary Arena: 3rd Venue,B,Boss,Hard,20000000,172000,1,Fire,False,True,,
1708,Megiston,160,241,Anniversary Arena: 3rd Venue,B,Boss,Normal,10000000,86000,1,Fire,False,True,,
1707,The Tyrannic Thrust,195,241,Anniversary Arena: 3rd Venue,B,Boss,Ultimate,5500000,50000,5,Dark,False,True,,
1706,The Claws of Death,195,241,Anniversary Arena: 3rd Venue,B,Boss,Ultimate,5500000,50000,5,Dark,False,True,,
1705,The Cursed Venom Arm,195,241,Anniversary Arena: 3rd Venue,B,Boss,Ultimate,5500000,50000,5,Dark,False,True,,
1704,The Tyrannic Thrust,175,241,Anniversary Arena: 3rd Venue,B,Boss,Nightmare,2750000,25000,5,Dark,False,True,,
1703,The Claws of Death,175,241,Anniversary Arena: 3rd Venue,B,Boss,Nightmare,2750000,25000,5,Dark,False,True,,
1702,The Cursed Venom Arm,175,241,Anniversary Arena: 3rd Venue,B,Boss,Nightmare,2750000,25000,5,Dark,False,True,,
1701,The Tyrannic Thrust,165,241,Anniversary Arena: 3rd Venue,B,Boss,Hard,1100000,10000,5,Dark,False,True,,
1700,The Claws of Death,165,241,Anniversary Arena: 3rd Venue,B,Boss,Hard,1100000,10000,5,Dark,False,True,,
1699,The Cursed Venom Arm,165,241,Anniversary Arena: 3rd Venue,B,Boss,Hard,1100000,10000,5,Dark,False,True,,
1698,The Tyrannic Thrust,155,241,Anniversary Arena: 3rd Venue,B,Boss,Normal,550000,5000,5,Dark,False,True,,
1697,The Claws of Death,155,241,Anniversary Arena: 3rd Venue,B,Boss,Normal,550000,5000,5,Dark,False,True,,
1696,The Cursed Venom Arm,155,241,Anniversary Arena: 3rd Venue,B,Boss,Normal,550000,5000,5,Dark,False,True,,
1695,Masked Moon,180,241,Anniversary Arena: 3rd Venue,B,Boss,Ultimate,4800000,46000,5,Dark,False,True,,
1694,Masked Gloom,180,241,Anniversary Arena: 3rd Venue,B,Boss,Ultimate,4800000,46000,3,Wind,False,True,,
1693,Masked Axeman,180,241,Anniversary Arena: 3rd Venue,B,Boss,Ultimate,4800000,46000,1,Fire,False,True,,
1692,Masked Moon,160,241,Anniversary Arena: 3rd Venue,B,Boss,Nightmare,2400000,23000,5,Dark,False,True,,
1691,Masked Gloom,160,241,Anniversary Arena: 3rd Venue,B,Boss,Nightmare,2400000,23000,3,Wind,False,True,,
1690,Masked Axeman,160,241,Anniversary Arena: 3rd Venue,B,Boss,Nightmare,2400000,23000,1,Fire,False,True,,
1689,Masked Moon,150,241,Anniversary Arena: 3rd Venue,B,Boss,Hard,960000,9200,5,Dark,False,True,,
1688,Masked Gloom,150,241,Anniversary Arena: 3rd Venue,B,Boss,Hard,960000,9200,3,Wind,False,True,,
1687,Masked Axeman,150,241,Anniversary Arena: 3rd Venue,B,Boss,Hard,960000,9200,1,Fire,False,True,,
1686,Masked Moon,140,241,Anniversary Arena: 3rd Venue,B,Boss,Normal,480000,4600,5,Dark,False,True,,
1685,Masked Gloom,140,241,Anniversary Arena: 3rd Venue,B,Boss,Normal,480000,4600,3,Wind,False,True,,
1684,Masked Axeman,140,241,Anniversary Arena: 3rd Venue,B,Boss,Normal,480000,4600,1,Fire,False,True,,
1683,4th Anniv Event (all boss),0,87,Event,B,Boss,Normal,0,0,0,Neutral,False,True,,
1682,Zolban the Dark Captain of Wind,165,240,Anniversary Arena: 2nd Venue,B,Boss,Ultimate,3400000,34000,3,Wind,False,True,,
1681,Vatendeth the Dark General,165,240,Anniversary Arena: 2nd Venue,B,Boss,Ultimate,3400000,34000,5,Dark,False,True,,
1680,Grecia the Goddess of Courage,165,240,Anniversary Arena: 2nd Venue,B,Boss,Ultimate,3400000,34000,6,Light,False,True,,
1679,Zolban the Dark Captain of Wind,145,240,Anniversary Arena: 2nd Venue,B,Boss,Nightmare,1700000,17000,3,Wind,False,True,,
1678,Vatendeth the Dark General,145,240,Anniversary Arena: 2nd Venue,B,Boss,Nightmare,1700000,17000,5,Dark,False,True,,
1677,Grecia the Goddess of Courage,145,240,Anniversary Arena: 2nd Venue,B,Boss,Nightmare,1700000,17000,6,Light,False,True,,
1676,Zolban the Dark Captain of Wind,135,240,Anniversary Arena: 2nd Venue,B,Boss,Hard,680000,6800,3,Wind,False,True,,
1675,Vatendeth the Dark General,135,240,Anniversary Arena: 2nd Venue,B,Boss,Hard,680000,6800,5,Dark,False,True,,
1674,Grecia the Goddess of Courage,135,240,Anniversary Arena: 2nd Venue,B,Boss,Hard,680000,6800,6,Light,False,True,,
1673,Zolban the Dark Captain of Wind,125,240,Anniversary Arena: 2nd Venue,B,Boss,Normal,340000,3400,3,Wind,False,True,,
1672,Vatendeth the Dark General,125,240,Anniversary Arena: 2nd Venue,B,Boss,Normal,340000,3400,5,Dark,False,True,,
1671,Grecia the Goddess of Courage,125,240,Anniversary Arena: 2nd Venue,B,Boss,Normal,340000,3400,6,Light,False,True,,
1670,Iceberg Silver Knight,140,240,Anniversary Arena: 2nd Venue,B,Boss,Ultimate,250000,30000,2,Water,False,True,,
1669,Evil Emerald Beast,140,240,Anniversary Arena: 2nd Venue,B,Boss,Ultimate,250000,30000,3,Wind,False,True,,
1668,Hellfire Scrap Golem,140,240,Anniversary Arena: 2nd Venue,B,Boss,Ultimate,250000,30000,1,Fire,False,True,,
1667,Iceberg Silver Knight,120,240,Anniversary Arena: 2nd Venue,B,Boss,Nightmare,125000,15000,2,Water,False,True,,
1666,Evil Emerald Beast,120,240,Anniversary Arena: 2nd Venue,B,Boss,Nightmare,125000,15000,3,Wind,False,True,,
1665,Hellfire Scrap Golem,120,240,Anniversary Arena: 2nd Venue,B,Boss,Nightmare,125000,15000,1,Fire,False,True,,
1664,Iceberg Silver Knight,110,240,Anniversary Arena: 2nd Venue,B,Boss,Hard,50000,6000,2,Water,False,True,,
1663,Evil Emerald Beast,110,240,Anniversary Arena: 2nd Venue,B,Boss,Hard,50000,6000,3,Wind,False,True,,
1662,Hellfire Scrap Golem,110,240,Anniversary Arena: 2nd Venue,B,Boss,Hard,50000,6000,1,Fire,False,True,,
1661,Iceberg Silver Knight,100,240,Anniversary Arena: 2nd Venue,B,Boss,Normal,250000,3000,2,Water,False,True,,
1660,Evil Emerald Beast,100,240,Anniversary Arena: 2nd Venue,B,Boss,Normal,250000,3000,3,Wind,False,True,,
1659,Hellfire Scrap Golem,100,240,Anniversary Arena: 2nd Venue,B,Boss,Normal,250000,3000,1,Fire,False,True,,
1658,False God,115,239,Anniversary Arena: 1st Venue,B,Boss,Ultimate,1800000,27000,6,Light,False,True,,
1657,Faithful Guardian,115,239,Anniversary Arena: 1st Venue,B,Boss,Ultimate,1800000,27000,1,Fire,False,True,,
1656,Outerworld Soldier,115,239,Anniversary Arena: 1st Venue,B,Boss,Ultimate,1800000,27000,4,Earth,False,True,,
1655,False God,95,239,Anniversary Arena: 1st Venue,B,Boss,Nightmare,900000,13500,6,Light,False,True,,
1654,Faithful Guardian,95,239,Anniversary Arena: 1st Venue,B,Boss,Nightmare,900000,13500,1,Fire,False,True,,
1653,Outerworld Soldier,95,239,Anniversary Arena: 1st Venue,B,Boss,Nightmare,900000,13500,4,Earth,False,True,,
1652,False God,85,239,Anniversary Arena: 1st Venue,B,Boss,Hard,360000,5400,6,Light,False,True,,
1651,Faithful Guardian,85,239,Anniversary Arena: 1st Venue,B,Boss,Hard,360000,5400,1,Fire,False,True,,
1650,Outerworld Soldier,85,239,Anniversary Arena: 1st Venue,B,Boss,Hard,360000,5400,4,Earth,False,True,,
1649,False God,75,239,Anniversary Arena: 1st Venue,B,Boss,Normal,180000,2700,6,Light,False,True,,
1648,Faithful Guardian,75,239,Anniversary Arena: 1st Venue,B,Boss,Normal,180000,2700,1,Fire,False,True,,
1647,Outerworld Soldier,75,239,Anniversary Arena: 1st Venue,B,Boss,Normal,180000,2700,4,Earth,False,True,,
1646,Priest Warmonger,90,239,Anniversary Arena: 1st Venue,B,Boss,Ultimate,600000,12000,2,Water,False,True,,
1645,Warrior Minotaur,90,239,Anniversary Arena: 1st Venue,B,Boss,Ultimate,600000,12000,4,Earth,False,True,,
1644,Fighter Mochelo,90,239,Anniversary Arena: 1st Venue,B,Boss,Ultimate,600000,12000,3,Wind,False,True,,
1643,Priest Warmonger,70,239,Anniversary Arena: 1st Venue,B,Boss,Nightmare,300000,6000,2,Water,False,True,,
1642,Warrior Minotaur,70,239,Anniversary Arena: 1st Venue,B,Boss,Nightmare,300000,6000,4,Earth,False,True,,
1641,Fighter Mochelo,70,239,Anniversary Arena: 1st Venue,B,Boss,Nightmare,300000,6000,3,Wind,False,True,,
1640,Priest Warmonger,60,239,Anniversary Arena: 1st Venue,B,Boss,Hard,120000,2400,2,Water,False,True,,
1639,Warrior Minotaur,60,239,Anniversary Arena: 1st Venue,B,Boss,Hard,120000,2400,4,Earth,False,True,,
1638,Fighter Mochelo,60,239,Anniversary Arena: 1st Venue,B,Boss,Hard,120000,2400,3,Wind,False,True,,
1637,Priest Warmonger,50,239,Anniversary Arena: 1st Venue,B,Boss,Normal,60000,1200,2,Water,False,True,,
1636,Warrior Minotaur,50,239,Anniversary Arena: 1st Venue,B,Boss,Normal,60000,1200,4,Earth,False,True,,
1635,Fighter Mochelo,50,239,Anniversary Arena: 1st Venue,B,Boss,Normal,60000,1200,3,Wind,False,True,,
1634,Festival Golem C,65,239,Anniversary Arena: 1st Venue,B,Boss,Ultimate,120000,3200,3,Wind,False,True,,
1633,Festival Golem B,65,239,Anniversary Arena: 1st Venue,B,Boss,Ultimate,120000,3200,2,Water,False,True,,
1632,Festival Golem A,65,239,Anniversary Arena: 1st Venue,B,Boss,Ultimate,120000,3200,1,Fire,False,True,,
1631,Festival Golem C,45,239,Anniversary Arena: 1st Venue,B,Boss,Nightmare,60000,1600,3,Wind,False,True,,
1630,Festival Golem B,45,239,Anniversary Arena: 1st Venue,B,Boss,Nightmare,60000,1600,2,Water,False,True,,
1629,Festival Golem A,45,239,Anniversary Arena: 1st Venue,B,Boss,Nightmare,60000,1600,1,Fire,False,True,,
1628,Festival Golem C,35,239,Anniversary Arena: 1st Venue,B,Boss,Hard,24000,640,3,Wind,False,True,,
1627,Festival Golem B,35,239,Anniversary Arena: 1st Venue,B,Boss,Hard,24000,640,2,Water,False,True,,
1626,Festival Golem A,35,239,Anniversary Arena: 1st Venue,B,Boss,Hard,24000,640,1,Fire,False,True,,
1625,Festival Golem C,25,239,Anniversary Arena: 1st Venue,B,Boss,Normal,12000,320,3,Wind,False,True,,
1624,Festival Golem B,25,239,Anniversary Arena: 1st Venue,B,Boss,Normal,12000,320,2,Water,False,True,,
1623,Festival Golem A,25,239,Anniversary Arena: 1st Venue,B,Boss,Normal,12000,320,1,Fire,False,True,,
1622,Gespenst,190,87,Event,B,Boss,Ultimate,6000000,10,5,Dark,False,True,,
1621,Maton Sword,205,87,Event,B,Boss,Ultimate,18000000,103300,3,Wind,False,True,,
1620,Finstern the Dark Dragon,206,297,Dark Dragon Shrine: Near the Top,B,Boss,Ultimate,24000000,140000,5,Dark,False,False,,
1619,Finstern the Dark Dragon,186,297,Dark Dragon Shrine: Near the Top,B,Boss,Nightmare,12000000,70000,5,Dark,False,False,,
1618,Finstern the Dark Dragon,176,297,Dark Dragon Shrine: Near the Top,B,Boss,Hard,4800000,28000,5,Dark,False,False,,
1617,Finstern the Dark Dragon,166,297,Dark Dragon Shrine: Near the Top,B,Boss,Normal,2400000,14000,5,Dark,False,False,,
1616,Finstern the Dark Dragon,156,297,Dark Dragon Shrine: Near the Top,B,Boss,Easy,240000,1400,5,Dark,False,False,,
1612,Thug Golem,191,295,Dark Dragon Shrine: Middle,M,Mini Boss,Normal,-1,29190,2,Water,False,False,,
1603,King Piton,203,293,Elf Mountains: Shrine,B,Boss,Ultimate,16000000,120000,2,Water,False,False,,
1602,King Piton,183,293,Elf Mountains: Shrine,B,Boss,Nightmare,8000000,60000,2,Water,False,False,,
1601,King Piton,173,293,Elf Mountains: Shrine,B,Boss,Hard,3200000,24000,2,Water,False,False,,
1600,King Piton,163,293,Elf Mountains: Shrine,B,Boss,Normal,1600000,12000,2,Water,False,False,,
1599,King Piton,153,293,Elf Mountains: Shrine,B,Boss,Easy,160000,1200,2,Water,False,False,,
1598,Goldenia,187,292,Elf Mountains: Area 3,M,Mini Boss,Normal,-1,27930,3,Wind,False,False,,
1583,Mimesia (Nightmare),180,288,Sakura Castle Donjon: Top,B,Boss,Nightmare,495000,26000,5,Dark,False,True,,
1581,Ancient Empress Mezzaluna (Hell),180,87,Event,B,Boss,Normal,4000000,10,5,Dark,False,True,,
1580,Mimesia (Hard),160,288,Sakura Castle Donjon: Top,B,Boss,Normal,2500000,21400,5,Dark,False,True,,
1579,Mimesia (Normal),140,288,Sakura Castle Donjon: Top,B,Boss,Normal,1100000,9900,5,Dark,False,True,,
1578,Mimesia (Easy),120,288,Sakura Castle Donjon: Top,B,Boss,Normal,520000,5000,5,Dark,False,True,,
1572,Seele Zauga,200,284,Shrine of the Goddess of Species,B,Boss,Ultimate,30000000,153000,6,Light,False,False,,
1571,Seele Zauga,180,284,Shrine of the Goddess of Species,B,Boss,Nightmare,15000000,76500,6,Light,False,False,,
1570,Seele Zauga,170,284,Shrine of the Goddess of Species,B,Boss,Hard,6000000,30600,6,Light,False,False,,
1569,Seele Zauga,160,284,Shrine of the Goddess of Species,B,Boss,Normal,3000000,15300,6,Light,False,False,,
1568,Seele Zauga,150,284,Shrine of the Goddess of Species,B,Boss,Easy,300000,1530,6,Light,False,False,,
1563,Carbuncle,183,282,Hall of Construction Gods,M,Mini Boss,,-1,27200,1,Fire,False,False,,
1554,Handmade Cookie (Coffee),190,111,El Scaro,B,Boss,Ultimate,7000000,64000,1,Fire,False,True,,
1553,Handmade Cookie (Choco),160,111,El Scaro,B,Boss,Nightmare,3500000,39000,1,Fire,False,True,,
1552,Handmade Cookie (Cocoa),130,111,El Scaro,B,Boss,Hard,2180000,28000,1,Fire,False,True,,
1551,Handmade Cookie (Plain),100,111,El Scaro,B,Boss,Normal,870000,15000,1,Fire,False,True,,
1550,Bubble Bogey,177,275,Barbaros Corridor,M,Mini Boss,Normal,-1,26754,1,Fire,False,False,,
1531,Mardula,197,279,Hall of Blessings Gods,B,Boss,Ultimate,14200000,81000,6,Light,False,False,,
1530,Mardula,177,279,Hall of Blessings Gods,B,Boss,Nightmare,7100000,40500,6,Light,False,False,,
1529,Mardula,167,279,Hall of Blessings Gods,B,Boss,Hard,2840000,16200,6,Light,False,False,,
1528,Mardula,157,279,Hall of Blessings Gods,B,Boss,Normal,1420000,8100,6,Light,False,False,,
1527,Mardula,147,279,Hall of Blessings Gods,B,Boss,Easy,142000,810,6,Light,False,False,,
1526,Eidenliebe (Dark),180,103,Maia Diela,B,Boss,Ultimate,900000,32000,5,Dark,False,True,,
1525,Eidenliebe (Bitter),150,103,Maia Diela,B,Boss,Nightmare,1500000,21600,5,Dark,False,True,,
1524,Eidenliebe (Sweet),120,103,Maia Diela,B,Boss,Hard,700000,13000,5,Dark,False,True,,
1523,Eidenliebe (Milk),90,103,Maia Diela,B,Boss,Normal,370000,8000,5,Dark,False,True,,
1522,Mithurna Lynx,177,272,Ruins of Mt. Mithurna: Stylobate,M,Mini Boss,Normal,-1,25725,6,Light,False,False,,
1521,Zelbuse,194,274,Ruins of Mt. Mithurna: Open Air,B,Boss,Ultimate,16000000,111000,6,Light,False,False,,
1520,Zelbuse,174,274,Ruins of Mt. Mithurna: Open Air,B,Boss,Nightmare,8000000,55500,6,Light,False,False,,
1519,Zelbuse,164,274,Ruins of Mt. Mithurna: Open Air,B,Boss,Hard,3200000,22200,6,Light,False,False,,
1518,Zelbuse,154,274,Ruins of Mt. Mithurna: Open Air,B,Boss,Normal,1600000,11100,6,Light,False,False,,
1517,Zelbuse,144,274,Ruins of Mt. Mithurna: Open Air,B,Boss,Easy,160000,1110,6,Light,False,False,,
1508,Kohaku Lil Boar,50,87,Event,B,Boss,Ultimate,400000,3000,6,Light,False,True,,
1507,Kohaku Lil Boar,30,87,Event,B,Boss,Nightmare,200000,1500,6,Light,False,True,,
1506,Kohaku Lil Boar,20,87,Event,B,Boss,Hard,80000,600,6,Light,False,True,,
1505,Kohaku Lil Boar,10,87,Event,B,Boss,Normal,40000,300,6,Light,False,True,,
1504,Kohaku Lil Boar,1,87,Event,B,Boss,Easy,4000,30,6,Light,False,True,,
1503,Zega (Megiston 2018),180,87,Event,B,Boss,Normal,2300000,53000,2,Water,False,True,,
1502,Felien (Megiston 2018),170,87,Event,B,Boss,Normal,1800000,39000,3,Wind,False,True,,
1501,Ultimate Machina (Megiston 2018),160,87,Event,B,Boss,Normal,1250000,26000,0,Neutral,False,True,,
1500,Guignol (Megiston 2018),150,87,Event,B,Boss,Normal,900000,16000,3,Wind,False,True,,
1499,Pillar Golem (Megiston 2018),140,87,Event,B,Boss,Normal,500000,7050,4,Earth,False,True,,
1498,Altoblepas,174,261,Rokoko Plains,M,Mini Boss,Normal,-1,27500,0,Neutral,False,False,,
1497,Noeliel the Ice Statue (raid),202,265,Noeliel Castle: Hall (120-140),B,Boss,Ultimate,-1,155000,2,Water,False,True,,
1496,Noeliel the Ice Statue (raid),182,265,Noeliel Castle: Hall (120-140),B,Boss,Nightmare,-1,77500,2,Water,False,True,,
1495,Noeliel the Ice Statue (raid),172,265,Noeliel Castle: Hall (120-140),B,Boss,Hard,-1,31000,2,Water,False,True,,
1494,Noeliel the Ice Statue (raid),162,265,Noeliel Castle: Hall (120-140),B,Boss,Normal,-1,15500,2,Water,False,True,,
1493,Noeliel the Ice Statue (raid),152,265,Noeliel Castle: Hall (120-140),B,Boss,Easy,-1,1550,2,Water,False,True,,
1492,Noeliel the Ice Statue (raid),182,271,Noeliel Castle: Hall (100-120),B,Boss,Ultimate,-1,126000,2,Water,False,True,,
1491,Noeliel the Ice Statue (raid),162,271,Noeliel Castle: Hall (100-120),B,Boss,Nightmare,-1,63000,2,Water,False,True,,
1490,Noeliel the Ice Statue (raid),152,271,Noeliel Castle: Hall (100-120),B,Boss,Hard,-1,25200,2,Water,False,True,,
1489,Noeliel the Ice Statue (raid),142,271,Noeliel Castle: Hall (100-120),B,Boss,Normal,-1,12600,2,Water,False,True,,
1488,Noeliel the Ice Statue (raid),132,271,Noeliel Castle: Hall (100-120),B,Boss,Easy,-1,1260,2,Water,False,True,,
1487,Noeliel the Ice Statue (raid),162,268,Noeliel Castle: Hall (80-100),B,Boss,Ultimate,-1,100000,2,Water,False,True,,
1486,Noeliel the Ice Statue (raid),142,268,Noeliel Castle: Hall (80-100),B,Boss,Nightmare,-1,50000,2,Water,False,True,,
1485,Noeliel the Ice Statue (raid),132,268,Noeliel Castle: Hall (80-100),B,Boss,Hard,-1,20000,2,Water,False,True,,
1484,Noeliel the Ice Statue (raid),122,268,Noeliel Castle: Hall (80-100),B,Boss,Normal,-1,10000,2,Water,False,True,,
1483,Noeliel the Ice Statue (raid),112,268,Noeliel Castle: Hall (80-100),B,Boss,Easy,-1,1000,2,Water,False,True,,
1482,Noeliel the Ice Statue,172,271,Noeliel Castle: Hall (100-120),B,Boss,Ultimate,8000000,80000,2,Water,False,True,,
1481,Noeliel the Ice Statue,152,271,Noeliel Castle: Hall (100-120),B,Boss,Nightmare,4000000,40000,2,Water,False,True,,
1480,Noeliel the Ice Statue,142,271,Noeliel Castle: Hall (100-120),B,Boss,Hard,1600000,16000,2,Water,False,True,,
1479,Noeliel the Ice Statue,132,271,Noeliel Castle: Hall (100-120),B,Boss,Normal,800000,8000,2,Water,False,True,,
1478,Noeliel the Ice Statue,122,271,Noeliel Castle: Hall (100-120),B,Boss,Easy,80000,800,2,Water,False,True,,
1472,Noeliel the Ice Statue,152,268,Noeliel Castle: Hall (80-100),B,Boss,Ultimate,5500000,62000,2,Water,False,True,,
1471,Noeliel the Ice Statue,132,268,Noeliel Castle: Hall (80-100),B,Boss,Nightmare,2750000,31000,2,Water,False,True,,
1470,Noeliel the Ice Statue,122,268,Noeliel Castle: Hall (80-100),B,Boss,Hard,1100000,12400,2,Water,False,True,,
1469,Noeliel the Ice Statue,112,268,Noeliel Castle: Hall (80-100),B,Boss,Normal,550000,6200,2,Water,False,True,,
1468,Noeliel the Ice Statue,102,268,Noeliel Castle: Hall (80-100),B,Boss,Easy,55000,620,2,Water,False,True,,
1462,Noeliel the Ice Statue,191,265,Noeliel Castle: Hall (120-140),B,Boss,Ultimate,11100000,100000,2,Water,False,True,,
1461,Noeliel the Ice Statue,171,265,Noeliel Castle: Hall (120-140),B,Boss,Nightmare,5550000,50000,2,Water,False,True,,
1460,Noeliel the Ice Statue,161,265,Noeliel Castle: Hall (120-140),B,Boss,Hard,2220000,20000,2,Water,False,True,,
1459,Noeliel the Ice Statue,151,265,Noeliel Castle: Hall (120-140),B,Boss,Normal,1110000,10000,2,Water,False,True,,
1458,Noeliel the Ice Statue,141,265,Noeliel Castle: Hall (120-140),B,Boss,Easy,111000,1000,2,Water,False,True,,
1453,Mom Fluck,191,262,Forgotten Cave,B,Boss,Ultimate,14500000,124000,2,Water,False,False,,
1452,Mom Fluck,171,262,Forgotten Cave,B,Boss,Nightmare,7250000,62000,2,Water,False,False,,
1451,Mom Fluck,161,262,Forgotten Cave,B,Boss,Hard,2900000,24800,2,Water,False,False,,
1450,Mom Fluck,151,262,Forgotten Cave,B,Boss,Normal,1450000,12400,2,Water,False,False,,
1449,Mom Fluck,141,262,Forgotten Cave,B,Boss,Easy,145000,1240,2,Water,False,False,,
1437,Yashiro Azuki's Mom (Lv150),195,87,Event,B,Boss,Ultimate,10000000,125000,1,Fire,False,True,,
1436,Yashiro Azuki (Lv150),190,87,Event,B,Boss,Ultimate,24000000,120000,5,Dark,False,True,,
1435,Yashiro Azuki's Mom (Lv150),175,87,Event,B,Boss,Nightmare,5000000,62500,1,Fire,False,True,,
1434,Yashiro Azuki (Lv150),170,87,Event,B,Boss,Nightmare,12000000,60000,5,Dark,False,True,,
1433,Yashiro Azuki's Mom (Lv150),165,87,Event,B,Boss,Hard,2000000,25000,1,Fire,False,True,,
1432,Yashiro Azuki (Lv150),160,87,Event,B,Boss,Hard,4800000,24000,5,Dark,False,True,,
1431,Yashiro Azuki's Mom (Lv150),155,87,Event,B,Boss,Normal,1000000,12500,1,Fire,False,True,,
1430,Yashiro Azuki (Lv150),150,87,Event,B,Boss,Normal,2400000,12000,5,Dark,False,True,,
1429,Yashiro Azuki's Mom (Lv150),145,87,Event,B,Boss,Easy,100000,1250,1,Fire,False,True,,
1428,Yashiro Azuki (Lv150),140,87,Event,B,Boss,Easy,240000,1200,5,Dark,False,True,,
1427,Yashiro Azuki's Mom (Lv60),135,87,Event,B,Boss,Ultimate,2000000,39000,1,Fire,False,True,,
1426,Yashiro Azuki (Lv60),130,87,Event,B,Boss,Ultimate,4800000,34500,5,Dark,False,True,,
1425,Yashiro Azuki's Mom (Lv60),115,87,Event,B,Boss,Nightmare,100000,19500,1,Fire,False,True,,
1424,Yashiro Azuki (Lv60),110,87,Event,B,Boss,Nightmare,240000,17250,5,Dark,False,True,,
1423,Yashiro Azuki's Mom (Lv60),105,87,Event,B,Boss,Hard,400000,7800,1,Fire,False,True,,
1422,Yashiro Azuki (Lv60),100,87,Event,B,Boss,Hard,960000,6900,5,Dark,False,True,,
1421,Yashiro Azuki's Mom (Lv60),95,87,Event,B,Boss,Normal,200000,3900,1,Fire,False,True,,
1420,Yashiro Azuki (Lv60),90,87,Event,B,Boss,Normal,480000,3450,5,Dark,False,True,,
1419,Yashiro Azuki's Mom (Lv60),85,87,Event,B,Boss,Easy,20000,390,1,Fire,False,True,,
1418,Yashiro Azuki (Lv60),80,87,Event,B,Boss,Easy,48000,345,5,Dark,False,True,,
1417,Yashiro Azuki's Mom (Lv30),75,87,Event,B,Boss,Ultimate,100000,4120,1,Fire,False,True,,
1416,Yashiro Azuki (Lv30),70,87,Event,B,Boss,Ultimate,240000,4000,5,Dark,False,True,,
1415,Yashiro Azuki's Mom (Lv30),55,87,Event,B,Boss,Nightmare,50000,2060,1,Fire,False,True,,
1414,Yashiro Azuki (Lv30),50,87,Event,B,Boss,Nightmare,120000,2000,5,Dark,False,True,,
1413,Yashiro Azuki's Mom (Lv30),45,87,Event,B,Boss,Hard,20000,824,1,Fire,False,True,,
1412,Yashiro Azuki (Lv30),40,87,Event,B,Boss,Hard,48000,800,5,Dark,False,True,,
1411,Yashiro Azuki's Mom (Lv30),35,87,Event,B,Boss,Normal,10000,412,1,Fire,False,True,,
1410,Yashiro Azuki (Lv30),30,87,Event,B,Boss,Normal,24000,400,5,Dark,False,True,,
1409,Yashiro Azuki's Mom (Lv30),25,87,Event,B,Boss,Easy,1000,41,1,Fire,False,True,,
1408,Yashiro Azuki (Lv30),20,87,Event,B,Boss,Easy,2400,40,5,Dark,False,True,,
1407,Golden Potum (10M DL),100,248,Tolbas GrassLand,M,Mini Boss,Normal,30,100,6,Light,False,True,,
1406,Golden Potum (10M DL),100,110,Wanderer's Plain,M,Mini Boss,Normal,30,100,6,Light,False,True,,
1405,Golden Potum (10M DL),100,70,Darkanon Plain,M,Mini Boss,Normal,30,100,6,Light,False,True,,
1404,Golden Potum (10M DL),100,51,Yorl Highlands,M,Mini Boss,Normal,30,100,6,Light,False,True,,
1403,Golden Potum (10M DL),100,7,Rakau Plains,M,Mini Boss,Normal,30,100,6,Light,False,True,,
1402,Pomie Chan (10M DL),200,79,Sofya City: Government Office,B,Boss,Ultimate,10000000,87000,1,Fire,False,True,,
1401,Hero Potum (10M DL),200,79,Sofya City: Government Office,B,Boss,Ultimate,18000000,130000,5,Dark,False,True,,
1400,Pomie Chan (10M DL),180,79,Sofya City: Government Office,B,Boss,Nightmare,5000000,43500,1,Fire,False,True,,
1399,Hero Potum (10M DL),180,79,Sofya City: Government Office,B,Boss,Nightmare,9000000,65000,5,Dark,False,True,,
1398,Pomie Chan (10M DL),170,79,Sofya City: Government Office,B,Boss,Hard,3600000,17400,1,Fire,False,True,,
1397,Hero Potum (10M DL),170,79,Sofya City: Government Office,B,Boss,Hard,1800000,26000,5,Dark,False,True,,
1396,Pomie Chan (10M DL),160,79,Sofya City: Government Office,B,Boss,Normal,1000000,8700,1,Fire,False,True,,
1395,Hero Potum (10M DL),160,79,Sofya City: Government Office,B,Boss,Normal,1800000,13000,5,Dark,False,True,,
1394,Pomie Chan (10M DL),150,79,Sofya City: Government Office,B,Boss,Easy,100000,870,1,Fire,False,True,,
1393,Hero Potum (10M DL),150,79,Sofya City: Government Office,B,Boss,Easy,180000,1300,5,Dark,False,True,,
1392,Crystal Titan,188,259,Decaying Ruins,B,Boss,Ultimate,10000000,93000,5,Dark,False,False,,
1391,Crystal Titan,168,259,Decaying Ruins,B,Boss,Nightmare,5000000,46500,5,Dark,False,False,,
1390,Crystal Titan,158,259,Decaying Ruins,B,Boss,Hard,2000000,18600,5,Dark,False,False,,
1389,Crystal Titan,148,259,Decaying Ruins,B,Boss,Normal,1000000,9300,5,Dark,False,False,,
1388,Crystal Titan,138,259,Decaying Ruins,B,Boss,Easy,100000,930,5,Dark,False,False,,
1387,Fanadon,171,258,Curonne Forest: North Area 2,M,Mini Boss,Normal,-1,24360,0,Neutral,False,False,,
1374,Zoe,150,254,Halloween Mansion Basement,B,Boss,Very Hard,1730000,21300,5,Dark,False,True,,
1373,Zoe,125,254,Halloween Mansion Basement,B,Boss,Hard,850000,13000,5,Dark,False,True,,
1372,Zoe,100,254,Halloween Mansion Basement,B,Boss,Normal,340000,7200,5,Dark,False,True,,
1371,Zoe,75,254,Halloween Mansion Basement,B,Boss,Easy,93000,3100,5,Dark,False,True,,
1370,Usasama the Necromancer,185,87,Event,B,Boss,Normal,3000000,30000,5,Dark,False,True,,
1369,Persimmon Coryn,125,248,Tolbas GrassLand,M,Mini Boss,Normal,5000,1410,-1,Unknown,False,True,,
1368,Usami (Full Moon Lv90+),130,253,Otsukimi Event Venue,B,Boss,Ultimate,3000000,35000,2,Water,False,True,,
1367,Usakichi (Full Moon Lv90+),130,253,Otsukimi Event Venue,B,Boss,Ultimate,3000000,35000,4,Earth,False,True,,
1366,Usami (Full Moon Lv90+),110,253,Otsukimi Event Venue,B,Boss,Nightmare,1500000,17500,2,Water,False,True,,
1365,Usakichi (Full Moon Lv90+),110,253,Otsukimi Event Venue,B,Boss,Nightmare,1500000,17500,4,Earth,False,True,,
1364,Usami (Full Moon Lv90+),100,253,Otsukimi Event Venue,B,Boss,Hard,600000,7000,2,Water,False,True,,
1363,Usakichi (Full Moon Lv90+),100,253,Otsukimi Event Venue,B,Boss,Hard,600000,7000,4,Earth,False,True,,
1362,Usami (Full Moon Lv90+),90,253,Otsukimi Event Venue,B,Boss,Normal,300000,3500,2,Water,False,True,,
1361,Usakichi (Full Moon Lv90+),90,253,Otsukimi Event Venue,B,Boss,Normal,300000,3500,4,Earth,False,True,,
1360,Usami (Crescent Moon Lv60+),100,253,Otsukimi Event Venue,B,Boss,Ultimate,1500000,20000,2,Water,False,True,,
1359,Usakichi (Crescent Moon Lv60+),100,253,Otsukimi Event Venue,B,Boss,Ultimate,1500000,20000,4,Earth,False,True,,
1358,Usami (Crescent Moon Lv60+),80,253,Otsukimi Event Venue,B,Boss,Nightmare,750000,10000,2,Water,False,True,,
1357,Usakichi (Crescent Moon Lv60+),80,253,Otsukimi Event Venue,B,Boss,Nightmare,750000,10000,4,Earth,False,True,,
1356,Usami (Crescent Moon Lv60+),70,253,Otsukimi Event Venue,B,Boss,Hard,300000,4000,2,Water,False,True,,
1355,Usakichi (Crescent Moon Lv60+),70,253,Otsukimi Event Venue,B,Boss,Hard,300000,4000,4,Earth,False,True,,
1354,Usami (Crescent Moon Lv60+),60,253,Otsukimi Event Venue,B,Boss,Normal,150000,2000,2,Water,False,True,,
1353,Usakichi (Crescent Moon Lv60+),60,253,Otsukimi Event Venue,B,Boss,Normal,150000,2000,4,Earth,False,True,,
1352,Usami (New Moon Lv30+),70,253,Otsukimi Event Venue,B,Boss,Ultimate,320000,8000,2,Water,False,True,,
1351,Usakichi (New Moon Lv30+),70,253,Otsukimi Event Venue,B,Boss,Ultimate,320000,8000,4,Earth,False,True,,
1350,Usami (New Moon Lv30+),50,253,Otsukimi Event Venue,B,Boss,Nightmare,160000,4000,2,Water,False,True,,
1349,Usakichi (New Moon Lv30+),50,253,Otsukimi Event Venue,B,Boss,Nightmare,160000,4000,4,Earth,False,True,,
1348,Usami (New Moon Lv30+),40,253,Otsukimi Event Venue,B,Boss,Hard,64000,1600,2,Water,False,True,,
1347,Usakichi (New Moon Lv30+),40,253,Otsukimi Event Venue,B,Boss,Hard,64000,1600,4,Earth,False,True,,
1346,Usami (New Moon Lv30+),30,253,Otsukimi Event Venue,B,Boss,Normal,32000,800,2,Water,False,True,,
1345,Usakichi (New Moon Lv30+),30,253,Otsukimi Event Venue,B,Boss,Normal,32000,800,4,Earth,False,True,,
1344,Usami (New Moon Lv30+),20,253,Otsukimi Event Venue,B,Boss,Easy,3200,80,2,Water,False,True,,
1343,Usakichi (New Moon Lv30+),20,253,Otsukimi Event Venue,B,Boss,Easy,3200,80,4,Earth,False,True,,
1342,Shampy,185,252,Turnus Mine: Hall,B,Boss,Ultimate,8500000,73000,2,Water,False,False,,
1341,Shampy,165,252,Turnus Mine: Hall,B,Boss,Nightmare,4250000,36500,2,Water,False,False,,
1340,Shampy,155,252,Turnus Mine: Hall,B,Boss,Hard,1700000,14600,2,Water,False,False,,
1339,Shampy,145,252,Turnus Mine: Hall,B,Boss,Normal,850000,7300,2,Water,False,False,,
1338,Shampy,135,252,Turnus Mine: Hall,B,Boss,Easy,85000,730,2,Water,False,False,,
1335,Solopy,169,251,Turnus Mine: Area 3,M,Mini Boss,Normal,-1,23835,4,Earth,False,False,,
1323,Hero Potum (9M DL),190,79,Sofya City: Government Office,B,Boss,Ultimate,13000000,120000,6,Light,False,True,,
1322,Hero Potum (9M DL),170,79,Sofya City: Government Office,B,Boss,Nightmare,6500000,60000,6,Light,False,True,,
1321,Hero Potum (9M DL),160,79,Sofya City: Government Office,B,Boss,Hard,2600000,24000,6,Light,False,True,,
1320,Hero Potum (9M DL),150,79,Sofya City: Government Office,B,Boss,Normal,1300000,12000,6,Light,False,True,,
1319,Hero Potum (9M DL),140,79,Sofya City: Government Office,B,Boss,Easy,130000,1200,6,Light,False,True,,
1318,Golden Potum (9M DL),100,110,Wanderer's Plain,M,Mini Boss,Normal,30,100,6,Light,False,True,,
1317,Golden Potum (9M DL),100,70,Darkanon Plain,M,Mini Boss,Normal,30,100,6,Light,False,True,,
1316,Golden Potum (9M DL),100,51,Yorl Highlands,M,Mini Boss,Normal,30,100,6,Light,False,True,,
1315,Golden Potum (9M DL),100,7,Rakau Plains,M,Mini Boss,Normal,30,100,6,Light,False,True,,
1314,Maton Sword,183,247,Buried Tower: Entrance,B,Boss,Ultimate,20000000,110000,3,Wind,False,False,,
1313,Maton Sword,163,247,Buried Tower: Entrance,B,Boss,Nightmare,10000000,55000,3,Wind,False,False,,
1312,Maton Sword,153,247,Buried Tower: Entrance,B,Boss,Hard,4000000,22000,3,Wind,False,False,,
1311,Maton Sword,143,247,Buried Tower: Entrance,B,Boss,Normal,2000000,11000,3,Wind,False,False,,
1310,Maton Sword,133,247,Buried Tower: Entrance,B,Boss,Easy,200000,1100,3,Wind,False,False,,
1309,Seraph Machina,167,246,Buried Tower: Inside,M,Mini Boss,Normal,-1,21073,6,Light,False,False,,
1302,Amoeba Machina,158,213,Ultimea Sewer: Southeast,M,Mini Boss,Normal,-1,29000,2,Water,False,False,,
1301,Megiston,200,241,Anniversary Arena: 3rd Venue,B,Boss,Ultimate,100000000,860000,1,Fire,False,True,,
1300,Megiston,180,241,Anniversary Arena: 3rd Venue,B,Boss,Nightmare,50000000,430000,1,Fire,False,True,,
1299,Megiston,170,241,Anniversary Arena: 3rd Venue,B,Boss,Hard,20000000,172000,1,Fire,False,True,,
1298,Megiston,160,241,Anniversary Arena: 3rd Venue,B,Boss,Normal,10000000,86000,1,Fire,False,True,,
1297,Titeres,160,87,Event,B,Boss,Normal,4000000,44000,5,Dark,False,True,,
1294,Venena Coenubia,190,242,Ultimea Palace: Throne,B,Boss,Ultimate,-1,300000,1,Fire,False,False,,
1293,Venena Coenubia,170,242,Ultimea Palace: Throne,B,Boss,Nightmare,-1,150000,1,Fire,False,False,,
1292,Venena Coenubia,160,242,Ultimea Palace: Throne,B,Boss,Hard,-1,60000,1,Fire,False,False,,
1291,Venena Coenubia,150,242,Ultimea Palace: Throne,B,Boss,Normal,-1,30000,1,Fire,False,False,,
1290,Venena Coenubia,140,242,Ultimea Palace: Throne,B,Boss,Easy,-1,3000,1,Fire,False,False,,
1289,The Tyrannic Thrust,195,241,Anniversary Arena: 3rd Venue,B,Boss,Ultimate,5500000,50000,5,Dark,False,True,,
1288,The Claws of Death,195,241,Anniversary Arena: 3rd Venue,B,Boss,Ultimate,5500000,50000,5,Dark,False,True,,
1287,The Cursed Venom Arm,195,241,Anniversary Arena: 3rd Venue,B,Boss,Ultimate,5500000,50000,5,Dark,False,True,,
1286,The Tyrannic Thrust,175,241,Anniversary Arena: 3rd Venue,B,Boss,Nightmare,2750000,25000,5,Dark,False,True,,
1285,The Claws of Death,175,241,Anniversary Arena: 3rd Venue,B,Boss,Nightmare,2750000,25000,5,Dark,False,True,,
1284,The Cursed Venom Arm,175,241,Anniversary Arena: 3rd Venue,B,Boss,Nightmare,2750000,25000,5,Dark,False,True,,
1283,The Tyrannic Thrust,165,241,Anniversary Arena: 3rd Venue,B,Boss,Hard,1100000,10000,5,Dark,False,True,,
1282,The Claws of Death,165,241,Anniversary Arena: 3rd Venue,B,Boss,Hard,1100000,10000,5,Dark,False,True,,
1281,The Cursed Venom Arm,165,241,Anniversary Arena: 3rd Venue,B,Boss,Hard,1100000,10000,5,Dark,False,True,,
1280,The Tyrannic Thrust,155,241,Anniversary Arena: 3rd Venue,B,Boss,Normal,550000,5000,5,Dark,False,True,,
1279,The Claws of Death,155,241,Anniversary Arena: 3rd Venue,B,Boss,Normal,550000,5000,5,Dark,False,True,,
1278,The Cursed Venom Arm,155,241,Anniversary Arena: 3rd Venue,B,Boss,Normal,550000,5000,5,Dark,False,True,,
1277,Masked Moon,180,241,Anniversary Arena: 3rd Venue,B,Boss,Ultimate,4800000,46000,5,Dark,False,True,,
1276,Masked Gloom,180,241,Anniversary Arena: 3rd Venue,B,Boss,Ultimate,4800000,46000,3,Wind,False,True,,
1275,Masked Axeman,180,241,Anniversary Arena: 3rd Venue,B,Boss,Ultimate,4800000,46000,1,Fire,False,True,,
1274,Masked Moon,160,241,Anniversary Arena: 3rd Venue,B,Boss,Nightmare,2400000,23000,5,Dark,False,True,,
1273,Masked Gloom,160,241,Anniversary Arena: 3rd Venue,B,Boss,Nightmare,2400000,23000,3,Wind,False,True,,
1272,Masked Axeman,160,241,Anniversary Arena: 3rd Venue,B,Boss,Nightmare,2400000,23000,1,Fire,False,True,,
1271,Masked Moon,150,241,Anniversary Arena: 3rd Venue,B,Boss,Hard,960000,9200,5,Dark,False,True,,
1270,Masked Gloom,150,241,Anniversary Arena: 3rd Venue,B,Boss,Hard,960000,9200,3,Wind,False,True,,
1269,Masked Axeman,150,241,Anniversary Arena: 3rd Venue,B,Boss,Hard,960000,9200,1,Fire,False,True,,
1268,Masked Moon,140,241,Anniversary Arena: 3rd Venue,B,Boss,Normal,480000,4600,5,Dark,False,True,,
1267,Masked Gloom,140,241,Anniversary Arena: 3rd Venue,B,Boss,Normal,480000,4600,3,Wind,False,True,,
1266,Masked Axeman,140,241,Anniversary Arena: 3rd Venue,B,Boss,Normal,480000,4600,1,Fire,False,True,,
1265,3rd Anniv Event (all boss),0,87,Event,B,Boss,Normal,0,0,0,Neutral,False,True,,
1264,Zolban the Dark Captain of Wind,165,240,Anniversary Arena: 2nd Venue,B,Boss,Ultimate,3400000,34000,3,Wind,False,True,,
1263,Vatendeth the Dark General,165,240,Anniversary Arena: 2nd Venue,B,Boss,Ultimate,3400000,34000,5,Dark,False,True,,
1262,Grecia the Goddess of Courage,165,240,Anniversary Arena: 2nd Venue,B,Boss,Ultimate,3400000,34000,6,Light,False,True,,
1261,Zolban the Dark Captain of Wind,145,240,Anniversary Arena: 2nd Venue,B,Boss,Nightmare,1700000,17000,3,Wind,False,True,,
1260,Vatendeth the Dark General,145,240,Anniversary Arena: 2nd Venue,B,Boss,Nightmare,1700000,17000,5,Dark,False,True,,
1259,Grecia the Goddess of Courage,145,240,Anniversary Arena: 2nd Venue,B,Boss,Nightmare,1700000,17000,6,Light,False,True,,
1258,Zolban the Dark Captain of Wind,135,240,Anniversary Arena: 2nd Venue,B,Boss,Hard,680000,6800,3,Wind,False,True,,
1257,Vatendeth the Dark General,135,240,Anniversary Arena: 2nd Venue,B,Boss,Hard,680000,6800,5,Dark,False,True,,
1256,Grecia the Goddess of Courage,135,240,Anniversary Arena: 2nd Venue,B,Boss,Hard,680000,6800,6,Light,False,True,,
1255,Zolban the Dark Captain of Wind,125,240,Anniversary Arena: 2nd Venue,B,Boss,Normal,340000,3400,3,Wind,False,True,,
1254,Vatendeth the Dark General,125,240,Anniversary Arena: 2nd Venue,B,Boss,Normal,340000,3400,5,Dark,False,True,,
1253,Grecia the Goddess of Courage,125,240,Anniversary Arena: 2nd Venue,B,Boss,Normal,340000,3400,6,Light,False,True,,
1252,Iceberg Silver Knight,140,240,Anniversary Arena: 2nd Venue,B,Boss,Ultimate,250000,30000,2,Water,False,True,,
1251,Evil Emerald Beast,140,240,Anniversary Arena: 2nd Venue,B,Boss,Ultimate,250000,30000,3,Wind,False,True,,
1250,Hellfire Scrap Golem,140,240,Anniversary Arena: 2nd Venue,B,Boss,Ultimate,250000,30000,1,Fire,False,True,,
1249,Iceberg Silver Knight,120,240,Anniversary Arena: 2nd Venue,B,Boss,Nightmare,125000,15000,2,Water,False,True,,
1248,Evil Emerald Beast,120,240,Anniversary Arena: 2nd Venue,B,Boss,Nightmare,125000,15000,3,Wind,False,True,,
1247,Hellfire Scrap Golem,120,240,Anniversary Arena: 2nd Venue,B,Boss,Nightmare,125000,15000,1,Fire,False,True,,
1246,Iceberg Silver Knight,110,240,Anniversary Arena: 2nd Venue,B,Boss,Hard,50000,6000,2,Water,False,True,,
1245,Evil Emerald Beast,110,240,Anniversary Arena: 2nd Venue,B,Boss,Hard,50000,6000,3,Wind,False,True,,
1244,Hellfire Scrap Golem,110,240,Anniversary Arena: 2nd Venue,B,Boss,Hard,50000,6000,1,Fire,False,True,,
1243,Iceberg Silver Knight,100,240,Anniversary Arena: 2nd Venue,B,Boss,Normal,250000,3000,2,Water,False,True,,
1242,Evil Emerald Beast,100,240,Anniversary Arena: 2nd Venue,B,Boss,Normal,250000,3000,3,Wind,False,True,,
1241,Hellfire Scrap Golem,100,240,Anniversary Arena: 2nd Venue,B,Boss,Normal,250000,3000,1,Fire,False,True,,
1240,Goleps,160,51,Yorl Highlands,B,Boss,Normal,1500000,9000,4,Earth,False,True,,
1239,False God,115,239,Anniversary Arena: 1st Venue,B,Boss,Ultimate,1800000,27000,6,Light,False,True,,
1238,Faithful Guardian,115,239,Anniversary Arena: 1st Venue,B,Boss,Ultimate,1800000,27000,1,Fire,False,True,,
1237,Outerworld Soldier,115,239,Anniversary Arena: 1st Venue,B,Boss,Ultimate,1800000,27000,4,Earth,False,True,,
1236,False God,95,239,Anniversary Arena: 1st Venue,B,Boss,Nightmare,900000,13500,6,Light,False,True,,
1235,Faithful Guardian,95,239,Anniversary Arena: 1st Venue,B,Boss,Nightmare,900000,13500,1,Fire,False,True,,
1234,Outerworld Soldier,95,239,Anniversary Arena: 1st Venue,B,Boss,Nightmare,900000,13500,4,Earth,False,True,,
1233,False God,85,239,Anniversary Arena: 1st Venue,B,Boss,Hard,360000,5400,6,Light,False,True,,
1232,Faithful Guardian,85,239,Anniversary Arena: 1st Venue,B,Boss,Hard,360000,5400,1,Fire,False,True,,
1231,Outerworld Soldier,85,239,Anniversary Arena: 1st Venue,B,Boss,Hard,360000,5400,4,Earth,False,True,,
1230,False God,75,239,Anniversary Arena: 1st Venue,B,Boss,Normal,180000,2700,6,Light,False,True,,
1229,Faithful Guardian,75,239,Anniversary Arena: 1st Venue,B,Boss,Normal,180000,2700,1,Fire,False,True,,
1228,Outerworld Soldier,75,239,Anniversary Arena: 1st Venue,B,Boss,Normal,180000,2700,4,Earth,False,True,,
1227,Priest Warmonger,90,239,Anniversary Arena: 1st Venue,B,Boss,Ultimate,600000,12000,2,Water,False,True,,
1226,Warrior Minotaur,90,239,Anniversary Arena: 1st Venue,B,Boss,Ultimate,600000,12000,4,Earth,False,True,,
1225,Fighter Mochelo,90,239,Anniversary Arena: 1st Venue,B,Boss,Ultimate,600000,12000,3,Wind,False,True,,
1224,Priest Warmonger,70,239,Anniversary Arena: 1st Venue,B,Boss,Nightmare,300000,6000,2,Water,False,True,,
1223,Warrior Minotaur,70,239,Anniversary Arena: 1st Venue,B,Boss,Nightmare,300000,6000,4,Earth,False,True,,
1222,Fighter Mochelo,70,239,Anniversary Arena: 1st Venue,B,Boss,Nightmare,300000,6000,3,Wind,False,True,,
1221,Priest Warmonger,60,239,Anniversary Arena: 1st Venue,B,Boss,Hard,120000,2400,2,Water,False,True,,
1220,Warrior Minotaur,60,239,Anniversary Arena: 1st Venue,B,Boss,Hard,120000,2400,4,Earth,False,True,,
1219,Fighter Mochelo,60,239,Anniversary Arena: 1st Venue,B,Boss,Hard,120000,2400,3,Wind,False,True,,
1218,Priest Warmonger,50,239,Anniversary Arena: 1st Venue,B,Boss,Normal,60000,1200,2,Water,False,True,,
1217,Warrior Minotaur,50,239,Anniversary Arena: 1st Venue,B,Boss,Normal,60000,1200,4,Earth,False,True,,
1216,Fighter Mochelo,50,239,Anniversary Arena: 1st Venue,B,Boss,Normal,60000,1200,3,Wind,False,True,,
1215,Festival Golem C,65,239,Anniversary Arena: 1st Venue,B,Boss,Ultimate,120000,3200,3,Wind,False,True,,
1214,Festival Golem B,65,239,Anniversary Arena: 1st Venue,B,Boss,Ultimate,120000,3200,2,Water,False,True,,
1213,Festival Golem A,65,239,Anniversary Arena: 1st Venue,B,Boss,Ultimate,120000,3200,1,Fire,False,True,,
1212,Festival Golem C,45,239,Anniversary Arena: 1st Venue,B,Boss,Nightmare,60000,1600,3,Wind,False,True,,
1211,Festival Golem B,45,239,Anniversary Arena: 1st Venue,B,Boss,Nightmare,60000,1600,2,Water,False,True,,
1210,Festival Golem A,45,239,Anniversary Arena: 1st Venue,B,Boss,Nightmare,60000,1600,1,Fire,False,True,,
1209,Festival Golem C,35,239,Anniversary Arena: 1st Venue,B,Boss,Hard,24000,640,3,Wind,False,True,,
1208,Festival Golem B,35,239,Anniversary Arena: 1st Venue,B,Boss,Hard,24000,640,2,Water,False,True,,
1207,Festival Golem A,35,239,Anniversary Arena: 1st Venue,B,Boss,Hard,24000,640,1,Fire,False,True,,
1206,Festival Golem C,25,239,Anniversary Arena: 1st Venue,B,Boss,Normal,12000,320,3,Wind,False,True,,
1205,Festival Golem B,25,239,Anniversary Arena: 1st Venue,B,Boss,Normal,12000,320,2,Water,False,True,,
1204,Festival Golem A,25,239,Anniversary Arena: 1st Venue,B,Boss,Normal,12000,320,1,Fire,False,True,,
1200,Ornlarf,182,237,Ultimea Palace: Corridor,B,Boss,Ultimate,9500000,87000,6,Light,False,False,,
1199,Ornlarf,162,237,Ultimea Palace: Corridor,B,Boss,Nightmare,4750000,43500,6,Light,False,False,,
1198,Ornlarf,152,237,Ultimea Palace: Corridor,B,Boss,Hard,1900000,17400,6,Light,False,False,,
1197,Ornlarf,142,237,Ultimea Palace: Corridor,B,Boss,Normal,950000,8700,6,Light,False,False,,
1196,Ornlarf,132,237,Ultimea Palace: Corridor,B,Boss,Easy,95000,870,6,Light,False,False,,
1195,Wandering Wheel,163,236,Ultimea Palace: Demi Machina Storage,M,Mini Boss,Normal,-1,20223,3,Wind,False,False,,
1185,Golden Potum (8M DL),100,110,Wanderer's Plain,M,Mini Boss,Normal,30,100,6,Light,False,True,,
1184,Golden Potum (8M DL),100,70,Darkanon Plain,M,Mini Boss,Normal,30,100,6,Light,False,True,,
1183,Golden Potum (8M DL),100,51,Yorl Highlands,M,Mini Boss,Normal,30,100,6,Light,False,True,,
1182,Golden Potum (8M DL),100,7,Rakau Plains,M,Mini Boss,Normal,30,100,6,Light,False,True,,
1181,Gespenst,175,87,Event,B,Boss,Ultimate,300000,51000,5,Dark,False,True,,
1180,P. Avatar,800,87,Event,B,Boss,Normal,2000000,1,0,Neutral,False,True,,
1179,Ultimate Machina,179,233,Droma Square,B,Boss,Ultimate,12500000,105000,0,Neutral,False,False,,
1178,Ultimate Machina,159,233,Droma Square,B,Boss,Nightmare,6250000,52500,0,Neutral,False,False,,
1177,Ultimate Machina,149,233,Droma Square,B,Boss,Hard,2500000,21000,0,Neutral,False,False,,
1176,Ultimate Machina,139,233,Droma Square,B,Boss,Normal,1250000,10500,0,Neutral,False,False,,
1175,Ultimate Machina,129,233,Droma Square,B,Boss,Easy,125000,1050,0,Neutral,False,False,,
1173,Volotur,160,232,Suburb of Droma Square: Area 3,M,Mini Boss,Normal,-1,24024,5,Dark,False,False,,
1159,Golden Iconos (2018),115,79,Sofya City: Government Office,B,Boss,Ultimate,18492600,26400,0,Neutral,False,True,,
1158,Golden Iconos (2018),95,79,Sofya City: Government Office,B,Boss,Nightmare,9246300,13200,0,Neutral,False,True,,
1157,Golden Iconos (2018),85,79,Sofya City: Government Office,B,Boss,Hard,3698520,5280,0,Neutral,False,True,,
1156,Golden Iconos (2018),75,79,Sofya City: Government Office,B,Boss,Normal,1849269,2640,0,Neutral,False,True,,
1155,Golden Coryn (2018),100,110,Wanderer's Plain,M,Mini Boss,Normal,10000,20,0,Neutral,False,True,,
1154,Golden Coryn (2018),100,70,Darkanon Plain,M,Mini Boss,Normal,10000,20,0,Neutral,False,True,,
1153,Golden Coryn (2018),100,51,Yorl Highlands,M,Mini Boss,Normal,10000,20,0,Neutral,False,True,,
1152,Golden Coryn (2018),100,7,Rakau Plains,M,Mini Boss,Normal,10000,20,0,Neutral,False,True,,
1151,Lyark Master Specialist,157,215,Brahe Laboratory: 2nd Building,M,Mini Boss,Normal,-1,19089,3,Wind,False,False,,
1150,Gwaimol,176,228,Cuervo Jail: Roof,B,Boss,Ultimate,8500000,81000,4,Earth,False,False,,
1149,Gwaimol,156,228,Cuervo Jail: Roof,B,Boss,Nightmare,4250000,40500,4,Earth,False,False,,
1148,Gwaimol,146,228,Cuervo Jail: Roof,B,Boss,Hard,1700000,16200,4,Earth,False,False,,
1147,Gwaimol,136,228,Cuervo Jail: Roof,B,Boss,Normal,850000,8100,4,Earth,False,False,,
1146,Gwaimol,126,228,Cuervo Jail: Roof,B,Boss,Easy,85000,810,4,Earth,False,False,,
1132,Deniala,110,223,Hanami Event Venue: Dock (Chapter 3 Normal),B,Boss,Normal,860000,6100,5,Dark,False,True,,
1125,Deniala,90,221,Hanami Event Venue: Dock (Chapter 3 Easy),B,Boss,Easy,280000,2600,5,Dark,False,True,,
1118,Deniala,150,219,Hanami Event Venue: Dock (Chapter 3 Hard),B,Boss,Nightmare,4750000,27500,5,Dark,False,True,,
1117,Deniala,130,219,Hanami Event Venue: Dock (Chapter 3 Hard),B,Boss,Hard,1900000,11000,5,Dark,False,True,,
1110,Guignol,173,217,Brahe Laboratory: 4th Building,B,Boss,Ultimate,4900000,62000,3,Wind,False,False,,
1109,Guignol,153,217,Brahe Laboratory: 4th Building,B,Boss,Nightmare,2450000,31000,3,Wind,False,False,,
1108,Guignol,143,217,Brahe Laboratory: 4th Building,B,Boss,Hard,980000,12400,3,Wind,False,False,,
1107,Guignol,133,217,Brahe Laboratory: 4th Building,B,Boss,Normal,490000,6200,3,Wind,False,False,,
1106,Guignol,123,217,Brahe Laboratory: 4th Building,B,Boss,Easy,49000,620,3,Wind,False,False,,
1086,Candela Cola (White Day 2018),160,45,Douce Hamlet,B,Boss,Normal,3500000,39000,1,Fire,False,True,,
1085,Candela Soda (White Day 2018),130,45,Douce Hamlet,B,Boss,Normal,2180000,28000,2,Water,False,True,,
1084,Candela Mint (White Day 2018),100,45,Douce Hamlet,B,Boss,Normal,1200000,19000,6,Light,False,True,,
1083,Candela Lemon (White Day 2018),70,45,Douce Hamlet,B,Boss,Normal,325000,7200,3,Wind,False,True,,
1082,Candela Melon (White Day 2018),40,45,Douce Hamlet,B,Boss,Normal,54000,2300,2,Water,False,True,,
1080,Zahhak Machina,170,211,Lufenas Mansion: Hall,B,Boss,Ultimate,6000000,60000,6,Light,False,False,,
1079,Zahhak Machina,150,211,Lufenas Mansion: Hall,B,Boss,Nightmare,3000000,30000,6,Light,False,False,,
1078,Zahhak Machina,140,211,Lufenas Mansion: Hall,B,Boss,Hard,1200000,12000,6,Light,False,False,,
1077,Zahhak Machina,130,211,Lufenas Mansion: Hall,B,Boss,Normal,600000,6000,6,Light,False,False,,
1076,Zahhak Machina,120,211,Lufenas Mansion: Hall,B,Boss,Easy,60000,600,6,Light,False,False,,
1067,Commander Golem,154,208,Lufenas Mansion: Entrance,M,Mini Boss,Normal,2400000,20580,5,Dark,False,False,,
1057,Chocolate Ooze (Dark) (Valentine 2018),150,16,Underground Channel,B,Boss,Normal,2160000,27600,2,Water,False,True,,
1056,Chocolate Ooze (Bitter) (Valentine 2018),120,16,Underground Channel,B,Boss,Normal,1300000,19400,2,Water,False,True,,
1055,Chocolate Ooze (Sweet) (Valentine 2018),90,16,Underground Channel,B,Boss,Normal,690000,12000,2,Water,False,True,,
1054,Chocolate Ooze (Milk) (Valentine 2018),60,16,Underground Channel,B,Boss,Normal,180000,4800,2,Water,False,True,,
1053,Chocolate Ooze (White) (Valentine 2018),30,16,Underground Channel,B,Boss,Normal,32000,1600,2,Water,False,True,,
1051,Super Death Mushroom,150,200,Monster's Forest: Animal Trail,M,Mini Boss,Normal,-1,24871,5,Dark,False,False,,
1047,Lalvada,167,201,Monster's Forest: Deep Part,B,Boss,Ultimate,6000000,60000,6,Light,False,False,,
1046,Lalvada,147,201,Monster's Forest: Deep Part,B,Boss,Nightmare,3000000,30000,6,Light,False,False,,
1045,Lalvada,137,201,Monster's Forest: Deep Part,B,Boss,Hard,1200000,12000,6,Light,False,False,,
1044,Lalvada,127,201,Monster's Forest: Deep Part,B,Boss,Normal,600000,6000,6,Light,False,False,,
1043,Lalvada,117,201,Monster's Forest: Deep Part,B,Boss,Easy,60000,600,6,Light,False,False,,
1035,Zega (Megiston 2017),160,87,Event,B,Boss,Normal,1500000,47000,2,Water,False,True,,
1034,York (Megiston 2017),150,87,Event,B,Boss,Normal,1100000,32000,0,Neutral,False,True,,
1033,Bexiz (Megiston 2017),140,87,Event,B,Boss,Normal,740000,21000,0,Neutral,False,True,,
1032,Evil Crystal Beast (Megiston 2017),130,87,Event,B,Boss,Normal,470000,12600,5,Dark,False,True,,
1031,Jade Raptor (Megiston 2017),120,87,Event,B,Boss,Normal,300000,5500,3,Wind,False,True,,
1030,Perro,50,87,Event,B,Boss,Ultimate,400000,3000,6,Light,False,True,,
1029,Perro,30,87,Event,B,Boss,Nightmare,200000,1500,6,Light,False,True,,
1028,Perro,20,87,Event,B,Boss,Hard,80000,600,6,Light,False,True,,
1027,Perro,10,87,Event,B,Boss,Normal,40000,300,6,Light,False,True,,
1026,Perro,1,87,Event,B,Boss,Easy,4000,30,6,Light,False,True,,
1025,Baphomela,170,192,Navida City: Central Square,B,Boss,Ultimate,7170000,70000,2,Water,False,True,,
1024,Baphomela,150,192,Navida City: Central Square,B,Boss,Nightmare,3585000,35000,2,Water,False,True,,
1023,Baphomela,140,192,Navida City: Central Square,B,Boss,Hard,1434000,14000,2,Water,False,True,,
1022,Baphomela,130,192,Navida City: Central Square,B,Boss,Normal,717000,7000,2,Water,False,True,,
1021,Baphomela,120,192,Navida City: Central Square,B,Boss,Easy,71700,700,2,Water,False,True,,
989,Grecia the Goddess of Courage (7M DL),150,87,Event,B,Boss,Normal,-1,-1,6,Light,False,True,,
988,Ancient Empress (7M DL),150,87,Event,B,Boss,Normal,-1,-1,6,Light,False,True,,
987,Platinum Potum (7M DL),150,87,Event,B,Boss,Normal,20000000,40000,6,Light,False,True,,
986,Mozto Machina,164,188,Large Demi Machina Factory: Deepest Part,B,Boss,Ultimate,11100000,122400,0,Neutral,False,False,,
985,Mozto Machina,144,188,Large Demi Machina Factory: Deepest Part,B,Boss,Nightmare,5550000,61200,0,Neutral,False,False,,
984,Mozto Machina,134,188,Large Demi Machina Factory: Deepest Part,B,Boss,Hard,2220000,24480,0,Neutral,False,False,,
983,Mozto Machina,124,188,Large Demi Machina Factory: Deepest Part,B,Boss,Normal,1110000,12240,0,Neutral,False,False,,
982,Mozto Machina,114,188,Large Demi Machina Factory: Deepest Part,B,Boss,Easy,111000,1224,0,Neutral,False,False,,
978,Odelon Machina,146,186,Large Demi Machina Factory: Area 2,M,Mini Boss,Normal,-1,21357,6,Light,False,False,,
966,Golden Potum (7M DL),100,7,Rakau Plains,M,Mini Boss,Normal,30,100,6,Light,False,True,,
965,Golden Potum (7M DL),100,51,Yorl Highlands,M,Mini Boss,Normal,30,100,6,Light,False,True,,
964,Golden Potum (7M DL),100,70,Darkanon Plain,M,Mini Boss,Normal,30,100,6,Light,False,True,,
963,Golden Potum (7M DL),100,110,Wanderer's Plain,M,Mini Boss,Normal,30,100,6,Light,False,True,,
962,Tyrant Machina,161,183,Small Demi Machina Factory Core,B,Boss,Ultimate,10500000,84000,0,Neutral,False,False,,
961,Tyrant Machina,141,183,Small Demi Machina Factory Core,B,Boss,Nightmare,5250000,42000,0,Neutral,False,False,,
960,Tyrant Machina,131,183,Small Demi Machina Factory Core,B,Boss,Hard,2100000,16800,0,Neutral,False,False,,
959,Tyrant Machina,111,183,Small Demi Machina Factory Core,B,Boss,Easy,105000,840,0,Neutral,False,False,,
958,Tyrant Machina,121,183,Small Demi Machina Factory Core,B,Boss,Normal,1050000,8400,0,Neutral,False,False,,
955,Dusk Machina,142,181,Small Demi Machina Factory: Area 2,M,Mini Boss,Normal,-1,17338,5,Dark,False,False,,
943,Jeila,125,178,Halloween Castle,B,Boss,Very Hard,1130000,15400,5,Dark,False,True,,
942,Jeila,100,178,Halloween Castle,B,Boss,Hard,522000,8800,5,Dark,False,True,,
941,Jeila,75,178,Halloween Castle,B,Boss,Normal,185000,4200,5,Dark,False,True,,
940,Jeila,50,178,Halloween Castle,B,Boss,Easy,41000,1700,5,Dark,False,True,,
938,Goldoon (Fall 2017),140,104,Gravel Terrace,B,Boss,Normal,3000000,70000,5,Dark,False,True,,
933,Evil Crystal Beast,131,130,Lunagent Mountain: Deepest Area,B,Boss,Ultimate,5300000,63000,5,Dark,False,False,,
932,Evil Crystal Beast,111,130,Lunagent Mountain: Deepest Area,B,Boss,Nightmare,2650000,31500,5,Dark,False,False,,
931,Evil Crystal Beast,101,130,Lunagent Mountain: Deepest Area,B,Boss,Hard,1060000,12600,5,Dark,False,False,,
930,Evil Crystal Beast,81,130,Lunagent Mountain: Deepest Area,B,Boss,Easy,53000,630,5,Dark,False,False,,
929,Scrader,125,120,Magic Waste Site: Deepest Part,B,Boss,Ultimate,6600000,79000,5,Dark,False,False,,
928,Scrader,105,120,Magic Waste Site: Deepest Part,B,Boss,Nightmare,3300000,39500,5,Dark,False,False,,
927,Scrader,95,120,Magic Waste Site: Deepest Part,B,Boss,Hard,1320000,15800,5,Dark,False,False,,
926,Scrader,75,120,Magic Waste Site: Deepest Part,B,Boss,Easy,66000,790,5,Dark,False,False,,
925,Black Knight of Delusion,128,125,Abyss of No Return: Deepest Area,B,Boss,Ultimate,5400000,66000,5,Dark,False,False,,
924,Black Knight of Delusion,108,125,Abyss of No Return: Deepest Area,B,Boss,Nightmare,2700000,33000,5,Dark,False,False,,
923,Black Knight of Delusion,98,125,Abyss of No Return: Deepest Area,B,Boss,Hard,1080000,13200,5,Dark,False,False,,
922,Black Knight of Delusion,78,125,Abyss of No Return: Deepest Area,B,Boss,Easy,54000,660,5,Dark,False,False,,
921,Goovua,122,107,Akaku Desert: Hill,B,Boss,Ultimate,4000000,50000,0,Neutral,False,False,,
920,Goovua,102,107,Akaku Desert: Hill,B,Boss,Nightmare,2000000,25000,0,Neutral,False,False,,
919,Goovua,92,107,Akaku Desert: Hill,B,Boss,Hard,800000,10000,0,Neutral,False,False,,
918,Goovua,72,107,Akaku Desert: Hill,B,Boss,Easy,40000,500,0,Neutral,False,False,,
917,Jade Raptor,119,104,Gravel Terrace,B,Boss,Ultimate,6200000,84000,3,Wind,False,False,,
916,Jade Raptor,99,104,Gravel Terrace,B,Boss,Nightmare,3100000,42000,3,Wind,False,False,,
915,Jade Raptor,89,104,Gravel Terrace,B,Boss,Hard,1240000,16800,3,Wind,False,False,,
914,Jade Raptor,69,104,Gravel Terrace,B,Boss,Easy,62000,840,3,Wind,False,False,,
913,Nurethoth,116,102,Gate to Another World: Front,B,Boss,Ultimate,5000000,53600,5,Dark,False,False,,
912,Nurethoth,96,102,Gate to Another World: Front,B,Boss,Nightmare,2500000,26800,5,Dark,False,False,,
911,Nurethoth,86,102,Gate to Another World: Front,B,Boss,Hard,1000000,10720,5,Dark,False,False,,
910,Nurethoth,66,102,Gate to Another World: Front,B,Boss,Easy,50000,536,5,Dark,False,False,,
908,Grass Dragon Yelb,113,96,Albatif Village,B,Boss,Ultimate,4391900,50400,4,Earth,False,False,,
907,Grass Dragon Yelb,93,96,Albatif Village,B,Boss,Nightmare,2195950,25200,4,Earth,False,False,,
906,Grass Dragon Yelb,83,96,Albatif Village,B,Boss,Hard,878380,10080,4,Earth,False,False,,
905,Grass Dragon Yelb,63,96,Albatif Village,B,Boss,Easy,43919,504,4,Earth,False,False,,
903,Pillar Golem,110,92,Lost Town: Magic Barrier,B,Boss,Ultimate,3240000,36000,4,Earth,False,False,,
902,Pillar Golem,90,92,Lost Town: Magic Barrier,B,Boss,Nightmare,1620000,18000,4,Earth,False,False,,
901,Pillar Golem,80,92,Lost Town: Magic Barrier,B,Boss,Hard,648000,7200,4,Earth,False,False,,
900,Pillar Golem,60,92,Lost Town: Magic Barrier,B,Boss,Easy,32400,360,4,Earth,False,False,,
899,B.B. Goblin,110,32,Rinom Plains,B,Boss,Ultimate,-1,24000,-1,Unknown,False,False,,
898,B.B. Goblin,90,32,Rinom Plains,B,Boss,Nightmare,-1,12000,-1,Unknown,False,False,,
897,B.B. Goblin,80,32,Rinom Plains,B,Boss,Hard,-1,4800,-1,Unknown,False,False,,
896,B.B. Goblin,60,32,Rinom Plains,B,Boss,Easy,243312,240,1,Fire,False,False,,
895,Masked Warrior,107,84,Land Under Cultivation: Hill,B,Boss,Ultimate,2760000,43000,1,Fire,False,False,,
894,Masked Warrior,87,84,Land Under Cultivation: Hill,B,Boss,Nightmare,1380000,21500,1,Fire,False,False,,
893,Masked Warrior,77,84,Land Under Cultivation: Hill,B,Boss,Hard,522000,8600,1,Fire,False,False,,
892,Masked Warrior,57,84,Land Under Cultivation: Hill,B,Boss,Easy,27600,430,1,Fire,False,False,,
891,Ancient Empress Mezzaluna,104,75,Ancient Empress Tomb: Deepest Part,B,Boss,Ultimate,1300000,31200,6,Light,False,False,,
890,Ancient Empress Mezzaluna,84,75,Ancient Empress Tomb: Deepest Part,B,Boss,Nightmare,650000,15600,6,Light,False,False,,
889,Ancient Empress Mezzaluna,74,75,Ancient Empress Tomb: Deepest Part,B,Boss,Hard,260000,6240,6,Light,False,False,,
888,Ancient Empress Mezzaluna,54,75,Ancient Empress Tomb: Deepest Part,B,Boss,Easy,130000,312,6,Light,False,False,,
885,Demon's Gate,100,65,Saham Crater,B,Boss,Ultimate,1800000,14400,5,Dark,False,False,,
884,Demon's Gate,80,65,Saham Crater,B,Boss,Nightmare,900000,7200,5,Dark,False,False,,
883,Demon's Gate,70,65,Saham Crater,B,Boss,Hard,360000,2880,5,Dark,False,False,,
882,Demon's Gate,50,65,Saham Crater,B,Boss,Easy,180000,144,5,Dark,False,False,,
881,Warmonger,100,57,Haotas Ravine: Deepest Part,B,Boss,Ultimate,1476900,9600,4,Earth,False,False,,
880,Warmonger,80,57,Haotas Ravine: Deepest Part,B,Boss,Nightmare,738450,4800,4,Earth,False,False,,
879,Warmonger,70,57,Haotas Ravine: Deepest Part,B,Boss,Hard,295380,1920,4,Earth,False,False,,
878,Warmonger,50,57,Haotas Ravine: Deepest Part,B,Boss,Easy,14769,96,4,Earth,False,False,,
877,York,158,176,Huge Crysta Factory: Storage,B,Boss,Ultimate,6400000,68000,0,Neutral,False,False,,
876,York,138,176,Huge Crysta Factory: Storage,B,Boss,Nightmare,3200000,34000,0,Neutral,False,False,,
875,York,128,176,Huge Crysta Factory: Storage,B,Boss,Hard,1280000,13600,0,Neutral,False,False,,
874,York,108,176,Huge Crysta Factory: Storage,B,Boss,Easy,64000,680,0,Neutral,False,False,,
873,York,118,176,Huge Crysta Factory: Storage,B,Boss,Normal,640000,6800,0,Neutral,False,False,,
872,Builder Golem,138,175,Huge Crysta Factory: 3rd Floor,M,Mini Boss,Normal,-1,17564,0,Neutral,False,False,,
858,Platinum Potum (6M DL),90,87,Event,B,Boss,Easy,870000,2100,6,Light,False,True,,
857,Platinum Potum (6M DL),140,87,Event,B,Boss,Ultimate,87000000,210000,6,Light,False,True,,
856,Platinum Potum (6M DL),120,87,Event,B,Boss,Nightmare,43500000,105000,6,Light,False,True,,
855,Platinum Potum (6M DL),107,87,Event,B,Boss,Hard,17400000,42000,6,Light,False,True,,
854,Platinum Potum (Normal) (6M DL),100,87,Event,B,Boss,Normal,8700000,21000,6,Light,False,True,,
853,Golden Potum (6M DL),100,87,Event,B,Boss,Normal,50,-1,6,Light,False,True,,
852,Golden Potum (6M DL),100,110,Wanderer's Plain,M,Mini Boss,Normal,30,100,6,Light,False,True,,
851,Golden Potum (6M DL),100,70,Darkanon Plain,M,Mini Boss,Normal,30,100,6,Light,False,True,,
850,Golden Potum (6M DL),100,51,Yorl Highlands,M,Mini Boss,Normal,30,100,6,Light,False,True,,
849,Golden Potum (6M DL),100,7,Rakau Plains,M,Mini Boss,Normal,30,100,6,Light,False,True,,
848,Evil Magic Sword,134,170,Singolare Ruins: 2nd Floor,M,Mini Boss,Normal,30,19123,5,Dark,False,False,,
847,Proto Leon,155,171,Singolare Ruins: 3rd Floor,B,Boss,Ultimate,5850000,62500,4,Earth,False,False,,
846,Proto Leon,135,171,Singolare Ruins: 3rd Floor,B,Boss,Nightmare,2925000,31250,4,Earth,False,False,,
845,Proto Leon,125,171,Singolare Ruins: 3rd Floor,B,Boss,Hard,1170000,12500,4,Earth,False,False,,
844,Proto Leon,105,171,Singolare Ruins: 3rd Floor,B,Boss,Easy,58500,625,4,Earth,False,False,,
843,Proto Leon,115,171,Singolare Ruins: 3rd Floor,B,Boss,Normal,585000,6250,4,Earth,False,False,,
828,Mini Zega,100,87,Event,B,Boss,Normal,-1,-1,2,Water,False,True,,
827,Zega,150,87,Event,B,Boss,Normal,4600000,-1,2,Water,False,True,,
826,Daddy Finpen,123,139,Spring of Rebirth: Middle,M,Mini Boss,Normal,-1,8000,2,Water,False,False,,
825,Zolban the Dark Captain of Wind,165,87,Event,B,Boss,Ultimate,3400000,34000,3,Wind,False,True,,
824,Zolban the Dark Captain of Wind,145,87,Event,B,Boss,Nightmare,1700000,17000,3,Wind,False,True,,
823,Zolban the Dark Captain of Wind,135,87,Event,B,Boss,Hard,680000,6800,3,Wind,False,True,,
822,Zolban the Dark Captain of Wind,125,87,Event,B,Boss,Normal,340000,3400,3,Wind,False,True,,
821,Vatendeth the Dark General,165,87,Event,B,Boss,Ultimate,3400000,34000,5,Dark,False,True,,
820,Vatendeth the Dark General,145,87,Event,B,Boss,Nightmare,1700000,17000,5,Dark,False,True,,
819,Vatendeth the Dark General,135,87,Event,B,Boss,Hard,680000,6800,5,Dark,False,True,,
818,Vatendeth the Dark General,125,87,Event,B,Boss,Normal,340000,3400,5,Dark,False,True,,
817,Grecia the Goddess of Courage,165,87,Event,B,Boss,Ultimate,3400000,34000,6,Light,False,True,,
816,Grecia the Goddess of Courage,145,87,Event,B,Boss,Nightmare,1700000,17000,6,Light,False,True,,
815,Grecia the Goddess of Courage,135,87,Event,B,Boss,Hard,680000,6800,6,Light,False,True,,
814,Grecia the Goddess of Courage,125,87,Event,B,Boss,Normal,340000,3400,6,Light,False,True,,
813,Iceberg Silver Knight,140,87,Event,B,Boss,Ultimate,2500000,30000,2,Water,False,True,,
812,Hellfire Scrap Golem,140,87,Event,B,Boss,Ultimate,2500000,30000,1,Fire,False,True,,
811,Evil Emerald Beast,140,87,Event,B,Boss,Ultimate,2500000,30000,3,Wind,False,True,,
810,Iceberg Silver Knight,120,87,Event,B,Boss,Nightmare,1250000,15000,2,Water,False,True,,
809,Hellfire Scrap Golem,120,87,Event,B,Boss,Nightmare,1250000,15000,1,Fire,False,True,,
808,Evil Emerald Beast,120,87,Event,B,Boss,Nightmare,1250000,15000,3,Wind,False,True,,
807,Iceberg Silver Knight,110,87,Event,B,Boss,Hard,500000,6000,2,Water,False,True,,
806,Hellfire Scrap Golem,110,87,Event,B,Boss,Hard,500000,6000,1,Fire,False,True,,
805,Evil Emerald Beast,110,87,Event,B,Boss,Hard,500000,6000,3,Wind,False,True,,
804,Iceberg Silver Knight,100,87,Event,B,Boss,Normal,250000,3000,2,Water,False,True,,
803,Hellfire Scrap Golem,100,87,Event,B,Boss,Normal,250000,3000,1,Fire,False,True,,
802,Evil Emerald Beast,100,87,Event,B,Boss,Normal,250000,3000,3,Wind,False,True,,
801,Outer World Soldier,115,87,Event,B,Boss,Ultimate,1800000,27000,4,Earth,False,True,,
800,Outer World Soldier,95,87,Event,B,Boss,Nightmare,900000,13500,4,Earth,False,True,,
799,Outer World Soldier,85,87,Event,B,Boss,Hard,360000,5400,4,Earth,False,True,,
798,Outer World Soldier,75,87,Event,B,Boss,Normal,180000,2700,4,Earth,False,True,,
797,Faithful Guardian,115,87,Event,B,Boss,Ultimate,1800000,27000,1,Fire,False,True,,
796,Faithful Guardian,95,87,Event,B,Boss,Nightmare,900000,13500,1,Fire,False,True,,
795,Faithful Guardian,85,87,Event,B,Boss,Hard,360000,5400,1,Fire,False,True,,
794,Faithful Guardian,75,87,Event,B,Boss,Normal,180000,2700,1,Fire,False,True,,
793,False God,115,87,Event,B,Boss,Ultimate,1800000,27000,4,Earth,False,True,,
792,False God,95,87,Event,B,Boss,Nightmare,900000,13500,4,Earth,False,True,,
791,False God,85,87,Event,B,Boss,Hard,360000,5400,4,Earth,False,True,,
790,False God,75,87,Event,B,Boss,Normal,180000,2700,4,Earth,False,True,,
789,Priest Warmonger,90,87,Event,B,Boss,Ultimate,600000,12000,6,Light,False,True,,
788,Priest Warmonger,70,87,Event,B,Boss,Nightmare,300000,6000,6,Light,False,True,,
787,Priest Warmonger,60,87,Event,B,Boss,Hard,120000,2400,6,Light,False,True,,
786,Priest Warmonger,50,87,Event,B,Boss,Normal,60000,1200,6,Light,False,True,,
785,Warrior Minotaur,90,87,Event,B,Boss,Ultimate,600000,12000,4,Earth,False,True,,
784,Warrior Minotaur,70,87,Event,B,Boss,Nightmare,300000,6000,4,Earth,False,True,,
783,Warrior Minotaur,60,87,Event,B,Boss,Hard,120000,2400,4,Earth,False,True,,
782,Warrior Minotaur,50,87,Event,B,Boss,Normal,60000,1200,4,Earth,False,True,,
781,Fighter Mochelo,90,87,Event,B,Boss,Ultimate,600000,12000,3,Wind,False,True,,
780,Fighter Mochelo,70,87,Event,B,Boss,Nightmare,300000,6000,3,Wind,False,True,,
779,Fighter Mochelo,60,87,Event,B,Boss,Hard,120000,2400,3,Wind,False,True,,
778,Fighter Mochelo,50,87,Event,B,Boss,Normal,60000,1200,3,Wind,False,True,,
777,Festival Golem Type C,65,87,Event,B,Boss,Ultimate,120000,3200,3,Wind,False,True,,
776,Festival Golem Type C,45,87,Event,B,Boss,Nightmare,60000,1600,3,Wind,False,True,,
775,Festival Golem Type C,35,87,Event,B,Boss,Hard,24000,640,3,Wind,False,True,,
774,Festival Golem Type C,25,87,Event,B,Boss,Normal,12000,320,3,Wind,False,True,,
773,Festival Golem Type B,65,87,Event,B,Boss,Ultimate,120000,3200,2,Water,False,True,,
772,Festival Golem Type B,45,87,Event,B,Boss,Nightmare,60000,1600,2,Water,False,True,,
771,Festival Golem Type B,35,87,Event,B,Boss,Hard,24000,640,2,Water,False,True,,
770,Festival Golem Type B,25,87,Event,B,Boss,Normal,12000,320,2,Water,False,True,,
769,Festival Golem Type A,65,87,Event,B,Boss,Ultimate,120000,3200,1,Fire,False,True,,
768,Festival Golem Type A,45,87,Event,B,Boss,Nightmare,60000,1600,1,Fire,False,True,,
767,Festival Golem Type A,35,87,Event,B,Boss,Hard,24000,640,1,Fire,False,True,,
766,Festival Golem Type A,25,87,Event,B,Boss,Normal,12000,320,1,Fire,False,True,,
765,2nd Anniversary Event (all boss),0,87,Event,B,Boss,Normal,0,0,0,Neutral,False,True,,
764,Ifrid,152,167,Blazing Graben: Deepest Part,B,Boss,Ultimate,5555000,60000,1,Fire,False,False,,
763,Ifrid,132,167,Blazing Graben: Deepest Part,B,Boss,Nightmare,2777500,30000,1,Fire,False,False,,
762,Ifrid,122,167,Blazing Graben: Deepest Part,B,Boss,Hard,1111000,12000,1,Fire,False,False,,
761,Ifrid,102,167,Blazing Graben: Deepest Part,B,Boss,Easy,55550,600,1,Fire,False,False,,
760,Ifrid,112,167,Blazing Graben: Deepest Part,B,Boss,Normal,555500,6000,1,Fire,False,False,,
756,Salamander,132,165,Blazing Graben: Upper,M,Mini Boss,Normal,2000000,20242,1,Fire,False,False,,
752,Ooze,92,55,Lutaros Cavern: Deepest Part,B,Boss,Ultimate,440000,14000,2,Water,False,False,,
751,Ooze,72,55,Lutaros Cavern: Deepest Part,B,Boss,Nightmare,220000,7000,2,Water,False,False,,
750,Ooze,62,55,Lutaros Cavern: Deepest Part,B,Boss,Hard,88000,2800,2,Water,False,False,,
749,Ooze,42,55,Lutaros Cavern: Deepest Part,B,Boss,Easy,4400,140,2,Water,False,False,,
745,Boss Roga,102,69,Saham Underground Cave - Deepest Part,B,Boss,Ultimate,2500000,30000,0,Neutral,False,False,,
744,Boss Roga,82,69,Saham Underground Cave - Deepest Part,B,Boss,Nightmare,1250000,15000,0,Neutral,False,False,,
743,Boss Roga,72,69,Saham Underground Cave - Deepest Part,B,Boss,Hard,500000,6000,0,Neutral,False,False,,
742,Boss Roga,52,69,Saham Underground Cave - Deepest Part,B,Boss,Easy,25000,300,0,Neutral,False,False,,
739,Mauez,95,62,New Moon Palace: Innermost,B,Boss,Ultimate,860000,12900,2,Water,False,False,,
738,Mauez,75,62,New Moon Palace: Innermost,B,Boss,Nightmare,430000,6450,2,Water,False,False,,
737,Mauez,65,62,New Moon Palace: Innermost,B,Boss,Hard,172000,2580,2,Water,False,False,,
736,Mauez,45,62,New Moon Palace: Innermost,B,Boss,Easy,8600,129,2,Water,False,False,,
734,Astol,90,50,Aulada Ancient Tower,B,Boss,Ultimate,820400,7600,3,Wind,False,False,,
733,Astol,70,50,Aulada Ancient Tower,B,Boss,Nightmare,410200,3800,3,Wind,False,False,,
732,Astol,60,50,Aulada Ancient Tower,B,Boss,Hard,164080,1520,3,Wind,False,False,,
731,Astol,40,50,Aulada Ancient Tower,B,Boss,Easy,8204,76,3,Wind,False,False,,
730,Forestia,89,49,Land Of Chaos,B,Boss,Ultimate,1350000,14800,3,Wind,False,False,,
729,Forestia,69,49,Land Of Chaos,B,Boss,Nightmare,675000,7400,3,Wind,False,False,,
728,Forestia,59,49,Land Of Chaos,B,Boss,Hard,270000,2960,3,Wind,False,False,,
727,Forestia,39,49,Land Of Chaos,B,Boss,Easy,13500,148,3,Wind,False,False,,
726,Ganglef,98,48,Scaro Town: Deepest Part,B,Boss,Ultimate,1078000,11500,4,Earth,False,False,,
725,Ganglef,78,48,Scaro Town: Deepest Part,B,Boss,Nightmare,539000,5750,4,Earth,False,False,,
724,Ganglef,68,48,Scaro Town: Deepest Part,B,Boss,Hard,215600,2300,4,Earth,False,False,,
723,Ganglef,48,48,Scaro Town: Deepest Part,B,Boss,Easy,10780,115,4,Earth,False,False,,
722,Ruin Golem,85,44,Zoktzda ruins : Reversed Hall,B,Boss,Ultimate,412000,6600,4,Earth,False,False,,
721,Ruin Golem,65,44,Zoktzda ruins : Reversed Hall,B,Boss,Nightmare,206000,3300,4,Earth,False,False,,
720,Ruin Golem,55,44,Zoktzda ruins : Reversed Hall,B,Boss,Hard,82400,1320,4,Earth,False,False,,
719,Ruin Golem,35,44,Zoktzda ruins : Reversed Hall,B,Boss,Easy,4120,66,4,Earth,False,False,,
718,Flare Volg,90,41,Fiery Volcano: Boss Map,B,Boss,Ultimate,1200000,15000,1,Fire,False,False,,
717,Flare Volg,70,41,Fiery Volcano: Boss Map,B,Boss,Nightmare,600000,7500,1,Fire,False,False,,
716,Flare Volg,60,41,Fiery Volcano: Boss Map,B,Boss,Hard,240000,3000,1,Fire,False,False,,
715,Flare Volg,40,41,Fiery Volcano: Boss Map,B,Boss,Easy,12000,150,1,Fire,False,False,,
714,Mochelo,83,40,Fiery Volcano: Area 3,B,Boss,Ultimate,600000,6200,3,Wind,False,False,,
713,Mochelo,63,40,Fiery Volcano: Area 3,B,Boss,Nightmare,300000,3100,3,Wind,False,False,,
712,Mochelo,53,40,Fiery Volcano: Area 3,B,Boss,Hard,120000,1240,3,Wind,False,False,,
711,Mochelo,33,40,Fiery Volcano: Area 3,B,Boss,Easy,6000,62,3,Wind,False,False,,
710,Boss Goblin,80,36,Ribisco Cave: Deepest Part,B,Boss,Ultimate,267580,5600,1,Fire,False,False,,
709,Boss Goblin,60,36,Ribisco Cave: Deepest Part,B,Boss,Nightmare,133790,2800,1,Fire,False,False,,
708,Boss Goblin,50,36,Ribisco Cave: Deepest Part,B,Boss,Hard,53516,1120,1,Fire,False,False,,
707,Boss Goblin,30,36,Ribisco Cave: Deepest Part,B,Boss,Easy,2675,56,1,Fire,False,False,,
704,Aranea,140,146,Garden of Sublimation: Central Part,B,Boss,Ultimate,3800000,44000,4,Earth,False,False,,
703,Aranea,120,146,Garden of Sublimation: Central Part,B,Boss,Nightmare,1900000,22000,4,Earth,False,False,,
702,Aranea,110,146,Garden of Sublimation: Central Part,B,Boss,Hard,760000,8800,4,Earth,False,False,,
701,Aranea,90,146,Garden of Sublimation: Central Part,B,Boss,Easy,38000,440,4,Earth,False,False,,
698,Zolban,138,142,Dark Mirror,B,Boss,Ultimate,2440000,39000,3,Wind,False,False,,
697,Zolban,118,142,Dark Mirror,B,Boss,Nightmare,1220000,19500,3,Wind,False,False,,
696,Zolban,108,142,Dark Mirror,B,Boss,Hard,488000,7800,3,Wind,False,False,,
695,Zolban,88,142,Dark Mirror,B,Boss,Easy,24400,390,3,Wind,False,False,,
692,Cerberus,137,141,Spring of Rebirth: Top,B,Boss,Ultimate,8000000,92200,2,Water,False,False,,
691,Cerberus,117,141,Spring of Rebirth: Top,B,Boss,Nightmare,4000000,46100,2,Water,False,False,,
690,Cerberus,107,141,Spring of Rebirth: Top,B,Boss,Hard,1600000,18440,2,Water,False,False,,
689,Cerberus,87,141,Spring of Rebirth: Top,B,Boss,Easy,80000,922,2,Water,False,False,,
686,Twilight Dragon,140,135,Fort Solfini: Roof,B,Boss,Ultimate,6950000,80000,0,Neutral,False,False,,
685,Twilight Dragon,120,135,Fort Solfini: Roof,B,Boss,Nightmare,3475000,40000,0,Neutral,False,False,,
684,Twilight Dragon,110,135,Fort Solfini: Roof,B,Boss,Hard,1390000,16000,0,Neutral,False,False,,
683,Twilight Dragon,90,135,Fort Solfini: Roof,B,Boss,Easy,69500,800,0,Neutral,False,False,,
682,Inzanio the Dark Knight,94,135,Fort Solfini: Roof,B,Boss,Normal,489000,5500,2,Water,False,False,,
681,Inzanio the Dark Knight,134,135,Fort Solfini: Roof,B,Boss,Ultimate,4890000,55000,2,Water,False,False,,
680,Inzanio the Dark Knight,114,135,Fort Solfini: Roof,B,Boss,Nightmare,2445000,27500,2,Water,False,False,,
679,Inzanio the Dark Knight,104,135,Fort Solfini: Roof,B,Boss,Hard,978000,11000,2,Water,False,False,,
678,Inzanio the Dark Knight,84,135,Fort Solfini: Roof,B,Boss,Easy,48900,550,2,Water,False,False,,
677,Brutal Dragon Decel,80,30,Nisel Mountain: The Top,B,Boss,Ultimate,-1,5600,-1,Unknown,False,False,,
675,Brutal Dragon Decel,60,30,Nisel Mountain: The Top,B,Boss,Nightmare,265000,2800,4,Earth,False,False,,
674,Brutal Dragon Decel,50,30,Nisel Mountain: The Top,B,Boss,Hard,106000,1120,4,Earth,False,False,,
673,Brutal Dragon Decel,30,30,Nisel Mountain: The Top,B,Boss,Easy,5300,56,4,Earth,False,False,,
672,Forest Wolf,70,25,Marbaro Forest: Deepest Part,B,Boss,Ultimate,160380,3000,3,Wind,False,False,,
671,Forest Wolf,50,25,Marbaro Forest: Deepest Part,B,Boss,Nightmare,80190,1500,3,Wind,False,False,,
670,Forest Wolf,40,25,Marbaro Forest: Deepest Part,B,Boss,Hard,32076,600,3,Wind,False,False,,
669,Forest Wolf,20,25,Marbaro Forest: Deepest Part,B,Boss,Easy,1603,30,3,Wind,False,False,,
668,Gespenst,60,16,Underground Channel,B,Boss,Ultimate,85440,2400,5,Dark,False,False,,
667,Gespenst,40,16,Underground Channel,B,Boss,Nightmare,42720,1200,5,Dark,False,False,,
666,Gespenst,30,16,Underground Channel,B,Boss,Hard,17088,480,5,Dark,False,False,,
665,Gespenst,10,16,Underground Channel,B,Boss,Easy,854,24,5,Dark,False,False,,
664,Minotaur,72,15,Ruined Temple: Forbidden hall,B,Boss,Ultimate,180000,4200,3,Wind,False,False,,
663,Minotaur,52,15,Ruined Temple: Forbidden hall,B,Boss,Nightmare,90000,2100,3,Wind,False,False,,
662,Minotaur,42,15,Ruined Temple: Forbidden hall,B,Boss,Hard,36000,840,3,Wind,False,False,,
661,Minotaur,22,15,Ruined Temple: Forbidden hall,B,Boss,Easy,1800,42,3,Wind,False,False,,
659,Eerie Crystal,64,10,Isthmus Of Kaus: Dragon's Den,B,Boss,Ultimate,63000,2250,5,Dark,False,False,,
658,Eerie Crystal,44,10,Isthmus Of Kaus: Dragon's Den,B,Boss,Nightmare,31500,1125,5,Dark,False,False,,
657,Eerie Crystal,34,10,Isthmus Of Kaus: Dragon's Den,B,Boss,Hard,12600,450,5,Dark,False,False,,
656,Eerie Crystal,14,10,Isthmus Of Kaus: Dragon's Den,B,Boss,Easy,630,22,5,Dark,False,False,,
653,Excavated Golem,56,6,Underground Ruins: Deepest Part,B,Boss,Ultimate,31500,900,0,Neutral,False,False,,
652,Excavated Golem,36,6,Underground Ruins: Deepest Part,B,Boss,Nightmare,15750,450,0,Neutral,False,False,,
651,Excavated Golem,26,6,Underground Ruins: Deepest Part,B,Boss,Hard,6300,180,0,Neutral,False,False,,
650,Excavated Golem,6,6,Underground Ruins: Deepest Part,B,Boss,Easy,315,9,0,Neutral,False,False,,
649,Boss Colon,50,2,Land Under Development,B,Boss,Ultimate,10000,300,4,Earth,False,False,,
648,Boss Colon,30,2,Land Under Development,B,Boss,Nightmare,5000,150,4,Earth,False,False,,
647,Boss Colon,20,2,Land Under Development,B,Boss,Hard,2000,60,4,Earth,False,False,,
646,Boss Colon,4,2,Land Under Development,B,Boss,Easy,100,3,4,Earth,False,False,,
645,Tapir,160,164,Blazing Graben: Surface,B,Boss,Ultimate,7813000,78000,0,Neutral,False,False,,
644,Tapir,140,164,Blazing Graben: Surface,B,Boss,Nightmare,3906500,39000,0,Neutral,False,False,,
643,Tapir,130,164,Blazing Graben: Surface,B,Boss,Hard,1562600,15600,0,Neutral,False,False,,
642,Tapir,110,164,Blazing Graben: Surface,B,Boss,Easy,78130,780,0,Neutral,False,False,,
641,Tapir,120,164,Blazing Graben: Surface,B,Boss,Normal,781300,7800,0,Neutral,False,False,,
636,Iconos,148,163,Artillery Defense Line,B,Boss,Ultimate,4040000,42000,4,Earth,False,False,,
635,Iconos,128,163,Artillery Defense Line,B,Boss,Nightmare,2020000,21000,4,Earth,False,False,,
634,Iconos,118,163,Artillery Defense Line,B,Boss,Hard,808000,8400,4,Earth,False,False,,
633,Iconos,98,163,Artillery Defense Line,B,Boss,Easy,40400,420,4,Earth,False,False,,
632,Iconos,108,163,Artillery Defense Line,B,Boss,Normal,404000,4200,4,Earth,False,False,,
622,June Bride Event (all mini boss),0,87,Event,M,Mini Boss,Normal,0,0,0,Neutral,False,True,,
621,June Bride Event (all boss),0,87,Event,B,Boss,Normal,0,0,0,Neutral,False,True,,
620,Ancient Empress Mezzaluna,135,87,Event,B,Boss,Normal,2000000,500000,6,Light,False,True,,
618,Memecoleous,140,159,Dark Castle: Area 2,B,Boss,Ultimate,12900000,144000,0,Neutral,False,False,,
617,Memecoleous,120,159,Dark Castle: Area 2,B,Boss,Nightmare,6450000,72000,0,Neutral,False,False,,
616,Memecoleous,110,159,Dark Castle: Area 2,B,Boss,Hard,2580000,28800,0,Neutral,False,False,,
615,Memecoleous,90,159,Dark Castle: Area 2,B,Boss,Easy,129000,1440,0,Neutral,False,False,,
614,Imitacia,149,161,Dark Castle: Grand Hall,B,Boss,Ultimate,7200000,81500,1,Fire,False,False,,
613,Imitacia,129,161,Dark Castle: Grand Hall,B,Boss,Nightmare,3600000,40750,1,Fire,False,False,,
612,Imitacia,119,161,Dark Castle: Grand Hall,B,Boss,Hard,1440000,16300,1,Fire,False,False,,
611,Imitacia,99,161,Dark Castle: Grand Hall,B,Boss,Easy,72000,815,1,Fire,False,False,,
610,Imitacia,109,161,Dark Castle: Grand Hall,B,Boss,Normal,720000,8150,1,Fire,False,False,,
605,Memecoleous,100,159,Dark Castle: Area 2,B,Boss,Normal,1290000,14400,0,Neutral,False,False,,
594,Golden Coryn (2017),100,51,Yorl Highlands,M,Mini Boss,Normal,10000,20,0,Neutral,False,True,,
593,Golden Coryn (2017),100,70,Darkanon Plain,M,Mini Boss,Normal,10000,20,0,Neutral,False,True,,
592,Golden Coryn (2017),100,110,Wanderer's Plain,M,Mini Boss,Normal,10000,20,0,Neutral,False,True,,
591,Golden Coryn (2017),100,7,Rakau Plains,M,Mini Boss,Normal,10000,20,0,Neutral,False,True,,
590,Imitator,146,157,Plastida: Deepest Part,B,Boss,Ultimate,7800000,87000,1,Fire,False,False,,
589,Imitator,126,157,Plastida: Deepest Part,B,Boss,Nightmare,3900000,43500,1,Fire,False,False,,
588,Imitator,116,157,Plastida: Deepest Part,B,Boss,Hard,1560000,17400,1,Fire,False,False,,
587,Imitator,96,157,Plastida: Deepest Part,B,Boss,Easy,78000,870,1,Fire,False,False,,
586,Imitator,106,157,Plastida: Deepest Part,B,Boss,Normal,780000,8700,1,Fire,False,False,,
573,Corroded Knight Captain,128,153,Dark Manor: Area 1,M,Mini Boss,Normal,-1,8738,5,Dark,False,False,,
569,Cerabes (Hanami 2017),100,152,Hanami Venue: Summit,B,Boss,Normal,1000000,7350,5,Dark,False,True,,
568,Super Night Mushroom (Hanami 2017),100,152,Hanami Venue: Summit,B,Boss,Normal,1570000,3150,5,Dark,False,True,,
567,Marchitar (Hanami 2017),100,152,Hanami Venue: Summit,B,Boss,Normal,520000,3150,5,Dark,False,True,,
566,Viscum (Hanami 2017),100,152,Hanami Venue: Summit,B,Boss,Normal,780000,6300,5,Dark,False,True,,
565,Cerabes (Hanami 2017),80,152,Hanami Venue: Summit,B,Boss,Normal,430000,3600,5,Dark,False,True,,
564,Super Night Mushroom (Hanami 2017),80,152,Hanami Venue: Summit,B,Boss,Normal,640000,1500,5,Dark,False,True,,
563,Marchitar (Hanami 2017),80,152,Hanami Venue: Summit,B,Boss,Normal,215000,1500,5,Dark,False,True,,
562,Viscum (Hanami 2017),80,152,Hanami Venue: Summit,B,Boss,Normal,320000,2900,5,Dark,False,True,,
561,Cerabes (Hanami 2017),60,152,Hanami Venue: Summit,B,Boss,Normal,120000,1440,5,Dark,False,True,,
560,Super Night Mushroom (Hanami 2017),60,152,Hanami Venue: Summit,B,Boss,Normal,180000,480,5,Dark,False,True,,
559,Marchitar (Hanami 2017),60,152,Hanami Venue: Summit,B,Boss,Normal,59000,480,5,Dark,False,True,,
558,Viscum (Hanami 2017),60,152,Hanami Venue: Summit,B,Boss,Normal,89000,960,5,Dark,False,True,,
554,Bexiz,143,150,Cradle of Soldier: Deepest Part,B,Boss,Ultimate,6450000,76100,0,Neutral,False,False,,
553,Bexiz,123,150,Cradle of Soldier: Deepest Part,B,Boss,Nightmare,3325000,38050,0,Neutral,False,False,,
552,Bexiz,113,150,Cradle of Soldier: Deepest Part,B,Boss,Hard,1290000,15220,0,Neutral,False,False,,
551,Bexiz,93,150,Cradle of Soldier: Deepest Part,B,Boss,Easy,64500,761,0,Neutral,False,False,,
550,Bexiz,103,150,Cradle of Soldier: Deepest Part,B,Boss,Normal,645000,7610,0,Neutral,False,False,,
540,Lapin The Necromancer,124,147,Trace of Dark River,M,Mini Boss,Normal,-1,17222,0,Neutral,False,False,,
534,Candela (Mint),100,45,Douce Hamlet,B,Boss,Normal,1200000,19200,6,Light,False,True,,
533,Candela (Lemon),70,45,Douce Hamlet,B,Boss,Normal,325000,7200,3,Wind,False,True,,
532,Candela (Melon),40,45,Douce Hamlet,B,Boss,Normal,54000,4300,2,Water,False,True,,
531,Aranea,100,146,Garden of Sublimation: Central Part,B,Boss,Normal,380000,4400,4,Earth,False,False,,
519,Zolban,98,142,Dark Mirror,B,Boss,Normal,244000,3900,3,Wind,False,False,,
515,Chocolate Ooze (Dark) (Valentine 2017),90,16,Underground Channel,B,Boss,Normal,-1,-1,2,Water,False,True,,
514,Chocolate Ooze (Bitter) (Valentine 2017),60,16,Underground Channel,B,Boss,Normal,-1,-1,2,Water,False,True,,
513,Chocolate Ooze (Sweet) (Valentine 2017),30,16,Underground Channel,B,Boss,Normal,-1,-1,2,Water,False,True,,
512,Grand Pojo,10,87,Event,B,Boss,Normal,-1,-1,3,Wind,False,True,,
511,Cerberus,97,141,Spring of Rebirth: Top,B,Boss,Normal,800000,9220,2,Water,False,False,,
501,Nightmare Potum,120,137,Garden of Beginning,M,Mini Boss,Normal,1500000,15800,5,Dark,False,False,,
494,Moonlight Potum,100,87,Event,B,Boss,Normal,-1,-1,5,Dark,False,True,,
493,Ghost Potum,100,87,Event,B,Boss,Normal,-1,-1,5,Dark,False,True,,
492,Soda Potum,100,87,Event,B,Boss,Normal,-1,-1,2,Water,False,True,,
491,Miracle Potum,100,87,Event,B,Boss,Normal,-1,-1,0,Neutral,False,True,,
490,King Potum,100,87,Event,B,Boss,Normal,-1,-1,0,Neutral,False,True,,
489,Sunlight Potum,100,87,Event,B,Boss,Normal,-1,-1,6,Light,False,True,,
488,Golden Potum (5M DL),100,87,Event,B,Boss,Normal,50,-1,6,Light,False,True,,
487,Golden Potum (5M DL),100,110,Wanderer's Plain,M,Mini Boss,Normal,30,100,6,Light,False,True,,
486,Golden Potum (5M DL),100,70,Darkanon Plain,M,Mini Boss,Normal,30,100,6,Light,False,True,,
485,Golden Potum (5M DL),100,51,Yorl Highlands,M,Mini Boss,Normal,30,100,6,Light,False,True,,
484,Golden Potum (5M DL),100,7,Rakau Plains,M,Mini Boss,Normal,30,100,6,Light,False,True,,
483,Zega (Megiston 2016),120,87,Event,B,Boss,Normal,800000,28000,2,Water,False,True,,
482,Ancient Empress Mezzaluna (Megiston 2016),110,87,Event,B,Boss,Normal,500000,19500,6,Light,False,True,,
481,Ooze (Megiston 2016),100,87,Event,B,Boss,Normal,35000,12600,2,Water,False,True,,
480,Brutal Dragon Decel (Megiston 2016),90,87,Event,B,Boss,Normal,210000,7000,1,Fire,False,True,,
479,Boss Goblin (Megiston 2016),80,87,Event,B,Boss,Normal,54000,1500,1,Fire,False,True,,
478,B.B. Goblin (Megiston 2016),80,87,Event,B,Boss,Normal,-1,-1,1,Fire,False,True,,
477,Twilight Dragon,100,135,Fort Solfini: Roof,B,Boss,Normal,695000,8000,0,Neutral,False,False,,
476,Inzanio the Dark Knight (Xmas Event 2016),94,135,Fort Solfini: Roof,B,Boss,Normal,489000,5500,2,Water,False,True,,
465,Don Yeti,103,131,Polde Ice Valley,M,Mini Boss,Normal,-1,9482,4,Earth,False,False,,
453,Evil Crystal Beast,91,130,Lunagent Mountain: Deepest Area,B,Boss,Normal,530000,6300,5,Dark,False,False,,
441,Grylle,90,110,Wanderer's Plain,M,Mini Boss,Normal,150000,1720,5,Dark,False,False,,
439,Black Knight of Delusion,88,125,Abyss of No Return: Deepest Area,B,Boss,Normal,540000,6600,5,Dark,False,False,,
438,Granny,88,124,Abyss of No Return: Area 3,M,Mini Boss,Normal,-1,3818,4,Earth,False,False,,
424,Persimmon Coryn,100,110,Wanderer's Plain,M,Mini Boss,Normal,-1,-1,6,Light,False,True,,
423,Persimmon Coryn,75,70,Darkanon Plain,M,Mini Boss,Normal,-1,-1,6,Light,False,True,,
422,Persimmon Coryn,50,51,Yorl Highlands,M,Mini Boss,Normal,-1,-1,6,Light,False,True,,
421,Persimmon Coryn,25,7,Rakau Plains,M,Mini Boss,Normal,-1,-1,6,Light,False,True,,
416,Scrader,85,120,Magic Waste Site: Deepest Part,B,Boss,Normal,660000,7900,5,Dark,False,False,,
386,Zega,100,87,Event,B,Boss,Normal,-1,-1,2,Water,False,True,,
380,Goovua,82,107,Akaku Desert: Hill,B,Boss,Normal,400000,5000,0,Neutral,False,False,,
377,Metal Stinger,82,106,Akaku Desert: Area 2,M,Mini Boss,Normal,-1,4050,4,Earth,False,False,,
375,Metal Stinger,82,105,Akaku Desert: Area 1,M,Mini Boss,Normal,-1,4050,4,Earth,False,False,,
371,Outer World Soldier,75,87,Event,B,Boss,Normal,-1,2700,6,Light,False,True,,
370,Faithful Guardian,75,87,Event,B,Boss,Normal,-1,-1,1,Fire,False,True,,
369,False God,75,87,Event,B,Boss,Normal,-1,2700,4,Earth,False,True,,
368,Priest Warmonger,50,87,Event,B,Boss,Normal,-1,1200,6,Light,False,True,,
367,Warrior Minotaur,50,87,Event,B,Boss,Normal,-1,1200,4,Earth,False,True,,
366,Fighter Mochelo,50,87,Event,B,Boss,Normal,-1,1200,3,Wind,False,True,,
365,Festival Golem Type C,25,87,Event,B,Boss,Normal,-1,320,3,Wind,False,True,,
364,Festival Golem Type B,25,87,Event,B,Boss,Normal,-1,320,2,Water,False,True,,
363,Festival Golem Type A,25,87,Event,B,Boss,Normal,-1,320,1,Fire,False,True,,
362,Sunlight Potum,100,87,Event,B,Boss,Normal,-1,-1,6,Light,False,True,,
361,Jade Raptor,79,104,Gravel Terrace,B,Boss,Normal,620000,8400,3,Wind,False,False,,
350,Nurethoth,76,102,Gate to Another World: Front,B,Boss,Normal,500000,5360,5,Dark,False,False,,
349,Outer World Wolf,70,101,Gate to Another World: Area 2,M,Mini Boss,Normal,-1,4800,6,Light,False,False,,
348,Outer World Wolf,70,100,Gate to Another World: Area 1,M,Mini Boss,Normal,-1,4800,6,Light,False,False,,
332,Death Colon,84,97,Vyshed the Tainted Land: Area 2,M,Mini Boss,Normal,-1,4620,5,Dark,False,False,,
331,Golden Coryn (2016),100,70,Darkanon Plain,M,Mini Boss,Normal,10000,20,0,Neutral,False,True,,
330,Golden Coryn (2016),100,51,Yorl Highlands,M,Mini Boss,Normal,10000,20,0,Neutral,False,True,,
329,Golden Coryn (2016),100,7,Rakau Plains,M,Mini Boss,Normal,10000,20,0,Neutral,False,True,,
323,Grass Dragon Yelb,73,96,Albatif Village,B,Boss,Normal,439190,5040,4,Earth,False,False,,
315,Viscum (Hanami 2016),30,87,Event,B,Boss,Normal,-1,-1,5,Dark,False,True,,
313,Shining Gentleman,82,91,Lost Town: Square,M,Mini Boss,Normal,-1,6000,6,Light,False,False,,
312,Pillar Golem,70,92,Lost Town: Magic Barrier,B,Boss,Normal,324000,3600,4,Earth,False,False,,
287,Silver Coryn (2015),100,87,Event,M,Mini Boss,Normal,-1,-1,6,Light,False,True,,
286,Golden Potum (3M DL),100,87,Event,M,Mini Boss,Normal,30,100,6,Light,False,True,,
285,B.B. Goblin,70,32,Rinom Plains,B,Boss,Normal,24331,2400,1,Fire,False,False,,
279,Violacoon,80,70,Darkanon Plain,M,Mini Boss,Normal,450000,5472,4,Earth,False,False,,
278,Masked Warrior,67,84,Land Under Cultivation: Hill,B,Boss,Normal,276000,4300,1,Fire,False,False,,
246,Ancient Empress Mezzaluna,64,75,Ancient Empress Tomb: Deepest Part,B,Boss,Normal,130000,3120,6,Light,False,False,,
245,Caspy,77,73,Ancient Empress Tomb: Area 2,M,Mini Boss,Normal,-1,2720,5,Dark,False,False,,
230,Sand Mole,50,93,Centerio Highlands,M,Mini Boss,Normal,20000,380,4,Earth,False,False,,
224,Boss Roga,62,69,Saham Underground Cave - Deepest Part,B,Boss,Normal,250000,3000,0,Neutral,False,False,,
217,Demon's Gate,60,65,Saham Crater,B,Boss,Normal,18000,1440,5,Dark,False,False,,
216,Gigant Knight,76,65,Saham Crater,M,Mini Boss,Normal,-1,2680,4,Earth,False,False,,
205,Mauez,55,62,New Moon Palace: Innermost,B,Boss,Normal,86000,1290,2,Water,False,False,,
204,Moonlight Potum,72,62,New Moon Palace: Innermost,M,Mini Boss,Normal,-1,1860,5,Dark,False,False,,
193,Warmonger,60,57,Haotas Ravine: Deepest Part,B,Boss,Normal,147690,960,4,Earth,False,False,,
192,Big Mask,70,56,Haotas Ravine,M,Mini Boss,Normal,-1,2400,3,Wind,False,False,,
188,Ooze,52,55,Lutaros Cavern: Deepest Part,B,Boss,Normal,44000,1400,2,Water,False,False,,
181,Arcoiris,70,51,Yorl Highlands,M,Mini Boss,Normal,-1,2400,0,Neutral,False,False,,
177,Astol,50,50,Aulada Ancient Tower,B,Boss,Normal,82040,760,3,Wind,False,False,,
176,Seltirios,60,50,Aulada Ancient Tower,M,Mini Boss,Normal,60000,960,5,Dark,False,False,,
170,Forestia,49,49,Land Of Chaos,B,Boss,Normal,135000,1480,3,Wind,False,False,,
166,Ganglef,58,48,Scaro Town: Deepest Part,B,Boss,Normal,107800,1150,4,Earth,False,False,,
159,Big Coryn,60,45,Douce Hamlet,M,Mini Boss,Normal,-1,1730,6,Light,False,False,,
154,Ruin Golem,45,44,Zoktzda ruins : Reversed Hall,B,Boss,Normal,41200,660,4,Earth,False,False,,
153,Stone Mercenary,60,43,Zoktzda Ruins : Abnormal Space,M,Mini Boss,Normal,-1,960,4,Earth,False,False,,
148,Golden Skeleton,54,42,Zoktzda Ruins,M,Mini Boss,Normal,-1,840,0,Neutral,False,False,,
145,Flare Volg,50,41,Fiery Volcano: Boss Map,B,Boss,Normal,120000,1500,1,Fire,False,False,,
144,Mochelo,43,40,Fiery Volcano: Area 3,B,Boss,Normal,60000,620,3,Wind,False,False,,
129,Boss Goblin,40,36,Ribisco Cave: Deepest Part,B,Boss,Normal,26758,560,1,Fire,False,False,,
108,Brutal Dragon Decel,40,30,Nisel Mountain: The Top,B,Boss,Normal,53000,560,4,Earth,False,False,,
101,Giant Boar,52,27,Nisel Mountain,M,Mini Boss,Normal,-1,800,4,Earth,False,False,,
97,Tortuga,40,26,Icule Lake,M,Mini Boss,Normal,13500,560,2,Water,False,False,,
91,Forest Wolf,30,25,Marbaro Forest: Deepest Part,B,Boss,Normal,16038,300,3,Wind,False,False,,
84,Colon Commander,33,23,Strum Road,M,Mini Boss,Normal,22000,440,1,Fire,False,False,,
73,Crimsosh,37,20,Athema Ruins: Area 2,M,Mini Boss,Normal,22500,500,1,Fire,False,False,,
71,King Potum,50,19,Athema Ruins: Area 1,M,Mini Boss,Normal,8000,320,0,Neutral,False,False,,
62,Silver Roar,42,17,Debakcy Channel: B1,M,Mini Boss,Normal,14570,590,2,Water,False,False,,
59,Gespenst,20,16,Underground Channel,B,Boss,Normal,8544,240,5,Dark,False,False,,
52,Minotaur,32,15,Ruined Temple: Forbidden hall,B,Boss,Normal,18000,420,3,Wind,False,False,,
48,Miracle Potum,42,13,Ruined Temple: Area 2,M,Mini Boss,Normal,29000,600,6,Light,False,False,,
36,Eerie Crystal,24,10,Isthmus Of Kaus: Dragon's Den,B,Boss,Normal,6300,225,5,Dark,False,False,,
35,Dark Mushroom,30,9,Isthmus Of Kaus,M,Mini Boss,Normal,17500,440,5,Dark,False,False,,
16,Excavated Golem,16,6,Underground Ruins: Deepest Part,B,Boss,Normal,3150,90,0,Neutral,False,False,,
6,The Strongest boss in game,999,2,Land Under Development,B,Boss,Normal,100000000,30,4,Earth,False,False,,
