item_id,name,type_id,type_label,sell,process,process_amount,badge,note
8571,Reindeer Antlers,6,[Additional],67,-1,0,,
8570,Vatran The Crimson Dragon,210,[Enhancer Crysta (Red)],67,6,100,,
8569,Sonbarattle (Staff),19,[Staff],67,-1,0,,
8568,Sonbarattle (Knuckle),13,[Knuckles],67,-1,0,,
8567,Petarie Flower,6,[Additional],67,-1,0,,
8566,Petarie Hat,6,[Additional],67,-1,0,,
8565,Florashroom Petarie,240,[Enhancer Crysta (Purple)],67,6,100,,
8564,Fish Jerky,1,[Usable],67,5,0,,
8563,Fish Jerky,1,[Usable],67,5,0,,
8562,Crashing Lightning,220,[Enhancer Crysta (Green)],67,6,100,,
8561,Arnold II,220,[Enhancer Crysta (Green)],67,6,100,,
8560,Arnold,22,[Armor Crysta],67,6,100,,
8559,Usan The Ghost Master,210,[Enhancer Crysta (Red)],67,6,100,,
8558,Weepy Colon,210,[Enhancer Crysta (Red)],67,6,100,,
8557,Aba's Face,6,[Additional],67,-1,0,,
8556,Nailed Bat (Staff),19,[Staff],67,-1,0,,
8555,White Shark Thug Cape,6,[Additional],67,-1,0,,
8554,Nailed Bat (Sword),5,[2 Handed Sword],67,-1,0,,
8553,Aba,23,[Additional Crysta],67,6,100,,
8552,Megiston The Champion IX,210,[Enhancer Crysta (Red)],67,6,100,,
8551,Imius Coat (Soul),8,[Armor],67,-1,0,,
8550,Imius Coat (Balance),8,[Armor],67,-1,0,,
8549,Imius Coat,8,[Armor],67,-1,0,,
8548,Seitengewehr,10,[Bowgun],67,-1,0,,
8547,Shawkal,210,[Enhancer Crysta (Red)],67,6,100,,
8546,Imius Halo,6,[Additional],67,-1,0,,
8545,Imius Tiara,6,[Additional],67,-1,0,,
8544,11th Anniv Halberd VI,26,[Halberd],167,-1,0,,
8543,11th Anniv Tonfa VI,13,[Knuckles],167,-1,0,,
8542,11th Anniv Katana VI,27,[Katana],167,-1,0,,
8541,11th Anniv Wings VI,15,[Magic Device],167,-1,0,,
8540,11th Anniv Bowgun VI,10,[Bowgun],167,-1,0,,
8539,11th Anniv Bow VI,9,[Bow],167,-1,0,,
8538,11th Anniv Greatsword VI,5,[2 Handed Sword],167,-1,0,,
8537,11th Anniv Sword VI,4,[1 Handed Sword],267,-1,0,,
8536,Killiam's FIsts,13,[Knuckles],320,5,144,,
8535,Lucia's Cane,19,[Staff],320,2,160,,
8534,Luke's Wooden Sword,27,[Katana],320,2,160,,
8533,Hail's Tusk,26,[Halberd],320,3,160,,
8532,Aspiration Manifest,15,[Magic Device],320,6,160,,
8531,Sitri's Water Gun,10,[Bowgun],320,5,160,,
8530,Sven's Bow,9,[Bow],320,2,160,,
8529,Purgatorial Sword,5,[2 Handed Sword],320,3,160,,
8528,Brigand Coat,8,[Armor],290,4,145,,
8527,Black Steel,14,[Material],32,3,33,,
8526,Formulated Explosive,14,[Material],30,5,30,,
8525,Historia,4,[1 Handed Sword],320,3,144,,
8524,Ghostfire Shoulder Pad,6,[Additional],160,3,80,,
8523,Ghostfire Mask,6,[Additional],160,3,80,,
8522,Ghostfire Pearl,14,[Material],36,3,6,,
8521,Great Oni Horn,14,[Material],30,1,30,,
8518,Ghostfire Knuckles,13,[Knuckles],300,3,150,,
8515,Ghostfire Staff,19,[Staff],300,2,150,,
8512,Ghostfire Bow,9,[Bow],300,2,150,,
8511,Ghostfire Oni,22,[Armor Crysta],-1,-1,-1,,
8510,Early Sakura Granite,14,[Material],29,3,29,,
8509,Ghostfire Blue Claw,14,[Material],24,1,24,,
8508,Young Oni Sacred Rope,14,[Material],29,4,29,,
8507,Tyrant Dagger,11,[Dagger],260,3,130,,
8506,Feather Pop,14,[Material],29,5,29,,
8505,Sakura Butterfly Hair Ornament,6,[Additional],130,4,65,,
8504,Ninja Furoshiki,14,[Material],29,4,29,,
8503,Sakura Wind Arrow,7,[Arrow],260,2,130,,
8502,Chamoliryle,14,[Material],29,5,29,,
8501,Tanuki Drum Talisman,18,[Special],130,1,65,,
8500,Small Wooden Shuriken,14,[Material],25,2,25,,
8499,Dango Hairpin,6,[Additional],130,3,65,,
8498,Acorn Husk,14,[Material],25,5,25,,
8497,Spring Day Hat,6,[Additional],130,4,65,,
8496,Beastmaster Scroll,19,[Staff],290,6,1000,,
8495,Squirinja Head,6,[Additional],145,1,72,,
8494,Broken Ninja Gear,14,[Material],30,3,30,,
8493,Dusky Brown Bag,14,[Material],28,4,28,,
8492,Flying Squirrel Patagium,14,[Material],32,4,32,,
8491,Mt. White Peach Pebble,14,[Material],26,3,26,,
8490,Shadow Suit,8,[Armor],290,4,145,,
8489,Shadow Suit,8,[Armor],290,4,145,,
8488,Shadow Horn,6,[Additional],145,1,72,,
8487,Shadow Horn,6,[Additional],145,1,72,,
8486,Nin-Ninja Headscarf,6,[Additional],140,4,70,,
8485,Nin-Ninja Headscarf,6,[Additional],140,4,70,,
8484,Nin-Ninja Headscarf,6,[Additional],140,4,70,,
8483,Sakura Beast Horn,6,[Additional],122,1,61,,
8482,Warm Feather,14,[Material],28,4,28,,
8481,Majestic Horn,14,[Material],25,1,25,,
8480,Taiyaki,6,[Additional],122,5,61,,
8479,Leafy Sakura Stone,14,[Material],25,3,25,,
8478,Leafy Sakura Tea,1,[Usable],28,5,28,,
8477,Sakura Chip,14,[Material],28,2,28,,
8476,Sakura Leaf,14,[Material],24,5,24,,
8467,Undersea Terror,14,[Material],30,6,6,Summer Event 2025,
8466,Shark Meat Steak,1,[Usable],28,5,28,Summer Event 2025,
8465,Happy Champagne,6,[Additional],1,0,-1,,"Exclusive equipment to celebrate BeMMO Channel reaching 100,000 subscribers.
Untradable."
8464,Pom Kitagawa,6,[Additional],1,0,-1,,"Exclusive equipment to celebrate BeMMO Channel reaching 100,000 subscribers.
Untradable."
8463,Silver Shield,17,[Shield],1,0,-1,,"Exclusive equipment to celebrate BeMMO Channel reaching 100,000 subscribers.
Untradable."
8462,Starry Robe ,8,[Armor],260,4,130,,
8461,Bestial Claws,13,[Knuckles],1,0,-1,,
8460,Aqua Orb Staff,19,[Staff],1,0,-1,,
8459,Light Blue Tasset,6,[Additional],1,0,-1,,
8458,Floppy Ear Headband,6,[Additional],1,0,-1,Update 03/26/26,
8457,Heated Epidermis,14,[Material],1,0,-1,Update 03/26/26,
8456,Tree Spirit Talisman,18,[Special],1,0,-1,Update 03/26/26,
8455,Eerie Mask,14,[Material],1,0,-1,Update 03/26/26,
8454,Wooden Spring,14,[Material],1,0,-1,Update 03/26/26,
8453,Twisted Woodchip,14,[Material],1,0,-1,Update 03/26/26,
8452,AGI+9,20,[Normal Crysta],1,0,-1,Update 03/26/26,
8451,Red Ape Hornlet,14,[Material],1,0,-1,Update 03/26/26,
8450,Red Ape Fang,14,[Material],1,0,-1,Update 03/26/26,
8449,Fruit Core,14,[Material],1,0,-1,Update 03/26/26,
8448,Iron Blue Katana,27,[Katana],1,0,-1,Update 03/26/26,
8447,Misty Violet Veil,14,[Material],1,0,-1,Update 03/26/26,
8446,Latticed Skull,14,[Material],1,0,-1,Update 03/26/26,
8445,Supple Hide,14,[Material],1,0,-1,Update 03/26/26,
8444,Chipped Wingstone,16,[Ore],1,1,1,Update 03/26/26,
8443,Gorgeous Ornamental Feather,14,[Material],1,0,-1,Update 03/26/26,
8442,Rare Plume,14,[Material],1,0,-1,Update 03/26/26,
8441,Scale Hat,6,[Additional],1,0,-1,Update 03/26/26,
8440,Strong-Looking Horns,14,[Material],1,0,-1,Update 03/26/26,
8439,Verdant Carapace,14,[Material],1,0,-1,Update 03/26/26,
8438,Fragrant Cow Hair,14,[Material],1,0,-1,Update 03/26/26,
8437,Dualblight Halo,16,[Ore],1,0,-1,Update 03/26/26,
8436,Mari,220,[Enhancer Crysta (Green)],1,0,-1,Update 03/26/26,Filrocas can be upgraded.
8435,Doy,210,[Enhancer Crysta (Red)],1,0,-1,Update 03/26/26,Don Profundo can be upgraded.
8434,Geminus Shield,3,[Piercer],1,0,-1,Update 03/26/26,Dropped by Doy & Mari. Untradable.
8433,Geminus Sword,4,[1 Handed Sword],1,0,-1,Update 03/26/26,Dropped by Doy & Mari. Untradable.
8432,Resonating Heart,14,[Material],1,0,-1,Update 03/26/26,
8431,Dualblight Arm,14,[Material],1,0,-1,Update 03/26/26,
8430,Dualblight Skin,14,[Material],1,0,-1,Update 03/26/26,
8429,Grandanbit,230,[Enhancer Crysta (Yellow)],1,0,-1,Update 03/26/26,Jiva can be upgraded.
8428,Black Thunder-Clad Eye,14,[Material],1,0,-1,Update 03/26/26,
8427,Black Thunder Rabbit Ear,14,[Material],1,0,-1,Update 03/26/26,
8426,Black Thunder Rabbit Claw,14,[Material],1,0,-1,Update 03/26/26,
8425,Piscruva Bow,9,[Bow],1,0,-1,,Crafted at NPC Blacksmith. Untradable.
8424,Frilly Rose Corsage,6,[Additional],1,0,-1,,Crafted at NPC Blacksmith. Untradable.
8423,Crown Ribbon,6,[Additional],1,0,-1,,Crafted at NPC Blacksmith. Untradable.
8422,10th Anniv Halberd,26,[Halberd],-1,3,-1,,
8421,10th Anniv Katana,27,[Katana],-1,3,-1,,
8420,10th Anniv Bowgun,10,[Bowgun],-1,3,-1,,
8419,Zega IX,210,[Enhancer Crysta (Red)],1,1,1,,
8418,Zega VIII,210,[Enhancer Crysta (Red)],1,6,1,,
8417,Stardust Arrow,7,[Arrow],1,1,1,White Day 2026,"Dropped by Mycodian (Coffee difficulty).
Untradable."
8416,Myco Hat,6,[Additional],1,1,1,White Day 2026,"Dropped by Mycodian (Coffee difficulty).
Untradable."
8415,Bat Eye,14,[Material],1,0,-1,,
8414,Grazen Stone,16,[Ore],1,0,-1,,
8413,Arm Corsets,6,[Additional],1,0,-1,Update 02/26/26,Dropped by Tanti. Untradable.
8412,Spying Eye,20,[Normal Crysta],1,0,-1,Update 02/26/26,Dropped by Tanti.
8411,Tubular Arm,14,[Material],1,0,-1,,
8410,Broken Detector,16,[Ore],1,0,-1,,
8409,Sniper Lens,6,[Additional],1,0,-1,Update 02/26/26,Crafted at NPC Blacksmith. Untradable.
8408,Blue Detachable Collar,6,[Additional],1,0,-1,Update 02/26/26,Crafted at NPC Blacksmith. Untradable.
8407,Turquoise Sword,4,[1 Handed Sword],1,1,1,Update 02/26/26,Dropped by Grazen Guard. Untradable.
8406,Guard Crystal,14,[Material],1,3,1,,
8405,Guard Cape,14,[Material],1,1,1,,
8404,Guard Armor Fragment,16,[Ore],1,2,1,,
8403,Rockbreaker Naginata,13,[Knuckles],1,1,1,Update 02/26/26,Dropped by Lavulago. Untradable.
8402,Pincer Tail,14,[Material],1,1,1,,
8401,Thorny Wrathful Tail,14,[Material],1,1,1,,
8400,Baratok,23,[Additional Crysta],1,1,1,Update 02/26/26,
8399,Parea Knuckles,13,[Knuckles],1,1,1,Update 02/26/26,Dropped by Baratok. Untradable.
8398,Parea Staff,19,[Staff],1,1,1,Update 02/26/26,Dropped by Baratok. Untradable.
8397,Core of Hatred,14,[Material],1,3,1,,
8396,Wrathful Ear,14,[Material],1,1,1,,
8395,Wrathful Face Skin,14,[Material],1,1,1,,
8394,Corroded Spher,14,[Material],1,3,1,,
8393,Crystal Ore,16,[Ore],1,2,1,,
8392,Mineral Claw,16,[Ore],1,2,1,,
8391,Death Scorpion Pincers,14,[Material],1,1,1,,
8390,Mortares,23,[Additional Crysta],1,1,1,Update 02/26/26,
8389,Escorpio Sword,4,[1 Handed Sword],1,1,1,Update 02/26/26,Dropped by Mortares. Untradable.
8388,Escorpio Blade,5,[2 Handed Sword],1,1,1,Update 02/26/26,Dropped by Mortares. Untradable.
8387,Death Scorpion Crimson Eye,14,[Material],1,3,1,,
8386,Death Scorpion Stinger,14,[Material],1,1,1,,
8385,Death Scorpion Carapace,14,[Material],1,1,1,,
8384,Chefiluro Charm,18,[Special],1,1,1,,
8383,Palette Knife,11,[Dagger],1,1,1,,
8382,Cupcake Head,6,[Additional],1,1,1,,"Obtained from NPC Blacksmith: Zaldo.
Untradable."
8381,Blue Rose Hat,6,[Additional],1,1,1,,"Obtained from NPC Blacksmith: Zaldo.
Untradable."
8380,Blue Rose Bear Ears,6,[Additional],1,1,1,,"Obtained from NPC Blacksmith: Zaldo.
Untradable."
8379,Blue Rose Wristband,17,[Shield],1,1,1,,"Obtained from NPC Blacksmith: Zaldo.
Untradable."
8378,Colorful Macaron,14,[Material],1,5,1,,
8377,Sparkly Sugar Candy,14,[Material],1,5,1,,
8376,Chocolate Sprinkles,14,[Material],1,5,1,,
8375,Mycostarch,14,[Material],1,5,1,,
8374,Confeito Katana,27,[Katana],1,1,1,White Day 2026,"White Day 2026 event blacksmith item.
Untradable.

Blacksmith outcome tiers:
Unsheathe Attack +10% / +11% / +12%
DEX +10% / +11% / +12%
Magic Barrier +2000 / +4000 / +6000"
8373,Confeito Sword,4,[1 Handed Sword],1,1,1,White Day 2026,"White Day 2026 event blacksmith item.
Untradable.

Blacksmith outcome tiers:
MATK +10% / +11% / +12%
STR +10% / +11% / +12%
Accuracy +150 / +200 / +250"
8372,Mycodian,23,[Additional Crysta],1,6,100,White Day 2026,"White Day 2026 event crysta.
Upgrades from Evil Lefina."
8368,Carousel Parasol,6,[Additional],0,1,0,,
8367,Wind Talent,241,Registlet,-1,-1,-1,,
8366,Water Talent,241,Registlet,-1,-1,-1,,
8365,Water Release: Aqua Mirror,241,Registlet,-1,-1,-1,,
8364,Violent Lunar Misfortune,241,Registlet,-1,-1,-1,,
8363,Unsheather Wind Release,241,Registlet,-1,-1,-1,,
8362,Target Declaration,241,Registlet,-1,-1,-1,,
8361,Sprint Sheathe Remover,241,Registlet,-1,-1,-1,,
8360,Sneak Attack Timer,241,Registlet,-1,-1,-1,,
8359,Role Model,241,Registlet,-1,-1,-1,,
8358,Red Zone Shield,241,Registlet,-1,-1,-1,,
8357,Purifying Twin Buster Blade,241,Registlet,-1,-1,-1,,
8356,Protection Aegis,241,Registlet,-1,-1,-1,,
8355,Perfect Triple Thrust,241,Registlet,-1,-1,-1,,
8354,Parrier Storm Blaze,241,Registlet,-1,-1,-1,,
8353,Moonlight Crescent Saber,241,Registlet,-1,-1,-1,,
8352,Meteor Magic: Crash,241,Registlet,-1,-1,-1,,
8351,Mega Demon Wind Shuriken,241,Registlet,-1,-1,-1,,
8350,Maximizer Converter,241,Registlet,-1,-1,-1,,
8349,Magic: Storm Extender,241,Registlet,-1,-1,-1,,
8348,Lunas Slash Absorber,241,Registlet,-1,-1,-1,,
8347,Light Talent,241,Registlet,-1,-1,-1,,
8346,Knight's Intuition,241,Registlet,-1,-1,-1,,
8345,Ironhearted Chronos Drive,241,Registlet,-1,-1,-1,,
8344,Iron Fist,241,Registlet,-1,-1,-1,,
8343,Invincible Dauntless,241,Registlet,-1,-1,-1,,
8342,Instructor,241,Registlet,-1,-1,-1,,
8341,Healing Hands,241,Registlet,-1,-1,-1,,
8340,Frugal Breathwork,241,Registlet,-1,-1,-1,,
8339,Fire Talent,241,Registlet,-1,-1,-1,,
8338,Fighter's Magic: Impact,241,Registlet,-1,-1,-1,,
8337,Extreme Chronos Shift,241,Registlet,-1,-1,-1,,
8336,Exclusive Bodyguard,241,Registlet,-1,-1,-1,,
8335,Evasive Floating Kick,241,Registlet,-1,-1,-1,,
8334,Evasion Set,241,Registlet,-1,-1,-1,,
8333,Ether Flare Extender,241,Registlet,-1,-1,-1,,
8332,Emergency Care,241,Registlet,-1,-1,-1,,
8331,Earth Talent,241,Registlet,-1,-1,-1,,
8330,Dragon Fire Release,241,Registlet,-1,-1,-1,,
8329,Distinct Parabola Cannon,241,Registlet,-1,-1,-1,,
8328,Distant Buster Lance,241,Registlet,-1,-1,-1,,
8327,Direct Sonic Thrust,241,Registlet,-1,-1,-1,,
8326,Dark Talent,241,Registlet,-1,-1,-1,,
8325,Damage Check,241,Registlet,-1,-1,-1,,
8324,Check Out Notice,241,Registlet,-1,-1,-1,,
8323,Blue Zone Shield,241,Registlet,-1,-1,-1,,
8322,Berserk Rush,241,Registlet,-1,-1,-1,,
8321,Aura Blade Force,241,Registlet,-1,-1,-1,,
8320,Baladio Staff,19,[Staff],1,1,1,,
8319,Moonlight Dagger,11,[Dagger],1,1,1,,
8318,Gingerbread Man,8,[Armor],1,1,1,,
8317,Battlefrost Wings,15,[Magic Device],1,1,1,,
8316,Snow War Spear,26,[Halberd],1,1,1,,
8315,Aralago,200,[Enhancer Crysta (Blue)],1,1,1,,
8314,Fragrant Cape,6,[Additional],1,1,1,,
8313,Piscurva Gun,10,[Bowgun],1,1,1,,
8312,Margrave Visage,6,[Additional],1,1,1,,
8311,Teaspoon,19,[Staff],1,1,1,,
8310,Monster Face Paint,6,[Additional],1,1,1,,
8309,Zeegard,24,[Special Crysta],1,1,1,,
8308,Black Heart Hair Bow,6,[Additional],1,1,1,,
8307,Whirl Wings,15,[Magic Device],1,1,1,,
8306,Stream Claws,13,[Knuckles],1,1,1,,
8305,Antler Crown,6,[Additional],1,1,1,,
8304,Rouge Bow,9,[Bow],1,1,1,,
8303,Agete Staff,19,[Staff],1,1,1,,
8302,Antique Belt,6,[Additional],1,1,1,,
8301,Turquoise Shield,17,[Shield],1,1,1,,
8300,Bitter Ring,18,[Special],1,1,1,,
8299,Choco Pen Head Accessory,6,[Additional],1,1,1,,
8298,Lovey-Dovey Heart L,6,[Additional],1,1,1,,
8297,Lovey-Dovey Heart R,6,[Additional],1,1,1,,
8296,Love Cup Head Accessory,6,[Additional],1,1,1,,
8295,Couverture Bow,9,[Bow],1,1,1,,
8294,Rondine,210,[Enhancer Crysta (Red)],1,1,1,,
8293,Dark Ice Ring,18,[Special],1,1,1,,
8292,Dark Ice Ring (Power),18,[Special],1,1,1,,
8291,Dark Ice Ring (Magic),18,[Special],1,1,1,,
8290,Forbidden Shawle's Hair,6,[Additional],1,1,1,,
8289,Flower Hairpin,6,[Additional],1,1,1,,
8288,Shark Swimwear,8,[Armor],1,1,1,,
8287,Forf Mask,6,[Additional],1,1,1,,
8286,Big Catch Wings,15,[Magic Device],1,1,1,,
8285,Fisherman's Knife,4,[1 Handed Sword],1,1,1,,
8284,Megiston the Champion VIII,210,[Enhancer Crysta (Red)],1,1,1,,
8283,10th Anniv Shield VI,17,[Shield],1,1,1,,
8282,Sakura Dango,210,[Enhancer Crysta (Red)],1,1,1,,
8281,Raden Pearl Staff,19,[Staff],1,1,1,,
8280,Gramarye Bible,19,[Staff],1,1,1,,
8279,Lunation Chocker,6,[Additional],1,1,1,,
8278,Neo Mage Filecia,210,[Enhancer Crysta (Red)],1,1,1,,
8277,Zega X,210,[Enhancer Crysta (Red)],1,1,1,,
8276,Beastlord Shield II,17,[Shield],1,1,1,,
8275,Black Peach Ninja,220,[Enhancer Crysta (Green)],1,1,1,,
8274,Kunai in Mouth,6,[Additional],1,1,1,,
8273,Tree Spirit Dagger,11,[Dagger],1,1,1,,
8272,Chromatic Arrow,7,[Arrow],1,1,1,,
8271,Xmas Arm Warmers,6,[Additional],1,1,1,,
8270,Gospel Ring,18,[Special],1,1,1,,
8269,Xmas Cape,6,[Additional],1,1,1,,
8268,Clavier Fists,13,[Knuckles],1,1,1,,
8267,Winter Outfit III,8,[Armor],1,1,1,,
8266,Mezuro Rapier,4,[1 Handed Sword],1,1,1,,
8265,Christmas Tree Cape,6,[Additional],1,1,1,,
8264,Shark Potum,230,[Enhancer Crysta (Yellow)],1,1,1,Summer Event 2025,
8263,Dessert Knife,27,[Katana],1,1,1,,
8262,Svelte Soir,5,[2 Handed Sword],1,1,1,,
8261,Burgundy,10,[Bowgun],1,1,1,,
8260,Spruce Ribbon,6,[Additional],1,1,1,,
8259,Curvy Horn Arrow,7,[Arrow],1,1,1,,
8258,Spiky Choker,6,[Additional],1,1,1,,
8257,Puiet,220,[Enhancer Crysta (Green)],1,1,1,,
8256,Seedling Bow,9,[Bow],1,1,1,,
8255,Seedling Wings,15,[Magic Device],1,1,1,,Crafted at NPC Blacksmith. Untradable.
8254,Obsia,230,[Enhancer Crysta (Yellow)],1,1,1,,
8253,Leather Corset,6,[Additional],1,1,1,,
8252,Ephialtes,27,[Katana],1,1,1,,
8251,Dark Ice Scythe,26,[Halberd],1,1,1,,
8250,Dark Ice Quill,19,[Staff],1,1,1,,
8249,Kanade's Cube,15,[Magic Device],1,1,1,,
8248,Frederica's Staff,19,[Staff],1,1,1,,
8247,Kasumi's Katana,27,[Katana],1,1,1,,
8246,Sally's Dagger (Knuckles),13,[Knuckles],1,1,1,,
8245,Klein Feather,6,[Additional],1,1,1,,
8244,Wolf Hat,6,[Additional],1,1,1,,
8243,Matador Cape,6,[Additional],1,1,1,,
8242,Crimson Onyx Ring,18,[Special],1,1,1,,
8241,Crimson Onyx Necklace,18,[Special],1,1,1,,
8240,Potum Lance,26,[Halberd],1,1,1,,
8239,Twin Eagles II,13,[Knuckles],1,1,1,,
8238,Tulin Max,220,[Enhancer Crysta (Green)],1,1,1,,
8237,Rebellious Dagger,11,[Dagger],1,1,1,,
8236,Schleife Wings,15,[Magic Device],1,1,1,,
8235,Potumotter III,24,[Special Crysta],1,1,1,,
8234,Potumotter II,24,[Special Crysta],1,1,1,,
8233,Devil Cavalier Cape,6,[Additional],1,1,1,,
8232,Cavalier Horse-Face Helm,6,[Additional],1,1,1,,
8231,Fire Ninjustsu Scroll,28,[Ninjutsu Scroll],1,1,1,,
8230,Mii's Petite Staff (OHS),4,[1 Handed Sword],1,1,1,,
8229,Stormun,21,[Weapon Crysta],1,1,1,,
8228,Crocodile Leather Strap,18,[Special],1,1,1,,
8227,Kagura Bells,19,[Staff],1,1,1,,
8226,Tangled Kelp,14,[Material],1,5,1,,
8225,Enty Mask,14,[Material],1,3,1,,
8224,Sea Angel Gummy,1,[Usable],28,5,28,Summer Event 2025,
8223,Transparent Gelatin,14,[Material],26,5,26,Summer Event 2025,
8222,Pirate Hat,6,[Additional],132,4,66,Summer Event 2025,
8221,Sea Foam Talisman,18,[Special],132,6,66,Summer Event 2025,
8220,Coral Pink Pearl,14,[Material],28,6,5,Summer Event 2025,
8219,Fresh Seagrass,14,[Material],24,5,24,Summer Event 2025,
8218,Shrimp Stuffed Tofu,1,[Usable],28,5,28,Summer Event 2025,
8217,Pirate Cave Stone,14,[Material],26,3,26,Summer Event 2025,
8216,Sea Breeze Pebble,14,[Material],24,3,24,Summer Event 2025,
8215,Potum Beer Dispenser,6,[Additional],1,1,1,,
8214,Watermelon Head,6,[Additional],1,1,1,,
8213,Lil' Shark on the Head,6,[Additional],1,1,1,,
8212,Pirate Skull Hat,6,[Additional],1,1,1,,
8211,Shark Flag,26,[Halberd],1,1,1,,
8210,Belly Buster Sword,4,[1 Handed Sword],1,1,1,,
8209,Duat Robe (Justice),8,[Armor],1,1,1,,
8208,Duat Robe (Dark),8,[Armor],1,1,1,,
8207,Merzehal,220,[Enhancer Crysta (Green)],1,1,1,,
8206,Duat Robe,8,[Armor],1,1,1,,
8205,Maat Staff,19,[Staff],1,1,1,,
8204,Duat Mask,6,[Additional],1,1,1,,
8203,Shamshir,4,[1 Handed Sword],1,1,1,,
8202,Aralago,20,[Normal Crysta],1,1,1,Update 02/26/26,
8201,Adamantite Charmstone,18,[Special],1,1,1,,
8200,Maple's Shield,17,[Shield],1,1,1,,
8199,Raden Pearl Staff,19,[Staff],1,1,1,Update 02/26/26,Crafted at NPC Blacksmith. Untradable.
8198,Pearl Sakura Long Bow,9,[Bow],1,1,1,,
8197,Curious Kappa,6,[Additional],1,1,1,,
8196,Eerie Bird Warblade,4,[1 Handed Sword],1,1,1,,
8195,Couverture Shield,17,[Shield],67,-1,0,,
8194,Gothic Choco Hat,6,[Additional],67,-1,0,,
8193,Fabric Bunny Talisman,18,[Special],167,-1,0,,
8192,Fruit Knife,11,[Dagger],167,-1,0,,
8191,Couverture Wings,15,[Magic Device],0,-1,0,,
8190,Velcaroy,240,[Enhancer Crysta (Purple)],100,6,100,,
8189,Dark Spinebore,220,[Enhancer Crysta (Green)],267,6,100,,
8188,Mischief Spear,26,[Halberd],267,-1,0,,
8187,Black Mischief Katana,27,[Katana],267,-1,0,,
8186,Gioco,200,[Enhancer Crysta (Blue)],100,6,100,,
8185,White Beast Dagger,11,[Dagger],210,1,105,,
8184,Margrave Blade,27,[Katana],300,3,150,,
8183,Clavier Fist,13,[Knuckles],67,-1,0,,
8182,Battle Cadence Dagger,11,[Dagger],67,-1,0,,
8181,Phantom Melody Arrow,7,[Arrow],67,-1,0,,
8180,Phantom Melody Margrave,210,[Enhancer Crysta (Red)],67,6,100,,
8179,Top-Star Potum,230,[Enhancer Crysta (Yellow)],100,6,167,,
8178,Glocke,220,[Enhancer Crysta (Green)],100,6,147,,
8177,Potum Crown,6,[Additional],100,-1,100,,
8176,Cake Potum,200,[Enhancer Crysta (Blue)],147,6,100,,
8175,Pomie Chan III,210,[Enhancer Crysta (Red)],1,6,100,,
8174,Olobaid,24,[Special Crysta],147,6,100,,
8173,Shadow Devil Cavalier,23,[Additional Crysta],147,6,100,,
8171,Kanade's Cube,15,[Magic Device],1,6,1000,,
8170,Gorilla Talisman,18,[Special],147,-1,0,,
8169,Reefy Coast Arrow,7,[Arrow],265,2,132,Summer Event 2025,
8168,Evil Crystal Beast Wings,15,[Magic Device],147,-1,0,,
8167,Evil Crystal Beast Spear,26,[Halberd],147,-1,0,,
8166,Shark Tail,6,[Additional],137,1,68,,
8165,Cuddle Shark Shield,17,[Shield],265,4,132,Summer Event 2025,
8164,10th Anniv Tonfa VI,13,[Knuckles],295,3,147,,
8163,10th Anniv Bow VI,9,[Bow],295,3,147,,
8162,10th Anniv Sword VI,4,[1 Handed Sword],295,3,147,,
8161,10th Anniv Greatsword VI,5,[2 Handed Sword],295,3,147,,
8160,10th Anniv Staff VI,19,[Staff],295,3,147,,
8159,what is this,0,,0,3,0,,
8158,10th Anniv Staff VI,19,[Staff],295,3,147,,
8157,Anniversary Festive Garb VI,8,[Armor],147,4,255,,
8156,Forbidden Shawle,230,[Enhancer Crysta (Yellow)],1,6,100,,
8155,Round-Eared Hat,6,[Additional],107,1,53,,
8154,10th Anniv Wings VI,15,[Magic Device],295,6,147,,
8153,10th Anniv Tonfa VI,13,[Knuckles],295,3,147,,
8152,Colon Boss,200,[Enhancer Crysta (Blue)],1,6,100,,
8151,Ultra Potum,210,[Enhancer Crysta (Red)],1,6,100,,
8150,10th Anniv Sword VI,4,[1 Handed Sword],147,3,295,,
8149,10th Anniv Sword V,4,[1 Handed Sword],147,3,295,,
8148,10th Anniv Sword IV,4,[1 Handed Sword],295,3,147,,
8147,10th Anniv Sword IV,4,[1 Handed Sword],295,3,147,,
8146,10th Anniv Sword III,4,[1 Handed Sword],295,3,147,,
8145,10th Anniv Greatsword VI,5,[2 Handed Sword],295,3,147,,
8144,10th Anniv Sword II,4,[1 Handed Sword],295,3,147,,
8143,10th Anniv Sword,4,[1 Handed Sword],295,3,147,,
8142,Gula,230,[Enhancer Crysta (Yellow)],1,6,100,,
8141,Fluffy Rabbit Garb,8,[Armor],280,4,126,,
8140,Vevela,200,[Enhancer Crysta (Blue)],1,6,100,,
8139,Candle Arrow (Blue Flame),7,[Arrow],10,-1,0,,
8138,Spa Wear,8,[Armor],1,4,135,,
8137,Abyssal Crystal Monster,240,[Enhancer Crysta (Purple)],1,6,100,,
8136,Zeagrysta,24,[Special Crysta],1,6,100,,
8135,Brigand Coat,8,[Armor],100,-1,0,,
8134,Fake Sakura Storm,27,[Katana],1,-1,0,,
8133,Raden Pearl Knuckles,13,[Knuckles],295,3,147,Update 02/26/26,Crafted at NPC Blacksmith. Untradable.
8132,Maple's Shield,17,[Shield],1,6,1000,,
8131,Machine God Maple,24,[Special Crysta],100,6,100,,
8130,Big Ninjutsu Scroll,6,[Additional],142,2,71,,
8129,Eerie Bird Piercing Arrow,7,[Arrow],295,1,147,,
8128,Eerie Bird Feather Shield,17,[Shield],295,1,147,,
8127,Eerie Bird Warblade ,4,[1 Handed Sword],295,1,147,,
8126,Test1,8,[Armor],44,2,44,,
8125,Crimson Onyx Spear,26,[Halberd],300,3,150,,
8124,Crimson Onyx Knuckles,13,[Knuckles],300,3,150,,
8123,Fine Sakura Fabric,14,[Material],30,4,30,,
8122,Crystalline Thread,14,[Material],20,4,29,,
8120,Weeping Sakura Petals,15,[Magic Device],265,6,132,,
8119,Weeping Sakura Petals,15,[Magic Device],265,6,132,,
8118,Weeping Sakura Petals,15,[Magic Device],265,6,132,,
8117,Sunlight Saber,4,[1 Handed Sword],265,6,132,,
8116,Sunlight Saber,4,[1 Handed Sword],265,6,132,,
8115,Sunlight Saber,4,[1 Handed Sword],265,6,132,,
8114,Ominous Ash,14,[Material],33,6,6,,
8113,Breeta's Ring Fragment,14,[Material],28,3,28,,
8112,Breeta's Claw,14,[Material],23,1,23,,
8111,Sakura Tree Sap,14,[Material],24,5,25,,
8110,Sakura Spirit Leaf,14,[Material],25,5,24,,
8109,Mountain Humus,14,[Material],25,5,24,,
8108,Tuning Knife,11,[Dagger],240,1,120,,
8107,Squirinja,220,[Enhancer Crysta (Green)],1,6,100,,
8106,Supreme Evil Crystal Beast,210,[Enhancer Crysta (Red)],1,6,100,,
8105,Shadow Suit,8,[Armor],290,4,145,,
8104,Shadow Horn,6,[Additional],145,1,72,,
8103,Supreme Evil Crystal Beast,210,[Enhancer Crysta (Red)],1,6,100,,
8102,Springtime Sakura,210,[Enhancer Crysta (Red)],1,6,100,,
8101,Gingerbread Man Santa,6,[Additional],137,4,68,,
8100,Terrestrial Talisman,18,[Special],132,3,66,,
8099,Macaron Head,6,[Additional],1,1,1,,
8098,Skelerow,220,[Enhancer Crysta (Green)],-1,6,-1,,
8097,Blue Rose Wings,6,[Additional],140,1,70,,
8096,Flower Bag,6,[Additional],140,5,70,,
8095,Choco Bear Ears,6,[Additional],127,1,63,,
8094,Lovestruck Heart,6,[Additional],127,6,63,,
8093,Chelomka,1,[Usable],24,5,24,,
8092,Agros Sugar,1,[Usable],22,5,22,,
8091,Fragrant Fox Furnace,18,[Special],95,6,47,,
8090,Fox Sugar Candy,1,[Usable],24,5,24,,
8089,Maple Berry,1,[Usable],22,5,22,,
8088,Honeybee Sting Dagger,11,[Dagger],210,1,105,,
8087,Honeybee Cake,1,[Usable],24,5,24,,
8086,Flora Honey,1,[Usable],22,5,22,,
8085,Bakuzan,210,[Enhancer Crysta (Red)],1,6,100,,
8084,Bakuzan,1,[Usable],1,6,100,,
8083,Blue Rose Gloves,13,[Knuckles],280,4,140,,
8082,Blue Rose Gloves,13,[Knuckles],280,4,140,,
8081,Blue Rose Gloves,13,[Knuckles],280,4,140,,
8080,Blue Rose Umbrella Sword,5,[2 Handed Sword],280,4,140,,
8079,Blue Rose Umbrella Sword,5,[2 Handed Sword],280,4,140,,
8078,Blue Rose Umbrella Sword,5,[2 Handed Sword],280,4,140,,
8076,Caramel Tie,14,[Material],35,4,35,,
8075,Beautiful Corsage,14,[Material],33,4,33,,
8074,Fine Liquor,14,[Material],23,5,23,,
8073,Ripped Suit,14,[Material],23,4,23,,
8072,Cream Fur,14,[Material],26,1,26,,
8071,Medicated Cream,14,[Material],24,5,24,,
8069,Honey Energy,1,[Usable],26,5,26,,
8068,Sweet Herb,14,[Material],24,5,24,,
8066,Maple Arrow,7,[Arrow],220,5,110,,
8065,Marshmallow Headband,6,[Additional],115,5,57,,
8064,Worker Bee Stash,14,[Material],26,6,5,,
8063,Beelittin,14,[Material],24,5,24,,
8062,Bee Pollen,14,[Material],21,1,21,,
8061,Sweetheart Choco Mask,6,[Additional],132,5,66,,
8060,Black Lixi,24,[Special Crysta],1,6,100,,
8059,Moonlight Arrow,7,[Arrow],0,2,120,,
8058,Heavy Iron Waist Armor,6,[Additional],132,3,66,,
8057,Royal Ox King II,230,[Enhancer Crysta (Yellow)],1,6,100,,
8056,Pillorocas,230,[Enhancer Crysta (Yellow)],1,6,100,,
8055,Big Gob Hat,6,[Additional],145,4,72,,
8054,Beastlord Ring,18,[Special],150,3,75,,
8053,Herb Arrow,7,[Arrow],190,6,90,,
8051,Donut Glasses,6,[Additional],95,5,47,,
8049,Warm Talisman,18,[Special],110,1,55,,
8047,Wild Beast Lixi,200,[Enhancer Crysta (Blue)],1,6,25,,
8046,Pom Loungewear,8,[Armor],1,4,2,,
8045,Rose Eyepatch,6,[Additional],132,5,66,,
8043,Goblin Zucotto,230,[Enhancer Crysta (Yellow)],1,6,100,,
8042,Piscruva,200,[Enhancer Crysta (Blue)],1,6,100,,
8041,Erkuch,230,[Enhancer Crysta (Yellow)],1,6,100,,
8040,Winking Gingerbread Man,6,[Additional],132,4,66,,
8039,Inari Sushi,1,[Usable],1,5,10,,
8038,Chirashi Sushi,1,[Usable],1,5,10,,
8037,Dango Hat (Skewer),6,[Additional],120,4,60,,
8036,Red Crystaline Lens,14,[Material],26,6,6,,
8035,Megashout Microphone,19,[Staff],265,3,132,,
8034,Gegner's Mic Stand,5,[2 Handed Sword],265,3,132,,
8033,Inverted Tree Crest,18,[Special],125,6,62,,
8032,Inverted Tree Crest,18,[Special],125,6,62,,
8031,Inverted Tree Crest,18,[Special],125,6,62,,
8030,Winter Outfit II,8,[Armor],1,4,2,,
8029,Winter Outfit II,8,[Armor],1,4,2,,
8028,Winter Outfit II,8,[Armor],1,4,2,,
8027,Spiky WIg,6,[Additional],132,1,66,,
8026,Gift Box Earrings,6,[Additional],110,3,55,,
8024,Corroded Green Crystal,14,[Material],30,6,5,,
8023,Meduso,210,[Enhancer Crysta (Red)],1,6,2,,
8022,Flourescent Tentacle,14,[Material],-1,6,-1,,
8021,Biskyva,220,[Enhancer Crysta (Green)],1,6,2,,
8020,Abyssal Katana,27,[Katana],280,1,140,,
8019,Abyssal Greatsword,5,[2 Handed Sword],280,1,140,,
8018,Biskyva Horn,14,[Material],35,1,35,,
8017,Biskyva Web,14,[Material],30,4,30,,
8016,Biskyva Spine,14,[Material],25,1,25,,
8015,Accessory Twin Tails,6,[Additional],125,4,62,,
8014,Gelatinous Umbrella,14,[Material],28,4,28,,
8013,Seashell Palm,14,[Material],25,1,25,,
8012,Jellyfish Cloth Scrap,14,[Material],22,4,22,,
8011,Cursed Gun,10,[Bowgun],240,3,120,,
8010,Hidden Eyeball,14,[Material],28,5,28,,
8009,Creepy Big Molar,14,[Material],25,1,25,,
8008,Corroded Epidermis,14,[Material],22,4,22,,
8007,Sacred Axe,5,[2 Handed Sword],240,3,120,,
8006,Dangerous Shark Skin,14,[Material],28,6,5,,
8005,Rough Placoid Scale,14,[Material],25,1,25,,
8004,Tangled Kelp ,14,[Material],22,5,22,,
8003,DEX+8,20,[Normal Crysta],1,6,2,,
8002,Dancing Cubic Crystal,14,[Material],28,6,5,,
8001,Poisonous Hookclaw,14,[Material],25,1,25,,
8000,Gelatinous Skin,14,[Material],20,4,20,,
7999,Joyful Arrow,7,[Arrow],250,4,125,,
7998,Slicked-Back Crest,14,[Material],28,4,28,,
7997,Brushy Tail Feather,14,[Material],25,4,25,,
7996,Neck Ruff,14,[Material],20,4,20,,
7995,Erde Shield,17,[Shield],240,3,120,,
7994,Eel Liver,14,[Material],28,5,28,,
7993,Luminous Caudal Fin,14,[Material],25,4,25,,
7992,Slimy Thick Skin,14,[Material],20,4,20,,
7990,Viridian Butterfly Treasure Box,1,[Usable],0,-1,0,,
7988,Shiny Viridian Hair Ornament,6,[Additional],285,6,570,,
7987,Shiny Viridian Garb (Robust),8,[Armor],290,4,1450,,
7986,Shiny Viridian Garb (Smart),8,[Armor],290,4,1450,,
7985,Shiny Viridian Garb (Power),8,[Armor],290,4,1450,,
7984,Shiny Viridian Garb,8,[Armor],290,4,1450,,
7982,Devil Veil,6,[Additional],0,-1,0,,
7981,Dancer Skirt,6,[Additional],0,-1,0,,
7980,Avid Glaive,26,[Halberd],0,-1,0,,
7979,Avid Glaive,26,[Halberd],0,-1,0,,
7978,Avid Blade,5,[2 Handed Sword],0,-1,0,,
7977,Avid Blade,5,[2 Handed Sword],0,-1,0,,
7976,Dandolion,220,[Enhancer Crysta (Green)],0,6,0,,
7975,Dandelion Tooth,14,[Material],0,1,0,,
7974,Inlaid Purple Eye,14,[Material],0,6,0,,
7973,Relaxia Leaf,14,[Material],35,5,35,,
7972,Corroded Tree Bark,14,[Material],30,2,30,,
7971,Distorted Purple Branch,14,[Material],25,2,25,,
7970,Dry Water Arrow,7,[Arrow],260,2,130,,
7969,Dried Fruit,1,[Usable],28,5,28,,
7968,Sharp Dorsal Blade,14,[Material],25,3,25,,
7967,Geometric Snake Skin,14,[Material],22,4,22,,
7966,Erde Sword,4,[1 Handed Sword],240,3,120,,
7965,Thick Stinger Tail,14,[Material],28,1,28,,
7964,Umidus Stone,14,[Material],25,3,25,,
7963,Shadow Fur,14,[Material],22,1,22,,
7962,Exorcist Fist,13,[Knuckles],240,3,120,,
7961,Creepy Choker,14,[Material],28,3,28,,
7960,Cruciform Claw,14,[Material],25,1,25,,
7959,Shaking Patagium,14,[Material],22,4,22,,
7958,Brown Egg,1,[Usable],28,5,28,,
7957,Pyroxene Nugget,18,[Special],127,3,63,,
7956,Drumette,1,[Usable],25,5,25,,
7955,White Chicken Feather,14,[Material],22,4,22,,
7954,Rafflesia Hat,6,[Additional],127,5,63,,
7953,Burning Flower,14,[Material],28,6,5,,
7952,Prickly Vine,14,[Material],25,2,25,,
7951,Prickly Thorn,14,[Material],22,2,22,,
7950,Dandelion Coffee,1,[Usable],28,5,28,,
7949,Dandelion Fluff,14,[Material],25,5,25,,
7948,Hollow Stem,14,[Material],22,2,22,,
7945,Dead Soul Veil,6,[Additional],140,4,70,,
7944,Zombie Bunny Backpack,6,[Additional],137,4,68,,
7943,Zomby Trophy,6,[Additional],135,1,67,,
7942,Booster Cast,18,[Special],61,5,122,,
7941,Mummy Roll Cake,14,[Material],24,5,24,,
7940,Gauze Fabric,14,[Material],22,4,22,,
7939,Starhammer Arrow,7,[Arrow],245,3,122,,
7938,Morning Star Gummy,14,[Material],24,5,24,,
7937,Melted Candle,14,[Material],22,5,22,,
7936,Face Scar,6,[Additional],130,5,65,,
7935,Zombie Meat,14,[Material],24,5,24,,
7934,Rotten Cake,14,[Material],22,5,22,,
7932,Blood Coffee,14,[Material],21,6,45,,
7931,Crimson Moon Cape,6,[Additional],255,4,127,,
7930,Crimson Moon Cape,6,[Additional],255,4,127,,
7929,Crimson Moon Cape,6,[Additional],255,4,127,,
7927,Crimson Moon Hat,6,[Additional],255,4,127,,
7926,Crimson Moon Hat,6,[Additional],255,4,127,,
7925,Crimson Moon Hat,6,[Additional],255,4,127,,
7924,Cute Bolt,14,[Material],21,6,45,,
7923,Skull RIbbons,6,[Additional],132,4,66,,
7922,Medical Messer,11,[Dagger],285,3,142,,
7921,Broken Huge Syringe,14,[Material],29,3,29,,
7920,Raiden,27,[Katana],275,3,137,,
7919,Raiden,27,[Katana],275,3,137,,
7918,Lightning Sword,4,[1 Handed Sword],275,3,137,,
7917,Lightning Sword,4,[1 Handed Sword],275,3,137,,
7916,Lightning Machete,5,[2 Handed Sword],275,3,137,,
7915,Lightning Machete,5,[2 Handed Sword],275,3,137,,
7914,Patched Artificial Skin,14,[Material],23,4,23,,
7913,Raiden,27,[Katana],275,3,137,,
7912,Lightning Sword,4,[1 Handed Sword],275,3,137,,
7911,Lightning Machete,5,[2 Handed Sword],275,3,137,,
7910,Ectopiezm,6,[Additional],100,-1,0,,
7909,Phantom Cape,6,[Additional],150,4,75,,
7908,Phantom Mail,8,[Armor],300,6,150,,
7907,Remnant of Beyond,20,[Normal Crysta],100,6,0,,
7904,Castilia,23,[Additional Crysta],0,-1,0,,
7903,Bemoz,220,[Enhancer Crysta (Green)],0,-1,0,,
7902,Queen Rosemee,210,[Enhancer Crysta (Red)],0,6,0,,
7901,Curious Kappa ,6,[Additional],0,1,0,,
7900,Tsukikage-Sakuya,27,[Katana],275,6,137,,
7899,Anguish Sword,4,[1 Handed Sword],0,-1,0,,
7898,Yermo Turban,6,[Additional],0,-1,0,,
7897,Menti,210,[Enhancer Crysta (Red)],0,6,0,,
7896,Anguish Knuckles,13,[Knuckles],0,1,0,,
7895,Fubbit,210,[Enhancer Crysta (Red)],1,6,100,,
7894,Megiston The Champion VII,210,[Enhancer Crysta (Red)],1,6,100,,
7893,Hero Potum IV,210,[Enhancer Crysta (Red)],1,6,100,,
7892,Viridian Magic Device,15,[Magic Device],290,6,870,,
7891,9th Anniv Wings VI,15,[Magic Device],0,-1,0,,
7888,9th Anniv Shield VI,17,[Shield],0,-1,0,,
7887,9th Anniv Shield V,17,[Shield],0,-1,0,,
7886,9th Anniv Shield IV,17,[Shield],0,-1,0,,
7885,9th Anniv Shield III,17,[Shield],0,-1,0,,
7884,9th Anniv Shield II,17,[Shield],0,-1,0,,
7883,9th Anniv Shield,17,[Shield],0,-1,0,,
7882,9th Anniv Katana VI,27,[Katana],0,-1,0,,
7881,9th Anniv Katana VI,27,[Katana],0,-1,0,,
7880,9th Anniv Katana V,27,[Katana],0,-1,0,,
7879,9th Anniv Katana V,27,[Katana],0,-1,0,,
7878,9th Anniv Katana IV,27,[Katana],0,-1,0,,
7877,9th Anniv Katana IV,27,[Katana],0,-1,0,,
7876,9th Anniv Katana III,27,[Katana],0,-1,0,,
7875,9th Anniv Katana III,27,[Katana],0,-1,0,,
7874,9th Anniv Katana II,27,[Katana],0,-1,0,,
7873,9th Anniv Katana II,27,[Katana],0,-1,0,,
7870,9th Anniv Katana,27,[Katana],0,-1,0,,
7869,9th Anniv Katana,27,[Katana],0,-1,0,,
7868,9th Anniv Halberd VI,26,[Halberd],0,-1,0,,
7867,9th Anniv Halberd VI,26,[Halberd],0,-1,0,,
7866,9th Anniv Halberd V,26,[Halberd],0,-1,0,,
7865,9th Anniv Halberd V,26,[Halberd],0,-1,0,,
7864,9th Anniv Halberd IV,26,[Halberd],0,-1,0,,
7863,9th Anniv Halberd IV,26,[Halberd],0,-1,0,,
7862,9th Anniv Halberd III,26,[Halberd],0,-1,0,,
7861,9th Anniv Halberd III,26,[Halberd],0,-1,0,,
7860,9th Anniv Halberd II,26,[Halberd],0,-1,0,,
7859,9th Anniv Halberd II,26,[Halberd],0,-1,0,,
7858,9th Anniv Halberd,26,[Halberd],0,-1,0,,
7857,9th Anniv Halberd,26,[Halberd],0,-1,0,,
7856,9th Anniv Knuckles VI,13,[Knuckles],0,-1,0,,
7855,9th Anniv Knuckles VI,13,[Knuckles],0,-1,0,,
7854,9th Anniv Knuckles V,13,[Knuckles],0,-1,0,,
7853,9th Anniv Knuckles V,13,[Knuckles],0,-1,0,,
7852,9th Anniv Knuckles IV,13,[Knuckles],0,-1,0,,
7850,9th Anniv Knuckles IV,13,[Knuckles],0,-1,0,,
7849,9th Anniv Knuckles III,13,[Knuckles],0,-1,0,,
7848,9th Anniv Knuckles III,13,[Knuckles],0,-1,0,,
7847,9th Anniv Knuckles II,13,[Knuckles],0,-1,0,,
7846,9th Anniv Knuckles II,13,[Knuckles],0,-1,0,,
7845,9th Anniv Knuckles,13,[Knuckles],0,-1,0,,
7843,9th Anniv Knuckles,13,[Knuckles],0,-1,0,,
7842,9th Anniv Wings VI,15,[Magic Device],0,-1,0,,
7841,9th Anniv Wings V,15,[Magic Device],0,-1,0,,
7840,9th Anniv Wings V,15,[Magic Device],0,-1,0,,
7839,9th Anniv Wings IV,15,[Magic Device],0,-1,0,,
7838,9th Anniv Wings IV,15,[Magic Device],0,-1,0,,
7837,9th Anniv Wings III,15,[Magic Device],0,-1,0,,
7836,9th Anniv Wings III,15,[Magic Device],0,-1,0,,
7835,9th Anniv Wings II,15,[Magic Device],0,-1,0,,
7834,9th Anniv Wings II,15,[Magic Device],0,-1,0,,
7832,9th Anniv Wings,15,[Magic Device],0,-1,0,,
7831,9th Anniv Wings,15,[Magic Device],0,-1,0,,
7830,Mysticotelum,9,[Bow],0,-1,0,,
7829,9th Anniv Staff VI,19,[Staff],0,-1,0,,
7828,9th Anniv Staff VI,19,[Staff],0,-1,0,,
7827,9th Anniv Staff V,19,[Staff],0,-1,0,,
7826,9th Anniv Staff V,19,[Staff],0,-1,0,,
7825,9th Anniv Staff IV,19,[Staff],0,-1,0,,
7824,9th Anniv Staff IV,19,[Staff],0,-1,0,,
7823,9th Anniv Staff III,19,[Staff],0,-1,0,,
7822,9th Anniv Staff III,19,[Staff],0,-1,0,,
7821,9th Anniv Staff II,19,[Staff],0,-1,0,,
7820,9th Anniv Staff II,19,[Staff],0,-1,0,,
7819,9th Anniv Staff,19,[Staff],0,-1,0,,
7818,9th Anniv Staff,19,[Staff],0,-1,0,,
7817,9th Anniv Bowgun VI,10,[Bowgun],0,-1,0,,
7816,9th Anniv Bowgun VI,10,[Bowgun],0,-1,0,,
7815,9th Anniv Bowgun V,10,[Bowgun],0,-1,0,,
7814,9th Anniv Bowgun V,10,[Bowgun],0,-1,0,,
7813,9th Anniv Bowgun IV,10,[Bowgun],0,-1,0,,
7812,9th Anniv Bowgun IV,10,[Bowgun],0,-1,0,,
7811,9th Anniv Bowgun III,10,[Bowgun],0,-1,0,,
7810,9th Anniv Bowgun III,10,[Bowgun],0,-1,0,,
7809,9th Anniv Bowgun II,10,[Bowgun],0,-1,0,,
7808,9th Anniv Bowgun II,10,[Bowgun],0,-1,0,,
7800,9th Anniv Bowgun,10,[Bowgun],0,-1,0,,
7799,9th Anniv Bowgun,10,[Bowgun],0,-1,0,,
7798,9th Anniv Bow VI,9,[Bow],0,-1,0,,
7797,9th Anniv Bow VI,9,[Bow],0,-1,0,,
7796,Breeta Mask,6,[Additional],0,-1,0,,
7795,Spring Day Headdress,6,[Additional],0,-1,0,,
7794,9th Anniv Bow V,9,[Bow],0,-1,0,,
7793,9th Anniv Bow V,9,[Bow],0,-1,0,,
7792,9th Anniv Bow IV,9,[Bow],0,-1,0,,
7791,9th Anniv Bow IV,9,[Bow],0,-1,0,,
7790,9th Anniv Bow III,9,[Bow],0,-1,0,,
7789,9th Anniv Bow III,9,[Bow],0,-1,0,,
7788,9th Anniv Bow II,9,[Bow],0,-1,0,,
7787,9th Anniv Bow II,9,[Bow],0,-1,0,,
7786,9th Anniv Bow,9,[Bow],0,-1,0,,
7785,9th Anniv Bow,9,[Bow],0,-1,0,,
7784,9th Anniv Greatsword VI,5,[2 Handed Sword],0,-1,0,,
7783,9th Anniv Greatsword VI,5,[2 Handed Sword],0,-1,0,,
7782,9th Anniv Greatsword V,5,[2 Handed Sword],0,-1,0,,
7781,9th Anniv Greatsword V,5,[2 Handed Sword],0,-1,0,,
7780,9th Anniv Greatsword IV,5,[2 Handed Sword],0,-1,0,,
7779,9th Anniv Greatsword IV,5,[2 Handed Sword],0,-1,0,,
7778,9th Anniv Greatsword III,5,[2 Handed Sword],0,-1,0,,
7777,9th Anniv Greatsword III,5,[2 Handed Sword],0,-1,0,,
7776,9th Anniv Greatsword II,5,[2 Handed Sword],0,-1,0,,
7775,9th Anniv Greatsword II,5,[2 Handed Sword],0,-1,0,,
7774,9th Anniv Greatsword,5,[2 Handed Sword],0,-1,0,,
7773,9th Anniv Greatsword,5,[2 Handed Sword],0,-1,0,,
7772,9th Anniv Sword VI,4,[1 Handed Sword],0,-1,0,,
7771,9th Anniv Sword VI,4,[1 Handed Sword],0,-1,0,,
7770,9th Anniv Sword V,4,[1 Handed Sword],0,-1,0,,
7769,9th Anniv Sword V,4,[1 Handed Sword],0,-1,0,,
7768,9th Anniv Sword IV,4,[1 Handed Sword],0,-1,0,,
7767,9th Anniv Sword IV,4,[1 Handed Sword],0,-1,0,,
7766,9th Anniv Sword III,4,[1 Handed Sword],0,-1,0,,
7765,9th Anniv Sword III,4,[1 Handed Sword],0,-1,0,,
7764,9th Anniv Sword II,4,[1 Handed Sword],0,-1,0,,
7763,9th Anniv Sword II,4,[1 Handed Sword],0,-1,0,,
7762,9th Anniv Sword,4,[1 Handed Sword],0,-1,0,,
7761,9th Anniv Sword,4,[1 Handed Sword],0,-1,0,,
7760,Anniversary Festive Garb V,8,[Armor],260,4,130,,
7759,Anniversary Festive Garb V,8,[Armor],260,4,130,,
7758,Luxurie Shield,17,[Shield],220,3,110,,
7757,Profound Shield,17,[Shield],230,3,115,,
7756,Orbital Mystic Spheres,15,[Magic Device],230,6,115,,
7755,Orbital Mystic Spheres,15,[Magic Device],230,6,115,,
7754,Abyss Bow,9,[Bow],0,-1,0,,
7753,Abyss Bow,9,[Bow],0,-1,0,,
7752,HP+800,20,[Normal Crysta],1,6,2,,
7750,Profound Shield,17,[Shield],230,3,115,,
7749,Red Coral,14,[Material],28,6,5,,
7748,Abyssal Pyroxene,14,[Material],28,6,5,,
7747,Spiral Shell Arrow,7,[Arrow],225,2,112,,
7746,Mop,26,[Halberd],0,-1,0,,
7745,Ancient Fish Gill,14,[Material],28,1,28,,
7744,Pacifier,6,[Additional],0,-1,0,,
7743,Retro Sunglasses,6,[Additional],0,-1,0,,
7742,Nonwoven Mask,6,[Additional],0,-1,0,,
7741,Epaulet Cape,6,[Additional],135,4,67,,
7740,Abyss Katana,27,[Katana],0,-1,0,,
7739,Abyss Katana,27,[Katana],0,-1,0,,
7738,Savon Bow,9,[Bow],0,-1,0,,
7737,Savon Bow,9,[Bow],0,-1,0,,
7736,Deformis,210,[Enhancer Crysta (Red)],0,6,0,,
7735,Eumano Arrow,7,[Arrow],275,2,137,,
7734,Gloomy Tree Shield,17,[Shield],275,2,137,,
7733,Gloomy Flower Staff,19,[Staff],275,2,137,,
7732,Wriggling Wooden Eye,14,[Material],34,2,34,,
7731,Hideous Vine,14,[Material],29,2,29,,
7730,Discolored Wooden Claw,14,[Material],24,2,24,,
7729,Wiltileaf,200,[Enhancer Crysta (Blue)],0,6,0,,
7728,Lyre Bow,9,[Bow],275,2,137,,
7727,Old Tree Sap,14,[Material],30,6,6,,
7726,Sphere Staff,19,[Staff],230,2,115,,
7725,Healthy Bulb,14,[Material],26,5,26,,
7724,Green Petal,14,[Material],22,5,22,,
7723,Orbital Mystic Spheres,15,[Magic Device],230,6,115,,
7722,Excellent Firewood,14,[Material],28,2,28,,
7721,Uneven Wood,14,[Material],25,2,25,,
7720,Crushed Tree Bark,14,[Material],23,2,23,,
7719,Sylvan Cowl,6,[Additional],125,5,62,,
7718,Sad Thought,14,[Material],28,6,5,,
7717,Dirty Thick Cloth,14,[Material],25,4,25,,
7716,Corroded Splinter,14,[Material],22,2,22,,
7715,Dragonfly Ring,18,[Special],127,1,63,,
7714,Mysteriously Glowing Tail,14,[Material],30,1,30,,
7713,Transparent Compound Eye,14,[Material],24,1,24,,
7712,Poisonous Scytheclaw,14,[Material],21,1,21,,
7711,Leaf Mask,6,[Additional],125,5,62,,
7710,Spiral Tree Bark,14,[Material],28,2,28,,
7709,Tangled Roots,14,[Material],25,2,25,,
7708,Flying Leaf,14,[Material],22,5,22,,
7707,Melting Knife,11,[Dagger],245,3,122,,
7706,Lava Rock,14,[Material],28,3,28,,
7705,Fiery Horn,14,[Material],25,1,25,,
7704,Broken Rock Arm,14,[Material],22,3,22,,
7703,Seapent Bow,9,[Bow],0,-1,0,,
7702,Seapent Bow,9,[Bow],0,-1,0,,
7701,Don Shield,17,[Shield],0,-1,0,,
7700,Water Priest Robe,8,[Armor],0,-1,0,,
7699,Water Priest Robe,8,[Armor],0,-1,0,,
7698,Amnis Rapier,4,[1 Handed Sword],0,-1,0,,
7697,Amnis Rapier,4,[1 Handed Sword],0,-1,0,,
7696,Agradable,10,[Bowgun],0,-1,0,,
7695,Agradable,10,[Bowgun],0,-1,0,,
7694,Amnis Staff,19,[Staff],0,-1,0,,
7693,Amnis Staff,19,[Staff],0,-1,0,,
7692,Dominantrum,15,[Magic Device],0,-1,0,,
7691,Dominantrum,15,[Magic Device],0,-1,0,,
7689,Don Knuckles,13,[Knuckles],0,-1,0,,
7688,Don Knuckles,13,[Knuckles],0,-1,0,,
7687,Dominant Scythespear,26,[Halberd],0,-1,0,,
7686,Dominant Scythespear,26,[Halberd],0,-1,0,,
7685,Brass Dragon Sword,27,[Katana],0,-1,0,,
7684,Brass Dragon Sword,27,[Katana],0,-1,0,,
7683,Mulgoon Hood,6,[Additional],137,4,68,,
7682,Mulgoon Hood,6,[Additional],137,4,68,,
7681,Mulgoon Hood,6,[Additional],137,4,68,,
7680,Mulgoon Hood,6,[Additional],137,4,68,,
7679,Mulgoon Hood,6,[Additional],137,4,68,,
7678,Mulgoon Hood,6,[Additional],137,4,68,,
7677,Mulgoon Hood,6,[Additional],137,4,68,,
7676,Mulgoon's Hand,22,[Armor Crysta],0,6,0,,
7675,Mulgoon Thick Skin,14,[Material],0,1,0,,
7674,Mulgoon Robe,8,[Armor],0,-1,0,,
7673,Colossal Shadow,14,[Material],0,6,0,,
7672,Giant Crystal Beast Claw,14,[Material],0,1,0,,
7671,Sharp Bristles,14,[Material],0,1,0,,
7670,Meteora,220,[Enhancer Crysta (Green)],1,6,0,,
7669,Abyssal Light,14,[Material],30,6,6,,
7668,Meteor Sword,4,[1 Handed Sword],270,6,135,,
7667,Happy Flower,6,[Additional],125,5,62,,
7666,Dondurma,1,[Usable],28,5,28,,
7665,Bulb,14,[Material],25,5,25,,
7664,Healthy Cotyledon,14,[Material],22,5,22,,
7663,Flower Crystal,14,[Material],28,6,5,,
7662,Menabra Wood,14,[Material],25,2,25,,
7661,Shattered Petrified Wood,14,[Material],22,2,22,,
7660,VIT+8,20,[Normal Crysta],1,6,2,,
7659,Falling Star Talisman,18,[Special],122,3,61,,
7658,Meteoric Iron,14,[Material],28,3,28,,
7657,Tektite,14,[Material],25,3,25,,
7656,Rough Rock,14,[Material],22,3,22,,
7655,Interesse Tiara,6,[Additional],300,6,100,,
7654,Interesse Crown,6,[Additional],300,6,100,,
7653,Flügel Wings,6,[Additional],1,6,1000,,
7652,Flügel Wings,6,[Additional],1,6,1000,,
7651,Flügel Wings,6,[Additional],1,6,1000,,
7650,Flügel Halo,6,[Additional],1,6,1000,,
7649,Flügel Halo,6,[Additional],1,6,1000,,
7648,Flügel Halo,6,[Additional],1,6,1000,,
7647,Jibril's Diary III,19,[Staff],280,6,3000,,
7646,Jibril's Diary II,19,[Staff],180,6,2000,,
7645,Jibril's Diary I,19,[Staff],80,6,1000,,
7644,Iced Chicken Vita,1,[Usable],1,5,100,,
7643,Evil Gaze Arrow,7,[Arrow],0,-1,0,,
7642,Jibril III,230,[Enhancer Crysta (Yellow)],1,6,100,,
7641,Jibril II,230,[Enhancer Crysta (Yellow)],1,6,100,,
7640,Jibril,23,[Additional Crysta],1,6,100,,
7639,Breeta,240,[Enhancer Crysta (Purple)],1,6,100,,
7636,Smart Puppy Talisman,18,[Special],0,-1,0,,
7635,Red Hanten,6,[Additional],0,-1,0,,
7634,Sakura Branch Dagger,11,[Dagger],240,2,120,,
7633,Sakura Stole II,6,[Additional],0,-1,0,,
7632,Sakura Bonsai,6,[Additional],0,-1,0,,
7631,Sakura Shamisen,6,[Additional],132,2,66,,
7630,Sakura Shoulder Pad,6,[Additional],132,3,66,,
7629,Sakura Fan,6,[Additional],125,2,62,,
7628,Waffle Hair Ornament,6,[Additional],97,5,48,,
7627,Corynkuchen,6,[Additional],117,5,58,,
7626,Melty Chocolate Glasses,6,[Additional],112,5,56,,
7625,White Day Ribbon,6,[Additional],105,4,52,,
7623,Broken Greatsword,4,[1 Handed Sword],0,-1,0,,
7622,Bamboo Bow,9,[Bow],0,-1,0,,
7621,Firefighter Flag,26,[Halberd],0,-1,0,,
7620,Wood Giant Knuckles,0,,0,-1,0,,
7619,Caduceus,19,[Staff],0,-1,0,,
7618,Wood Giant Sledgehammer,5,[2 Handed Sword],0,-1,0,,
7617,Murasame,27,[Katana],0,-1,0,,
7616,Mimic Axe,10,[Bowgun],0,-1,0,,
7615,Pezvolador,15,[Magic Device],0,-1,0,,
7614,Pencil Halberd,26,[Halberd],0,-1,0,,
7613,Scream Shadow,24,[Special Crysta],1,6,100,,
7612,Fine Beard,6,[Additional],0,-1,0,,
7611,Ocean Frill Cape,6,[Additional],0,-1,0,,
7610,Braid with Ribbon,6,[Additional],0,-1,0,,
7609,Horse Tail,6,[Additional],0,-1,0,,
7608,Seele Zauga II,240,[Enhancer Crysta (Purple)],1,6,100,,
7607,Purple Pearl Talisman,18,[Special],135,6,67,,
7606,Green Pearl Talisman,18,[Special],135,6,67,,
7605,Blue Pearl Talisman,18,[Special],135,6,67,,
7604,Red Pearl Talisman,18,[Special],135,6,67,,
7603,Pearl Talisman,18,[Special],135,6,67,,
7602,Collagen,14,[Material],28,5,28,,
7601,Scary Face Talisman,18,[Special],122,1,61,,
7600,CSPD+160,20,[Normal Crysta],1,6,2,,
7599,Soap Bubbles,6,[Additional],116,5,58,,
7598,Water City Jewel Box,1,[Usable],0,-1,0,,
7597,Cnidosac,14,[Material],0,6,0,,
7596,Broken Parliamentary Badge,14,[Material],29,2,29,,
7595,Corroded Gauntlet,14,[Material],27,2,27,,
7594,Ocean Bowgun,10,[Bowgun],230,2,115,,
7593,Nero Saber,5,[2 Handed Sword],230,3,115,,
7592,Light Trident,26,[Halberd],230,3,115,,
7591,Creepy Mask,14,[Material],28,6,5,,
7590,Blowfish Sashimi,14,[Material],29,5,29,,
7589,City Wood,14,[Material],23,2,23,,
7588,Broken Poison Needle,14,[Material],24,1,24,,
7587,Mutated Claw,14,[Material],26,1,26,,
7586,Corroded Iron Skin,14,[Material],27,4,27,,
7585,Talisman of Deep Silence,18,[Special],120,1,60,,
7584,Stroom Helm,6,[Additional],120,1,60,,
7583,Sea Salt,14,[Material],28,5,28,,
7582,Sea Cucumber,1,[Usable],28,5,28,,
7581,MP+400,20,[Normal Crysta],1,6,2,,
7580,Luminous Sphere,14,[Material],28,6,5,,
7579,Striped Scale,14,[Material],22,1,22,,
7578,Mutated Membrane,14,[Material],22,1,22,,
7577,Mutated Feather Fin,14,[Material],25,1,25,,
7576,Sharp Thorn,14,[Material],22,1,22,,
7575,Big Pectoral Fin,14,[Material],25,4,25,,
7574,Seabed Serenity,14,[Material],0,6,0,,
7573,Profound Sword,4,[1 Handed Sword],230,3,115,,
7572,Camaron Arms,13,[Knuckles],230,1,115,,
7571,Luminous Bacteria,14,[Material],28,5,28,,
7570,Cute Marine Wing,14,[Material],26,4,26,,
7569,Corroded Deepslate,14,[Material],24,3,24,,
7568,Potum's Fang,14,[Material],24,1,24,,
7567,Corroded Spinal Column,14,[Material],26,1,26,,
7566,Hard Fish Scale,14,[Material],24,1,24,,
7565,Strange Tentacle,14,[Material],26,1,26,,
7564,Spiral Shell,14,[Material],24,1,24,,
7563,Potum's Shark Skin,14,[Material],26,4,26,Summer Event 2025,
7562,Oxygen Ball,14,[Material],54,6,5,,
7561,Mass of Seaweed,14,[Material],27,5,27,,
7560,Thick Cut Sashimi,14,[Material],27,5,27,,
7559,Submerged Wood,14,[Material],25,2,25,,
7558,Corroded Spine,14,[Material],25,1,25,,
7557,Starfish Fang,14,[Material],23,1,23,,
7556,Huge Fang,14,[Material],25,1,25,,
7555,Fierce Fish Head,14,[Material],23,1,23,,
7554,Geometric Ring Fragment,14,[Material],23,3,23,,
7553,Deadly Spiral Horn,14,[Material],0,1,0,,
7552,Assassin Blade,27,[Katana],230,3,115,,
7551,Bone-In Short Rib,1,[Usable],27,5,27,,
7550,Dagger of Grace,11,[Dagger],250,2,125,,
7548,Hidden Long Tongue,14,[Material],28,1,28,,
7547,Sticky Foam,14,[Material],25,5,25,,
7546,Glowing Blue Claw,14,[Material],22,1,22,,
7545,Swaying Mane,14,[Material],25,1,25,,
7544,Fan-Shaped Tail Fin,14,[Material],22,4,22,,
7543,Watery Fin,14,[Material],22,4,22,,
7542,Divine Building Supply,14,[Material],25,3,25,,
7541,Seapent Bow,9,[Bow],230,1,115,,
7540,Water Adaptive Shell,14,[Material],24,1,24,,
7539,Rough Patagium,14,[Material],24,4,24,,
7538,Crusty Hard Skin,14,[Material],21,4,21,,
7537,Sunken Helmet,14,[Material],27,3,27,,
7536,Water Deflector Claw,14,[Material],21,3,21,,
7535,Pierrot Collar,6,[Additional],120,4,60,,
7534,Blue Cheese,1,[Usable],27,5,27,,
7533,Silky Furry Tail,14,[Material],24,1,24,,
7532,Bushy Blue Fur,14,[Material],21,1,21,,
7531,Leo Bowgun,10,[Bowgun],260,2,130,,
7530,Leo Bowgun,10,[Bowgun],260,2,130,,
7529,Leo Bowgun,10,[Bowgun],260,2,130,,
7528,Grudom Knuckles,13,[Knuckles],260,3,130,,
7527,Grudom Knuckles,13,[Knuckles],260,3,130,,
7526,Grudom Knuckles,13,[Knuckles],260,3,130,,
7525,Leodom Glaive,26,[Halberd],260,3,130,,
7524,Leodom Glaive,26,[Halberd],260,3,130,,
7523,Leodom Glaive,26,[Halberd],260,3,130,,
7522,Bangrudom,22,[Armor Crysta],0,6,0,,
7521,Broker's Insignia ,18,[Special],135,2,67,,
7520,Antique Mail,8,[Armor],270,3,135,,
7519,Bovinari Crystal Horn,14,[Material],0,1,0,,
7518,Raging Heart,14,[Material],0,6,0,,
7517,Raging Dragon Scute,14,[Material],0,1,0,,
7516,Raging Dragon Hard Wing,14,[Material],0,4,0,,
7515,Avid Blade,5,[2 Handed Sword],0,-1,0,,
7514,Avid Glaive,26,[Halberd],0,-1,0,,
7513,Charming Lips,6,[Additional],0,-1,0,,
7512,Raging Dragon Bovinari,210,[Enhancer Crysta (Red)],0,6,0,,
7511,Jiva,230,[Enhancer Crysta (Yellow)],0,6,0,,
7510,Nymon's Presence,18,[Special],95,6,47,,
7509,Potum Academy Tracksuit,8,[Armor],0,-1,0,,
7508,Glacial Wings,6,[Additional],0,-1,0,,
7507,Giant Pelulu,23,[Additional Crysta],0,6,0,,
7506,Fin Ears,6,[Additional],0,-1,0,,
7505,Balaclava,6,[Additional],0,-1,0,,
7504,Otter Scarf,6,[Additional],0,-1,0,,
7503,Knife Holder,6,[Additional],0,-1,0,,
7502,Uncontrollable Evil Eye,6,[Additional],0,-1,0,,
7501,Ice Cube,6,[Additional],0,-1,0,,
7500,Aqua Shoulder Pads,6,[Additional],0,-1,0,,
7499,Shako,6,[Additional],0,-1,0,,
7498,Limacina,200,[Enhancer Crysta (Blue)],0,6,0,,
7497,Sanguine Fragment,14,[Material],0,3,0,,
7496,Doridodi,210,[Enhancer Crysta (Red)],0,6,0,,
7495,Humida Barrel,10,[Bowgun],0,-1,0,,
7494,Humida Wings,15,[Magic Device],0,-1,0,,
7493,Vatudo,210,[Enhancer Crysta (Red)],0,6,0,,
7492,Abyss Bow,9,[Bow],0,-1,0,,
7491,Abyss Katana,27,[Katana],0,-1,0,,
7490,Torexesa,200,[Enhancer Crysta (Blue)],0,6,0,,
7489,Vatudo's Tactile Hair,14,[Material],0,4,0,,
7488,Deep Grotesque Eye,14,[Material],0,6,0,,
7487,Vatudo's Spiral Arm,14,[Material],0,1,0,,
7486,Vatudo's Fragment,14,[Material],0,3,0,,
7485,Piezolyte,14,[Material],0,6,0,,
7484,Humida's Blowtube,14,[Material],0,3,0,,
7483,Humida's Fragment,14,[Material],0,3,0,,
7482,Humida,240,[Enhancer Crysta (Purple)],1,6,1,,
7481,Cookie Head,6,[Additional],132,6,66,,
7480,White Knit Cap,6,[Additional],132,4,63,,
7479,Clamor Stone,14,[Material],22,3,22,,
7478,Wreath Crown,6,[Additional],100,5,50,,
7477,Cold Crest,14,[Material],25,2,25,,
7476,Antique Helmet,6,[Additional],0,-1,0,,
7475,Magic Lamp Engine,14,[Material],32,3,28,,
7474,Busted Wheel,14,[Material],24,3,21,,
7473,Lion Oil,14,[Material],35,5,31,,
7472,Abyssal Creature Exoskeleton,14,[Material],0,1,0,,
7471,Don Profundo,210,[Enhancer Crysta (Red)],1,6,100,,
7470,Don Shield,17,[Shield],-1,-1,-1,,
7469,Don Knuckles,13,[Knuckles],-1,-1,-1,,
7468,Abyssal Jewel,14,[Material],-1,6,-1,,
7467,Abyssal Creature Giant Horn,14,[Material],-1,1,-1,,
7466,Abyssal Creature Hard Claw,14,[Material],27,1,27,,
7465,Capo Profundo,220,[Enhancer Crysta (Green)],1,6,100,,
7464,Mace Sword,4,[1 Handed Sword],-1,-1,-1,,
7463,Abyssal Creature Fang,14,[Material],-1,1,-1,,
7462,Bateria,5,[2 Handed Sword],220,3,110,,
7461,Googly Eye,14,[Material],27,1,27,,
7460,Spiral Curvy Horn,14,[Material],25,1,25,,
7459,Odd-Patterned Leg,14,[Material],23,1,23,,
7458,Aquila Glaive,26,[Halberd],220,1,110,,
7457,Espuma Stone,14,[Material],27,3,27,,
7456,Glossy Shell,14,[Material],25,1,25,,
7455,Moist Thread,14,[Material],23,4,23,,
7454,Seahorse Bangle,18,[Special],122,1,61,,
7453,Coral Rock,14,[Material],27,3,28,,
7452,Circular Plate,14,[Material],25,1,25,,
7451,Thin Snout,14,[Material],23,1,23,,
7450,Side Ponytail,6,[Additional],120,1,60,,
7449,Abyssal Kelp,14,[Material],28,5,28,,
7448,Sharp Caudal Fin,14,[Material],26,4,26,,
7447,Abyssal Creature Claw,14,[Material],24,1,24,,
7446,Twisted Staff,19,[Staff],220,2,110,,
7445,Delicious Fillet,1,[Usable],28,5,28,,
7444,Sharp Pectoral Fin,14,[Material],26,4,26,,
7443,Fish Poison Fang,14,[Material],24,1,24,,
7442,Vegitos Bowgun,10,[Bowgun],220,3,110,,
7441,Luxury Anglerfish Liver,14,[Material],28,5,28,,
7440,Anglerfish Meat,14,[Material],26,5,26,,
7439,Jiggly Skin,14,[Material],24,4,24,,
7438,Lovely Ocean Talisman,18,[Special],122,1,61,,
7437,Glowing Long Beard,14,[Material],27,1,27,,
7436,Tender Fillet,1,[Usable],25,5,25,,
7435,Long Dorsal Fin,14,[Material],23,4,23,,
7434,Dark Night Lantern,6,[Additional],108,3,54,,
7433,Zodiac's Blessing,24,[Special Crysta],0,6,0,,
7432,Anger Knife,11,[Dagger],235,3,117,,
7431,Longevity Eyebrow,14,[Material],27,1,27,,
7430,Anchor Tail,14,[Material],25,1,25,,
7429,Tangled Rope,14,[Material],23,4,23,,
7428,Rime Wing,15,[Magic Device],220,6,110,,
7427,Pointed Tentacle,14,[Material],27,1,27,,
7426,Planispiral Shell,14,[Material],25,3,25,,
7425,Seabed Sand,14,[Material],23,3,23,,
7424,Magical Crimson Moon Garb,8,[Armor],250,4,125,,
7423,Happy Halloween,6,[Additional],-1,-1,-1,,
7422,Altadar,22,[Armor Crysta],1,6,100,,
7421,Vintage Iron Box,1,[Usable],-1,0,0,,
7420,Steel Ring (Resist),18,[Special],-1,-1,-1,,
7419,Steel Ring (Flash),18,[Special],-1,-1,-1,,
7418,Steel Ring (Magic),18,[Special],-1,-1,-1,,
7417,Steel Ring (Power),18,[Special],-1,-1,-1,,
7416,Steel Helm,6,[Additional],-1,-1,-1,,
7415,Steel Mail M,8,[Armor],-1,-1,-1,,
7414,Steel Mail P,8,[Armor],-1,-1,-1,,
7413,Primordial Moonlit,21,[Weapon Crysta],1,6,100,,
7412,Crimson Moon Mystic Spear,26,[Halberd],275,1,137,,
7411,Crimson Moon Mystic Bow,9,[Bow],275,1,137,,
7410,Halloween Umbrella,6,[Additional],-1,-1,-1,,
7409,Halloween Teddy,6,[Additional],-1,-1,-1,,
7408,Dandy Wolf,6,[Additional],-1,-1,-1,,
7407,Mummy Head Wrap,6,[Additional],-1,-1,-1,,
7406,Crimson Moon Rag,14,[Material],-1,4,-1,,
7403,Eripmav,230,[Enhancer Crysta (Yellow)],1,6,100,,
7402,Broken Big Stake,14,[Material],26,3,26,,
7401,Leafie Gummy,1,[Usable],-1,5,-1,,
7400,Rattie Cookie,1,[Usable],-1,5,-1,,
7399,Cheeky Tongue,14,[Material],-1,1,-1,,
7398,Pumpkie Parfait,1,[Usable],-1,5,-1,,
7397,Spidey Chocolate,1,[Usable],-1,5,-1,,
7396,Ripe Pumpkin Fragment,14,[Material],-1,5,-1,,
7395,Amnis Rapier,4,[1 Handed Sword],260,3,130,,
7394,Amnis Staff,19,[Staff],260,3,130,,
7393,Red Ash Dragon Rudis,200,[Enhancer Crysta (Blue)],1,6,100,,
7392,Extremely Scary Face,14,[Material],32,1,32,,
7391,Thorny Hammer Tail,14,[Material],-1,1,-1,,
7390,Colorful Dragon Horn,14,[Material],30,1,30,,
7389,Red Ash Dragon Skin,14,[Material],-1,4,-1,,
7388,Vampire Hat,6,[Additional],-1,-1,-1,,
7387,Gradation Scarf,6,[Additional],115,4,57,,
7386,Sensitive Whisker,14,[Material],26,1,26,,
7385,Exoskeleton Tail,14,[Material],24,1,23,,
7384,Thick Claw,14,[Material],22,1,23,,
7383,Accuracy+16,20,[Normal Crysta],1,6,2,,
7382,Dark Red Eye,14,[Material],26,1,26,,
7381,Sharp Ear,14,[Material],24,1,24,,
7380,Sharp Clawed Wing,14,[Material],22,4,22,,
7379,Bitter Pumpkin Talisman,18,[Special],-1,-1,1,,
7378,Kuffania,200,[Enhancer Crysta (Blue)],1,6,100,,
7377,Poison Blood,14,[Material],-1,6,-1,,
7376,Bat Fang Arrow,7,[Arrow],-1,-1,-1,,
7375,Battie Scone,1,[Usable],-1,5,-1,,
7374,Bat Candy,1,[Usable],-1,5,-1,,
7373,Flexible Patagium,14,[Material],-1,1,-1,,
7372,Luxurie Shield,17,[Shield],220,3,110,,
7371,Boiled Lobster,1,[Usable],26,5,26,,
7370,Big Red Claw,1,[Usable],24,5,24,,
7369,Horned Carapace,14,[Material],22,1,22,,
7368,Fantica,230,[Enhancer Crysta (Yellow)],1,6,100,,
7367,Seahorse Herbal Medicine,14,[Material],-1,5,-1,,
7366,Diark,210,[Enhancer Crysta (Red)],1,6,25,,
7365,Gegner,220,[Enhancer Crysta (Green)],1,6,100,,
7364,Aubermight,22,[Armor Crysta],1,6,100,,
7363,Persimmon Coryn Forest,1,[Usable],1,6,1,,
7362,Aubergine Dragon Auvio,24,[Special Crysta],1,6,100,,
7361,Aubergine Armor,8,[Armor],-1,5,-1,,
7360,Romanian Eggplant Dip,1,[Usable],1,5,10,,
7359,Eggplant Skewer,1,[Usable],1,5,10,,
7358,Eggplant Tempura,1,[Usable],1,5,10,,
7357,Sweet Miso Eggplant,1,[Usable],1,5,10,,
7356,Miso-Marinated Eggplant,1,[Usable],1,5,10,,
7355,Eggplant Agebitashi,1,[Usable],1,5,10,,
7354,Mapo Eggplant,1,[Usable],1,5,10,,
7353,Roasted Eggplant,1,[Usable],1,5,10,,
7352,Lovely Autumn Arrow,7,[Arrow],-1,-1,-1,,
7351,Steel Leaf Knife,11,[Dagger],-1,-1,-1,,
7350,Chestnut Knuckles,13,[Knuckles],-1,-1,-1,,
7349,Autumn Leaf Wings,15,[Magic Device],-1,-1,-1,,
7348,Sweet Potato Hammer,5,[2 Handed Sword],-1,-1,-1,,
7347,Silver View Shrine,1,[Usable],1,6,1,,
7346,Sand-Covered Coin,14,[Material],-1,-1,-1,,
7345,Sea Fog Compass,18,[Special],-1,-1,-1,,
7344,Ghost Telescope,18,[Special],-1,-1,-1,,
7343,Cursed Gold Coin,18,[Special],-1,-1,-1,,
7342,Ocean Explorer,8,[Armor],-1,-1,-1,,
7341,Dragon Palace Arrow,7,[Arrow],-1,-1,-1,,
7340,Sea Ghost Wooden Box,1,[Usable],-1,-1,-1,,
7339,Megiston the Champion VI,210,[Enhancer Crysta (Red)],1,6,100,,
7338,Soleil The Heat Sword III,5,[2 Handed Sword],-1,3,-1,,
7337,Emotion Ticket V,1,[Usable],100,0,0,,
7336,Ocean Phantom Sword,4,[1 Handed Sword],-1,-1,-1,,
7335,Falburrows Feelers,15,[Magic Device],-1,-1,-1,,
7334,Emotion Ticket U,1,[Usable],100,0,0,,
7333,Falburrows,23,[Additional Crysta],1,6,100,,
7332,Sea Ghost Bone Fragment,14,[Material],-1,-1,-1,,
7331,Sea Ghost Tentacle,14,[Material],-1,-1,-1,,
7330,Wandering Soul,6,[Additional],-1,-1,-1,,
7329,Sun-Protective Robe,14,[Material],-1,-1,-1,,
7328,Floating Paper Lantern,6,[Additional],-1,-1,-1,,
7327,Summer Day Memory,14,[Material],24,6,5,,
7326,Bake-Danuki's Leaf,14,[Material],-1,-1,-1,,
7325,Beach Sand,14,[Material],-1,-1,-1,,
7324,Cooling Fan,19,[Staff],-1,-1,-1,,
7323,Watermelon Shield,17,[Shield],-1,-1,-1,,
7322,Beer Mug Head,6,[Additional],-1,-1,-1,,
7321,Goldfish Hairpin,6,[Additional],-1,-1,-1,,
7320,Paper Talisman,6,[Additional],-1,-1,-1,,
7319,Anniv Equipment Box VII,1,[Usable],300,0,0,,
7318,Anniv Equipment Box VI,1,[Usable],300,0,0,,
7312,Anniv Festive Arrow II,7,[Arrow],165,2,82,,
7311,Anniv Festive Arrow,7,[Arrow],100,2,50,,
7310,Anniv Festive Dagger IV,11,[Dagger],250,3,125,,
7309,Anniv Festive Arrow IV,7,[Arrow],250,2,125,,
7308,Anniversary Festive Garb IV,8,[Armor],220,4,110,,
7307,Anniversary Festive Garb IV,8,[Armor],220,4,110,,
7306,Emotion Ticket T,1,[Usable],100,0,0,,
7305,Celebration Cloth,14,[Material],1,4,-1,,
7304,8th Anniv Ribbon,6,[Additional],1,4,2,,
7303,8th Anniv Hat,6,[Additional],1,4,2,,
7302,Magiadd VI,1,[Usable],13,5,12,,
7301,8th Anniv Shield VI,17,[Shield],250,3,125,,
7300,8th Anniv Shield V,17,[Shield],230,3,115,,
7299,8th Anniv Shield IV,17,[Shield],210,3,105,,
7298,8th Anniv Shield III,17,[Shield],195,3,97,,
7297,8th Anniv Shield II,17,[Shield],175,3,87,,
7296,8th Anniv Shield,17,[Shield],150,3,75,,
7295,8th Anniv Katana VI,27,[Katana],250,3,125,,
7294,8th Anniv Katana VI,27,[Katana],250,3,125,,
7293,8th Anniv Katana V,27,[Katana],230,3,115,,
7292,8th Anniv Katana V,27,[Katana],230,3,115,,
7291,8th Anniv Katana IV,27,[Katana],210,3,105,,
7290,8th Anniv Katana IV,27,[Katana],210,3,105,,
7289,8th Anniv Katana III,27,[Katana],195,3,97,,
7288,8th Anniv Katana III,27,[Katana],195,3,97,,
7287,8th Anniv Katana II,27,[Katana],175,3,87,,
7286,8th Anniv Katana II,27,[Katana],175,3,87,,
7285,8th Anniv Katana,27,[Katana],150,3,75,,
7284,8th Anniv Katana,27,[Katana],150,3,75,,
7283,8th Anniv Halberd VI,26,[Halberd],250,3,125,,
7282,8th Anniv Halberd VI,26,[Halberd],250,3,125,,
7281,8th Anniv Halberd V,26,[Halberd],230,3,115,,
7280,8th Anniv Halberd V,26,[Halberd],230,3,115,,
7279,8th Anniv Halberd IV,26,[Halberd],210,3,105,,
7278,8th Anniv Halberd IV,26,[Halberd],210,3,105,,
7277,8th Anniv Halberd III,26,[Halberd],195,3,97,,
7276,8th Anniv Halberd III,26,[Halberd],195,3,97,,
7275,8th Anniv Halberd II,26,[Halberd],175,3,87,,
7274,8th Anniv Halberd II,26,[Halberd],175,3,87,,
7273,8th Anniv Halberd,26,[Halberd],150,3,75,,
7272,8th Anniv Halberd,26,[Halberd],150,3,75,,
7271,8th Anniv Knuckles VI,13,[Knuckles],250,3,125,,
7270,8th Anniv Knuckles VI,13,[Knuckles],250,3,125,,
7269,8th Anniv Knuckles V,13,[Knuckles],230,3,115,,
7268,8th Anniv Knuckles V,13,[Knuckles],230,3,115,,
7267,8th Anniv Knuckles IV,13,[Knuckles],210,3,105,,
7266,8th Anniv Knuckles IV,13,[Knuckles],210,3,105,,
7265,8th Anniv Knuckles III,13,[Knuckles],195,3,97,,
7264,8th Anniv Knuckles III,13,[Knuckles],195,3,97,,
7263,8th Anniv Knuckles II,13,[Knuckles],175,3,87,,
7262,8th Anniv Knuckles II,13,[Knuckles],175,3,87,,
7261,8th Anniv Knuckles,13,[Knuckles],150,3,75,,
7260,8th Anniv Knuckles,13,[Knuckles],150,3,75,,
7259,8th Anniv Wings VI,15,[Magic Device],250,6,125,,
7258,8th Anniv Wings VI,15,[Magic Device],250,6,125,,
7257,8th Anniv Wings V,15,[Magic Device],230,6,115,,
7256,8th Anniv Wings V,15,[Magic Device],230,6,115,,
7255,8th Anniv Wings IV,15,[Magic Device],210,6,105,,
7254,8th Anniv Wings IV,15,[Magic Device],210,6,105,,
7253,8th Anniv Wings III,15,[Magic Device],195,6,97,,
7252,8th Anniv Wings III,15,[Magic Device],195,6,97,,
7251,8th Anniv Wings II,15,[Magic Device],175,6,87,,
7250,8th Anniv Wings II,15,[Magic Device],175,6,87,,
7249,8th Anniv Wings,15,[Magic Device],150,6,75,,
7248,8th Anniv Wings,15,[Magic Device],150,6,75,,
7247,8th Anniv Staff VI,19,[Staff],250,2,125,,
7246,8th Anniv Staff VI,19,[Staff],250,2,125,,
7245,8th Anniv Staff V,19,[Staff],230,2,115,,
7244,8th Anniv Staff V,19,[Staff],230,2,115,,
7243,8th Anniv Staff IV,19,[Staff],210,2,105,,
7242,8th Anniv Staff IV,19,[Staff],210,2,105,,
7241,8th Anniv Staff III,19,[Staff],195,2,97,,
7240,8th Anniv Staff III,19,[Staff],195,2,97,,
7239,8th Anniv Staff II,19,[Staff],175,2,87,,
7238,8th Anniv Staff II,19,[Staff],175,2,87,,
7237,8th Anniv Staff,19,[Staff],150,2,75,,
7236,8th Anniv Staff,19,[Staff],150,2,75,,
7235,8th Anniv Bowgun VI,10,[Bowgun],250,2,125,,
7234,8th Anniv Bowgun VI,10,[Bowgun],250,2,125,,
7233,8th Anniv Bowgun V,10,[Bowgun],230,2,115,,
7232,8th Anniv Bowgun V,10,[Bowgun],230,2,115,,
7231,8th Anniv Bowgun IV,10,[Bowgun],210,2,105,,
7230,8th Anniv Bowgun IV,10,[Bowgun],210,2,105,,
7229,8th Anniv Bowgun III,10,[Bowgun],195,2,97,,
7228,8th Anniv Bowgun III,10,[Bowgun],195,2,97,,
7227,8th Anniv Bowgun II,10,[Bowgun],175,2,87,,
7226,8th Anniv Bowgun II,10,[Bowgun],175,2,87,,
7225,8th Anniv Bowgun,10,[Bowgun],150,2,75,,
7224,8th Anniv Bowgun,10,[Bowgun],150,2,75,,
7223,8th Anniv Bow VI,9,[Bow],250,2,125,,
7222,8th Anniv Bow VI,9,[Bow],250,2,125,,
7221,8th Anniv Bow V,9,[Bow],230,2,115,,
7220,8th Anniv Bow V,9,[Bow],230,2,115,,
7219,8th Anniv Bow IV,9,[Bow],210,2,105,,
7218,8th Anniv Bow IV,9,[Bow],210,2,105,,
7217,8th Anniv Bow III,9,[Bow],195,2,97,,
7216,8th Anniv Bow III,9,[Bow],195,2,97,,
7215,8th Anniv Bow II,9,[Bow],175,2,87,,
7214,8th Anniv Bow II,9,[Bow],175,2,87,,
7213,8th Anniv Bow,9,[Bow],150,2,75,,
7212,8th Anniv Bow,9,[Bow],150,2,75,,
7211,8th Anniv Greatsword VI,5,[2 Handed Sword],250,3,125,,
7210,8th Anniv Greatsword VI,5,[2 Handed Sword],250,3,125,,
7209,8th Anniv Greatsword V,5,[2 Handed Sword],230,3,115,,
7208,8th Anniv Greatsword V,5,[2 Handed Sword],230,3,115,,
7207,8th Anniv Greatsword IV,5,[2 Handed Sword],210,3,105,,
7206,8th Anniv Greatsword IV,5,[2 Handed Sword],210,3,105,,
7205,8th Anniv Greatsword III,5,[2 Handed Sword],195,3,97,,
7204,8th Anniv Greatsword III,5,[2 Handed Sword],195,3,97,,
7203,8th Anniv Greatsword II,5,[2 Handed Sword],175,3,87,,
7202,8th Anniv Greatsword II,5,[2 Handed Sword],175,3,87,,
7201,8th Anniv Greatsword,5,[2 Handed Sword],150,3,75,,
7200,8th Anniv Greatsword,5,[2 Handed Sword],150,3,75,,
7199,8th Anniv Sword VI,4,[1 Handed Sword],250,3,125,,
7198,8th Anniv Sword VI,4,[1 Handed Sword],250,3,125,,
7197,8th Anniv Sword V,4,[1 Handed Sword],230,3,115,,
7196,8th Anniv Sword V,4,[1 Handed Sword],230,3,115,,
7195,8th Anniv Sword IV,4,[1 Handed Sword],210,3,105,,
7194,8th Anniv Sword IV,4,[1 Handed Sword],210,3,105,,
7193,8th Anniv Sword III,4,[1 Handed Sword],195,3,97,,
7192,8th Anniv Sword III,4,[1 Handed Sword],195,3,97,,
7191,8th Anniv Sword II,4,[1 Handed Sword],175,3,87,,
7190,8th Anniv Sword II,4,[1 Handed Sword],175,3,87,,
7189,8th Anniv Sword,4,[1 Handed Sword],150,3,75,,
7188,8th Anniv Sword,4,[1 Handed Sword],150,3,75,,
7187,Golpom 8th Anniv Medal,14,[Material],90,6,30,,
7186,Silpom 8th Anniv Medal,14,[Material],75,6,25,,
7185,Bropom 8th Anniv Medal,14,[Material],60,6,20,,
7184,Gold 8th Anniv Medal,14,[Material],45,6,15,,
7183,Silver 8th Anniv Medal,14,[Material],30,6,10,,
7182,Bronze 8th Anniv Medal,14,[Material],15,6,5,,
7181,Wedding Dress,8,[Armor],300,6,1000,,
7180,Tuxedo,8,[Armor],300,6,1000,,
7179,Collared Short Cape,6,[Additional],-1,-1,-1,,
7178,Censor Bar,6,[Additional],-1,-1,-1,,
7177,Evil Aristo Defense Shackles,17,[Shield],245,3,122,,
7176,Aquila Glaive,26,[Halberd],-1,-1,-1,,
7175,Aquila Glaive,26,[Halberd],-1,-1,-1,,
7174,Evil Aristo Staff,19,[Staff],245,3,122,,
7173,Evil Aristo Staff,19,[Staff],245,3,122,,
7172,Vermio Bow,9,[Bow],220,2,110,,
7171,Vermio Bow,9,[Bow],220,2,110,,
7170,Frog Warrior Dagger,11,[Dagger],255,3,127,,
7169,Water Priest Robe,8,[Armor],255,4,127,,
7168,Zapo,220,[Enhancer Crysta (Green)],1,6,100,,
7167,Water Priest Draconic Horns,6,[Additional],127,1,63,,
7166,Frog Warrior Kung Fu Book,14,[Material],34,5,34,,
7165,Frog Warrior Armor Bit,14,[Material],30,3,30,,
7164,Frog Warrior Skin,14,[Material],26,4,26,,
7163,Vodre,24,[Special Crysta],1,6,100,,
7162,Aquamarine Pearl,14,[Material],30,6,6,,
7161,White Viper,27,[Katana],220,1,110,,
7160,Moist Thin Wing,14,[Material],27,4,27,,
7159,Puerta Stone,14,[Material],25,3,26,,
7158,Moist Thin Fin,14,[Material],23,4,23,,
7157,Sharp Baghnakhs,13,[Knuckles],220,3,110,,
7156,Glowing Petal,14,[Material],27,6,5,,
7155,Peach Leaf,14,[Material],25,5,25,,
7154,Peach Skin,14,[Material],23,5,23,,
7153,Waistlet,6,[Additional],117,3,58,,
7152,Baby Frog Oil,14,[Material],27,5,28,,
7151,Drifting Tattered Cloth,14,[Material],25,4,24,,
7150,Small Island Grass,14,[Material],23,5,23,,
7149,Solid Guard Helmet,6,[Additional],115,3,57,,
7148,Old Tortoise Mustache,14,[Material],26,1,26,,
7147,Eternal Shell,14,[Material],24,1,24,,
7146,Broken Old Wooden Rod,14,[Material],22,2,22,,
7145,Coral Peach Talisman,18,[Special],122,3,61,,
7144,Coral Pink Bubble,14,[Material],26,6,5,,
7143,Dusk Feeler,14,[Material],24,1,24,,
7142,Blue Slime,14,[Material],22,5,22,,
7141,Starfish Shuriken,18,[Special],122,1,61,,
7140,Deformed Hard Crystal,14,[Material],26,3,26,,
7139,Strange Thorn,14,[Material],24,1,24,,
7138,Poisonous Soft Skin,14,[Material],22,4,22,,
7137,Stellar Fighter,8,[Armor],-1,-1,-1,,
7136,Stellar Fighter (LRA),8,[Armor],-1,-1,-1,,
7135,Stellar Fighter (SRA),8,[Armor],-1,-1,-1,,
7134,Etoise,240,[Enhancer Crysta (Purple)],1,6,100,,
7133,Mystic Star Spear,26,[Halberd],-1,-1,-1,,
7132,Mysterious Music Box,1,[Usable],-1,6,-1,,
7131,Gothic Witch Hat,6,[Additional],-1,-1,-1,,
7130,Bunny Hood,6,[Additional],120,4,60,,
7129,Filrocas Arms,13,[Knuckles],240,1,120,,
7128,Filrocas Arms,13,[Knuckles],240,1,120,,
7127,Rime Wing,15,[Magic Device],220,6,110,,
7126,Rime Wing,15,[Magic Device],220,6,110,,
7125,Vegitos Bowgun,10,[Bowgun],220,3,110,,
7124,Vegitos Bowgun,10,[Bowgun],220,3,110,,
7123,Filrocas Sword,4,[1 Handed Sword],240,1,120,,
7122,Filrocas Sword,4,[1 Handed Sword],240,1,120,,
7121,Dominant Scythespear,26,[Halberd],250,1,125,,
7120,Dominantrum,15,[Magic Device],250,1,125,,
7119,Dominaredor,240,[Enhancer Crysta (Purple)],1,6,100,,
7118,Corroded Dragon Heart,14,[Material],34,6,6,,
7117,Corroded Dragon Horns,14,[Material],30,1,30,,
7116,Corroded Dragon Skin,14,[Material],26,4,26,,
7115,Lilicarolla,200,[Enhancer Crysta (Blue)],1,6,100,,
7114,Hexagonal Crystal,14,[Material],30,6,6,,
7113,Luxurie Sword,4,[1 Handed Sword],220,3,110,,
7112,Crimson Glow Sphere,14,[Material],27,6,5,,
7111,Strange Stalk,14,[Material],25,2,25,,
7110,Geometric Skin,14,[Material],23,4,23,,
7109,Aurora Sash,6,[Additional],117,6,58,,
7108,Frozen Stone,14,[Material],27,3,27,,
7107,Ice Crystal Tail,14,[Material],25,3,25,,
7106,Smooth Skin,14,[Material],23,4,23,,
7105,Vermio Bow,9,[Bow],220,2,110,,
7104,Strange Needle Arm,14,[Material],27,2,27,,
7103,Geometric Petal,14,[Material],25,5,25,,
7102,Pointed Shoulder,14,[Material],23,2,23,,
7101,Dodge+16,20,[Normal Crysta],1,6,2,,
7100,Ice Wolf Whiskers,14,[Material],26,4,26,,
7099,Ice Wolf Fur,14,[Material],24,4,24,,
7098,Cold Branch,14,[Material],22,2,22,,
7097,Teardrop,6,[Additional],110,5,55,,
7096,Crystallized Foot,14,[Material],24,3,24,,
7095,Crystallized Tail,14,[Material],22,3,22,,
7094,Ice Bird Talisman,18,[Special],122,1,61,,
7093,Cold Chicken,14,[Material],26,5,26,,
7092,Frozen Claw,14,[Material],24,1,24,,
7091,Frozen Feather,14,[Material],22,1,22,,
7090,DX Fighter II,220,[Enhancer Crysta (Green)],1,6,100,,
7089,Dr. Leonardo II,220,[Enhancer Crysta (Green)],1,6,100,,
7088,DX Bomber Pose,1,[Usable],100,0,0,,
7087,Phillip's Pose,1,[Usable],100,0,0,,
7086,Eagle Talon Pose,1,[Usable],100,0,0,,
7085,Secret Base Material,14,[Material],1,3,2,,
7084,Hero's Rag,14,[Material],40,4,20,,
7083,Vanquisher Mecha Wreck,14,[Material],40,3,20,,
7082,Blue Spinel Sword,27,[Katana],210,3,105,,
7081,Blue Spinel Sword,27,[Katana],210,3,105,,
7080,Big Horns,6,[Additional],-1,-1,-1,,
7079,Shaman Shoulder Pad,6,[Additional],-1,-1,-1,,
7078,Jade Hair Clip,6,[Additional],-1,-1,-1,,
7077,Dragon Cape,6,[Additional],-1,-1,-1,,
7076,Newsboy Cap,6,[Additional],-1,-1,-1,,
7075,Trickster Costume,8,[Armor],-1,-1,-1,,
7074,Trickster Costume,8,[Armor],-1,-1,-1,,
7073,Aeria Shield,17,[Shield],210,3,105,,
7072,Burning Ember Sword,27,[Katana],235,2,117,,
7071,Burning Ember Sword,27,[Katana],235,2,117,,
7070,Guard Bone Lance,26,[Halberd],230,1,115,,
7069,Guard Bone Lance,26,[Halberd],230,1,115,,
7068,Thermal Fists,13,[Knuckles],210,3,105,,
7067,Thermal Fists,13,[Knuckles],210,3,105,,
7066,Flammarem,15,[Magic Device],210,3,105,,
7065,Flammarem,15,[Magic Device],210,3,105,,
7064,Solar Staff,19,[Staff],210,3,105,,
7063,Solar Staff,19,[Staff],210,3,105,,
7062,Anchor Bowgun,10,[Bowgun],210,3,105,,
7061,Anchor Bowgun,10,[Bowgun],210,3,105,,
7060,Burning Ember Gun,10,[Bowgun],235,2,117,,
7059,Burning Ember Gun,10,[Bowgun],235,2,117,,
7058,Guard Bone Bow,9,[Bow],230,1,115,,
7057,Guard Bone Bow,9,[Bow],230,1,115,,
7056,Flamma Blade,5,[2 Handed Sword],210,3,105,,
7055,Flamma Blade,5,[2 Handed Sword],210,3,105,,
7054,Aeria Spada,4,[1 Handed Sword],210,3,105,,
7053,Aeria Spada,4,[1 Handed Sword],210,3,105,,
7052,Agradable,10,[Bowgun],250,3,125,,
7051,Brass Dragon Tail,14,[Material],-1,1,-1,,
7050,Brass Dragon Sword,27,[Katana],250,3,125,,
7049,Brass Dragon Reguita,210,[Enhancer Crysta (Red)],1,6,100,,
7048,Brass Dragon Trumpet Horn,14,[Material],-1,1,-1,,
7047,Brass Dragon Sharp Fang,14,[Material],-1,1,-1,,
7046,Broken Accessory Chip,14,[Material],23,3,23,,
7045,Charugon,200,[Enhancer Crysta (Blue)],1,6,100,,
7044,Dragon Slasher,5,[2 Handed Sword],-1,-1,-1,,
7043,Inferno Sac,14,[Material],27,6,5,,
7042,Anchor Bowgun,10,[Bowgun],210,3,105,,
7041,Big Neck Frill,14,[Material],26,1,26,,
7040,Half-Eaten Mushroom,14,[Material],24,5,24,,
7039,Dirty Weed,14,[Material],22,5,22,,
7038,Flamma Blade,5,[2 Handed Sword],210,3,105,,
7037,Burnt Wood Board,14,[Material],26,2,26,,
7036,Hot Dragon Scale,14,[Material],24,1,24,,
7035,Hot Dragon Claw,14,[Material],22,1,22,,
7034,Flammarem,15,[Magic Device],210,3,105,,
7033,Small Dragon Wing,14,[Material],26,4,26,,
7032,Boma Konda Ore,14,[Material],24,3,24,,
7031,Moist Pebble,14,[Material],22,3,22,,
7030,Thick Determined Eyebrows,6,[Additional],112,1,56,,
7029,Gorgeous Nose,14,[Material],25,1,25,,
7028,Big Black Claw,14,[Material],23,1,23,,
7027,Blackish Brown Bristles,14,[Material],21,1,21,,
7026,Schmet Hairpin,6,[Additional],112,5,56,,
7025,Saponin Tears,14,[Material],25,5,25,,
7024,Spiral Tail,14,[Material],23,1,23,,
7023,Head Leaf,14,[Material],21,5,21,,
7022,Aeria Shield,17,[Shield],210,3,105,,
7021,Owl's Pupil,14,[Material],25,6,5,,
7020,Gorgeous Plumicorn,14,[Material],23,4,23,,
7019,Jagged Feather,14,[Material],21,4,21,,
7018,Walican Horn,14,[Material],-1,1,-1,,
7017,Walican,220,[Enhancer Crysta (Green)],1,6,100,,
7016,Savon Bow,9,[Bow],-1,-1,-1,,
7015,Savon Spada,5,[2 Handed Sword],-1,-1,-1,,
7014,Mysterious Soap Liquid,14,[Material],33,6,6,,
7013,Walican Feather,14,[Material],-1,4,-1,,
7012,Tough Pelt Sack,14,[Material],25,4,25,,
7011,Kiton's Meat,1,[Usable],26,5,25,,
7010,Kiton's Wing,14,[Material],24,1,24,,
7009,Kiton's Horn Fragment,14,[Material],22,1,22,,
7008,ASPD+160,20,[Normal Crysta],1,6,2,,
7007,Solid Ear,14,[Material],24,1,24,,
7006,Dry Pelt,14,[Material],22,4,21,,
7005,Solar Staff,19,[Staff],210,3,105,,
7004,Rose Oil,14,[Material],26,5,27,,
7003,Sharp Stem,14,[Material],24,2,24,,
7002,Rose Leaf,14,[Material],26,5,26,,
7001,Orictoceras,200,[Enhancer Crysta (Blue)],1,6,100,,
7000,Stone Sternal Bone,14,[Material],27,1,27,,
6999,Sheep Hood,6,[Additional],110,4,55,,
6998,Pupil Gem,14,[Material],25,6,5,,
6997,Jabali Stone,14,[Material],23,3,24,,
6996,Sleek Horse Hair,14,[Material],21,4,22,,
6995,Rock Horn Beast Bangle,18,[Special],122,1,61,,
6994,Deadly Claw,14,[Material],25,1,25,,
6993,Growing Ore,14,[Material],23,3,23,,
6992,Stone Carapace,14,[Material],21,1,21,,
6991,Tomtits Gathering Spot,6,[Additional],110,1,55,,
6990,Dark Brown Seed,14,[Material],25,5,25,,
6989,Bleached Branch,14,[Material],23,2,23,,
6988,Bitter Leaf,14,[Material],21,5,21,,
6987,Chocolate Charm III,18,[Special],-1,-1,-1,,
6986,Chocolate Ring III,18,[Special],-1,-1,-1,,
6985,Angel Potum Chocolate,6,[Additional],-1,-1,-1,,
6984,Valentine's Day Apron,8,[Armor],-1,-1,-1,,
6983,Heart Chef Hat,6,[Additional],-1,-1,-1,,
6982,Broker Hat,6,[Additional],-1,-1,-1,,
6981,Goblin Rifle,10,[Bowgun],-1,-1,-1,,
6980,Emotion Ticket R,1,[Usable],100,0,0,,
6979,Amargon,230,[Enhancer Crysta (Yellow)],1,6,100,,
6978,Soldner,230,[Enhancer Crysta (Yellow)],1,6,100,,
6977,Broker Goblin,24,[Special Crysta],1,6,100,,
6976,Broker Mask,6,[Additional],-1,-1,-1,,
6975,Suspicious Order Form,14,[Material],-1,4,-1,,
6974,Bad Liquor,14,[Material],-1,5,-1,,
6973,Filthy Bag,14,[Material],-1,4,-1,,
6972,Hefty Knife,11,[Dagger],-1,-1,-1,,
6971,Heavy Chocolate,1,[Usable],-1,5,-1,,
6970,Cacao Paste,14,[Material],-1,5,-1,,
6969,Toe Beans Talisman,18,[Special],-1,-1,-1,,
6968,Silver Vine Chocolate,1,[Usable],-1,5,-1,,
6967,High Quality Sugar,14,[Material],-1,5,-1,,
6966,Pancake Hat,6,[Additional],-1,-1,-1,,
6965,Young Wafer,1,[Usable],-1,5,-1,,
6964,Cocoa Powder,14,[Material],-1,5,-1,,
6963,Wicked Dragon Twisted Horn,14,[Material],-1,1,-1,,
6962,Wicked Dragon Fazzino,210,[Enhancer Crysta (Red)],1,6,100,,
6961,Evil Aristo Defense Shackles,17,[Shield],245,3,122,,
6960,Evil Aristo Staff,19,[Staff],245,3,122,,
6959,Wicked Dragon Wing,14,[Material],-1,4,-1,,
6958,Wicked Dragon's Bristles,14,[Material],29,1,29,,
6957,Broken Handcuffs,14,[Material],25,3,25,,
6956,Trus,24,[Special Crysta],1,6,100,,
6955,Scorching Core,14,[Material],28,6,5,,
6954,Old Rock,14,[Material],26,3,26,,
6953,Hard Beard,14,[Material],24,1,24,,
6952,Mossy Spiked Ridge,14,[Material],21,2,21,,
6951,Iron Choker,6,[Additional],112,3,56,,
6950,Hot Glass,14,[Material],26,3,26,,
6949,Small Wing,14,[Material],24,1,23,,
6948,Lampstand Fragment,14,[Material],21,3,21,,
6947,Reaper Bow,9,[Bow],210,3,105,,
6946,Lantern Ember,14,[Material],26,5,26,,
6945,Round Tail,14,[Material],24,1,24,,
6944,Chiroptera Wing,14,[Material],21,1,21,,
6943,Sakura Kimono VI,8,[Armor],240,4,120,,
6942,Sunny Spring Arrow,7,[Arrow],240,6,120,,
6941,Round Sunglasses,6,[Additional],117,3,58,,
6940,Japanese Style Bucket Hat,6,[Additional],122,4,61,,
6939,Stylish Kasa,6,[Additional],122,2,61,,
6938,Ribbon Kanzashi,6,[Additional],117,3,58,,
6937,Warbler on the Head,6,[Additional],112,1,56,,
6936,Bear Warrior Obi,18,[Special],122,4,61,,
6935,Sakura Bear Charmstone,18,[Special],112,3,56,,
6934,Salmon Jerky Talisman,18,[Special],117,2,58,,
6933,Salmon Jerky Greatsword,5,[2 Handed Sword],-1,-1,-1,,
6932,Salmon Jerky Knuckles,13,[Knuckles],-1,-1,-1,,
6931,Sakura Warrior Halberd,26,[Halberd],240,6,120,,
6930,Sakura Warrior Staff,19,[Staff],240,6,120,,
6929,Sakura Warrior Halberd,26,[Halberd],240,6,120,,
6928,Sakura Warrior Staff,19,[Staff],240,6,120,,
6927,Sakura Warrior Halberd,26,[Halberd],240,6,120,,
6926,Sakura Warrior Staff,19,[Staff],240,6,120,,
6925,Baavgai Hat,6,[Additional],122,1,61,,
6924,Baavgai,220,[Enhancer Crysta (Green)],1,6,100,,
6923,Pink Orange Wicker Box,1,[Usable],180,2,90,,
6922,Swordsbear Treasured Sake,1,[Usable],31,5,31,,
6921,Swordsbear Fluffy Beard,14,[Material],27,1,27,,
6920,Mount Sakuraten Pebble,14,[Material],23,3,23,,
6919,Cherry Pink Certificate,14,[Material],1,6,2,,
6918,Sakura Warrior Emblem,14,[Material],10,6,10,,
6917,Ski Gloves,13,[Knuckles],-1,-1,-1,,
6916,Shovel Lance,26,[Halberd],-1,-1,-1,,
6915,Shovel Staff,19,[Staff],-1,-1,-1,,
6914,Shovel Blade,5,[2 Handed Sword],-1,-1,-1,,
6913,Ski Pole Sword,4,[1 Handed Sword],-1,-1,-1,,
6912,Orion's Sword (Snowball Event 2023),27,[Katana],165,6,82,,
6911,DL Memorial Badge,6,[Additional],-1,6,10000,,
6910,Windgrace Shield,17,[Shield],1,6,100,,
6909,Windgrace Shield,17,[Shield],1,6,100,,
6908,Windgrace Shield,17,[Shield],1,6,100,,
6907,Windgrace Shield,17,[Shield],1,6,100,,
6906,Windgrace Shield,17,[Shield],1,6,100,,
6905,Patriot Edge,27,[Katana],1,6,100,,
6904,Patriot Edge,27,[Katana],1,6,100,,
6903,Patriot Edge,27,[Katana],1,6,100,,
6902,Patriot Edge,27,[Katana],1,6,100,,
6901,Patriot Edge,27,[Katana],1,6,100,,
6900,Patriot Edge,27,[Katana],1,6,100,,
6899,Patriot Edge,27,[Katana],1,6,100,,
6898,Patriot Edge,27,[Katana],1,6,100,,
6897,Patriot Edge,27,[Katana],1,6,100,,
6896,Infini Glaive,26,[Halberd],1,6,100,,
6895,Infini Glaive,26,[Halberd],1,6,100,,
6894,Infini Glaive,26,[Halberd],1,6,100,,
6893,Infini Glaive,26,[Halberd],1,6,100,,
6892,Infini Glaive,26,[Halberd],1,6,100,,
6891,Infini Glaive,26,[Halberd],1,6,100,,
6890,Infini Glaive,26,[Halberd],1,6,100,,
6889,Infini Glaive,26,[Halberd],1,6,100,,
6888,Infini Glaive,26,[Halberd],1,6,100,,
6887,Audio Console,15,[Magic Device],1,6,100,,
6886,Audio Console,15,[Magic Device],1,6,100,,
6885,Audio Console,15,[Magic Device],1,6,100,,
6884,Audio Console,15,[Magic Device],1,6,100,,
6883,Audio Console,15,[Magic Device],1,6,100,,
6882,Audio Console,15,[Magic Device],1,6,100,,
6881,Audio Console,15,[Magic Device],1,6,100,,
6880,Audio Console,15,[Magic Device],1,6,100,,
6879,Audio Console,15,[Magic Device],1,6,100,,
6878,Sonic Megaphone,10,[Bowgun],1,6,100,,
6877,Sonic Megaphone,10,[Bowgun],1,6,100,,
6876,Sonic Megaphone,10,[Bowgun],1,6,100,,
6875,Sonic Megaphone,10,[Bowgun],1,6,100,,
6874,Sonic Megaphone,10,[Bowgun],1,6,100,,
6873,Sonic Megaphone,10,[Bowgun],1,6,100,,
6872,Sonic Megaphone,10,[Bowgun],1,6,100,,
6871,Sonic Megaphone,10,[Bowgun],1,6,100,,
6870,Sonic Megaphone,10,[Bowgun],1,6,100,,
6869,Lolliodd Magic Shield,17,[Shield],-1,-1,-1,,
6868,White Day Earrings,6,[Additional],-1,-1,-1,,
6867,Choco Biscuit Bear,6,[Additional],-1,-1,-1,,
6866,Coryn Cupcake,6,[Additional],-1,-1,-1,,
6865,Heart Chocolate Biscuit,6,[Additional],-1,-1,-1,,
6864,Emotion Ticket S,1,[Usable],100,0,0,,
6863,Sicanokami,240,[Enhancer Crysta (Purple)],1,6,100,,
6862,Cookie Wings,6,[Additional],-1,-1,-1,,
6861,Kruztor II,220,[Enhancer Crysta (Green)],1,6,100,,
6860,Crust Plate,6,[Additional],-1,-1,-1,,
6859,Cookie Horns,6,[Additional],-1,-1,-1,,
6858,Rolling Pin Staff,19,[Staff],-1,-1,-1,,
6857,Rolling Pin Sword,4,[1 Handed Sword],-1,-1,-1,,
6856,Mage Filecia,23,[Additional Crysta],1,6,100,,
6855,Heart-Shaped Spit Piece,14,[Material],-1,-1,-1,,
6854,Biscuit Horns,14,[Material],-1,-1,-1,,
6853,Star-Shaped Cookie,14,[Material],-1,-1,-1,,
6852,Spiny Leaf Arrow,7,[Arrow],175,5,87,,
6851,Leaf Cracker,1,[Usable],18,5,18,,
6850,Almond Powder,14,[Material],15,5,16,,
6849,Sable Bracelet,18,[Special],92,3,46,,
6848,Egg Sable,1,[Usable],18,5,18,,
6847,Rich-Tasting Egg,14,[Material],15,5,16,,
6846,Candy Paper Bag,6,[Additional],185,5,92,,
6845,Walnut Milk,1,[Usable],18,5,18,,
6844,Unsalted Butter,14,[Material],15,5,16,,
6843,Emotion Ticket Q,1,[Usable],100,0,0,,
6842,Emotion Ticket P,1,[Usable],100,0,0,,
6841,Emotion Ticket O,1,[Usable],100,0,0,,
6840,HATSUNE MIKU Microphone Stick,19,[Staff],-1,-1,-1,,
6839,Duplex Knuckles,13,[Knuckles],1,6,100,,
6838,Duplex Knuckles,13,[Knuckles],1,6,100,,
6837,Duplex Knuckles,13,[Knuckles],1,6,100,,
6836,Duplex Knuckles,13,[Knuckles],1,6,100,,
6835,Duplex Knuckles,13,[Knuckles],1,6,100,,
6834,Duplex Knuckles,13,[Knuckles],1,6,100,,
6833,Duplex Knuckles,13,[Knuckles],1,6,100,,
6832,Duplex Knuckles,13,[Knuckles],1,6,100,,
6831,Duplex Knuckles,13,[Knuckles],1,6,100,,
6830,Eternal Melody Staff,19,[Staff],1,6,100,,
6829,Eternal Melody Staff,19,[Staff],1,6,100,,
6828,Eternal Melody Staff,19,[Staff],1,6,100,,
6827,Eternal Melody Staff,19,[Staff],1,6,100,,
6826,Eternal Melody Staff,19,[Staff],1,6,100,,
6825,Eternal Melody Staff,19,[Staff],1,6,100,,
6824,Eternal Melody Staff,19,[Staff],1,6,100,,
6823,Eternal Melody Staff,19,[Staff],1,6,100,,
6822,Eternal Melody Staff,19,[Staff],1,6,100,,
6821,Latria Bow,9,[Bow],1,6,100,,
6820,Latria Bow,9,[Bow],1,6,100,,
6819,Latria Bow,9,[Bow],1,6,100,,
6818,Latria Bow,9,[Bow],1,6,100,,
6817,Latria Bow,9,[Bow],1,6,100,,
6816,Latria Bow,9,[Bow],1,6,100,,
6815,Latria Bow,9,[Bow],1,6,100,,
6814,Latria Bow,9,[Bow],1,6,100,,
6813,Latria Bow,9,[Bow],1,6,100,,
6812,Tone Blade,5,[2 Handed Sword],1,6,100,,
6811,Tone Blade,5,[2 Handed Sword],1,6,100,,
6810,Tone Blade,5,[2 Handed Sword],1,6,100,,
6809,Tone Blade,5,[2 Handed Sword],1,6,100,,
6808,Tone Blade,5,[2 Handed Sword],1,6,100,,
6807,Tone Blade,5,[2 Handed Sword],1,6,100,,
6806,Tone Blade,5,[2 Handed Sword],1,6,100,,
6805,Tone Blade,5,[2 Handed Sword],1,6,100,,
6804,Tone Blade,5,[2 Handed Sword],1,6,100,,
6803,Windgrace Sword,4,[1 Handed Sword],1,6,100,,
6802,Windgrace Sword,4,[1 Handed Sword],1,6,100,,
6801,Windgrace Sword,4,[1 Handed Sword],1,6,100,,
6800,Windgrace Sword,4,[1 Handed Sword],1,6,100,,
6799,Windgrace Sword,4,[1 Handed Sword],1,6,100,,
6798,Windgrace Sword,4,[1 Handed Sword],1,6,100,,
6797,Windgrace Sword,4,[1 Handed Sword],1,6,100,,
6796,Windgrace Sword,4,[1 Handed Sword],1,6,100,,
6795,Windgrace Sword,4,[1 Handed Sword],1,6,100,,
6794,Peismataris,17,[Shield],1,6,1000,,
6793,Modestia,27,[Katana],1,6,1000,,
6792,Tolerancia,26,[Halberd],1,6,1000,,
6791,Dignidad,13,[Knuckles],1,6,1000,,
6790,Temperament,15,[Magic Device],1,6,1000,,
6789,Reticencia,19,[Staff],1,6,1000,,
6788,Generos,10,[Bowgun],1,6,1000,,
6787,Metriofron,9,[Bow],1,6,1000,,
6786,Integridar,5,[2 Handed Sword],1,6,1000,,
6785,Evgenis,4,[1 Handed Sword],1,6,1000,,
6784,Zodiac Hat: Rabbit,6,[Additional],1,6,2,,
6783,Lunadore,23,[Additional Crysta],1,6,2,,
6782,Zodiac Rabbit Box,1,[Usable],1,0,-1,,
6781,Cat Claw Guardkissa,210,[Enhancer Crysta (Red)],1,6,100,,
6780,Dragon Guard Arrow,7,[Arrow],-1,-1,-1,,
6779,Zega VII,210,[Enhancer Crysta (Red)],1,6,100,,
6778,Guard Bone Lance,26,[Halberd],230,1,115,,
6777,Guard Bone Bow,9,[Bow],230,1,115,,
6776,Laureate Outfit,8,[Armor],-1,-1,-1,,
6775,Cruel Lamina,27,[Katana],215,1,107,,
6774,Cruel Wings,15,[Magic Device],215,1,107,,
6773,Poison Flame Dragon Halberd,26,[Halberd],220,1,110,,
6772,Poison Flame Dragon Bow,9,[Bow],220,1,110,,
6771,Zyvio Bowgun,10,[Bowgun],210,1,105,,
6770,Zyvio Blade,5,[2 Handed Sword],210,1,105,,
6769,ASPD+140,20,[Normal Crysta],1,6,2,,
6768,Hot Entisyrup,14,[Material],25,5,26,,
6767,Hard Body,14,[Material],23,1,23,,
6766,Hot Jaw,14,[Material],20,1,20,,
6765,Shady Hoodie,6,[Additional],107,4,53,,
6764,Dim Eyeball,14,[Material],25,6,5,,
6763,Beautiful Mineral,14,[Material],23,3,24,,
6762,Burglar's Cloth,14,[Material],20,4,20,,
6761,Blazing Tail Arrow,7,[Arrow],215,3,107,,
6760,Scorching Liquid,14,[Material],25,5,25,,
6759,Fervent Horn,14,[Material],23,1,23,,
6758,Fervent Tail,14,[Material],20,1,20,,
6757,Winter Outfit,8,[Armor],-1,-1,-1,,
6756,Xmas Sock,6,[Additional],-1,-1,-1,,
6755,Finpen Snowman,6,[Additional],-1,-1,-1,,
6754,Ornament Earrings,6,[Additional],-1,-1,-1,,
6753,Black Snow,14,[Material],10,6,30,,
6752,Santa Potum Plushie,6,[Additional],-1,-1,-1,,
6751,Illuminitor,20,[Normal Crysta],1,6,100,,
6750,Silver Star Ornament,14,[Material],-1,3,-1,,
6749,Cold Scrap,14,[Material],-1,3,-1,,
6748,Holy Night Rifle,10,[Bowgun],-1,-1,-1,,
6747,Holy Night Halberd,26,[Halberd],-1,-1,-1,,
6746,Xmas Princess in Black,21,[Weapon Crysta],1,6,100,,
6745,Holy Night Scarf,6,[Additional],-1,-1,-1,,
6744,Holy Night Muffler,6,[Additional],-1,-1,-1,,
6743,Black Velly,220,[Enhancer Crysta (Green)],1,6,100,,
6742,Cat Tail Hat,6,[Additional],1,4,2,,
6741,Azure Spear,26,[Halberd],210,1,105,,
6740,Thermal Fists,13,[Knuckles],210,3,105,,
6739,Scratch Knife,11,[Dagger],200,1,100,,
6738,Ice Wing Hair Ornament,6,[Additional],1,1,2,,
6737,Xmas Lights Hair Ornament,6,[Additional],1,3,2,,
6736,Stolen Box (Red),14,[Material],1,5,2,,
6735,Stolen Box (Blue),14,[Material],1,5,2,,
6734,Stolen Box (Green),14,[Material],1,5,2,,
6733,Gift Potum,6,[Additional],-1,-1,-1,,
6732,Coryn Mask,6,[Additional],-1,-1,-1,,
6731,Coryn Memorial Shield,17,[Shield],-1,-1,-1,,
6730,Pomie Chan II,210,[Enhancer Crysta (Red)],1,6,100,,
6729,Hero Potum III,210,[Enhancer Crysta (Red)],1,6,100,,
6728,Potum Staff,19,[Staff],-1,-1,-1,,
6727,Potum Popper,10,[Bowgun],-1,-1,-1,,
6726,Sacred Snow Crystal,14,[Material],-1,-1,-1,,
6725,Dexterity Talisman VI,18,[Special],125,2,100,,
6724,Speed Talisman VI,18,[Special],125,2,100,,
6723,Stamina Talisman VI,18,[Special],125,2,100,,
6722,Magic Talisman VI,18,[Special],125,2,100,,
6721,Muscle Talisman VI,18,[Special],125,2,100,,
6720,Scale Horns,6,[Additional],-1,-1,-1,,
6719,Seer's Veil,6,[Additional],-1,-1,-1,,
6718,Azure Spear,26,[Halberd],210,1,105,,
6717,Azure Spear,26,[Halberd],210,1,105,,
6716,Pholidota Shield,15,[Magic Device],230,3,115,,
6715,Pholidota Shield,15,[Magic Device],230,3,115,,
6714,Reaper Bow,9,[Bow],-1,-1,-1,,
6713,Reaper Bow,9,[Bow],-1,-1,-1,,
6712,Pholidota Blade,5,[2 Handed Sword],230,3,115,,
6711,Pholidota Blade,5,[2 Handed Sword],230,3,115,,
6710,Filrocas Sword,4,[1 Handed Sword],-1,-1,-1,,
6709,Filrocas Arms,13,[Knuckles],-1,-1,-1,,
6708,Filrocas Core,14,[Material],30,5,30,,
6707,Filrocas,220,[Enhancer Crysta (Green)],1,6,100,,
6706,Filrocas' Blue Eye,14,[Material],-1,6,-1,,
6705,Strange Crystal Fang,14,[Material],-1,1,-1,,
6704,Strange Rubber Fiber,14,[Material],25,1,25,,
6703,Blue Spinel Sword,27,[Katana],210,3,105,,
6702,Hard Incisor,14,[Material],24,1,24,,
6701,Wriggling Tactile Hair,14,[Material],22,4,22,,
6700,Aeria Spada,4,[1 Handed Sword],210,3,105,,
6699,Crooked Horn,14,[Material],26,1,26,,
6698,Swirling Membrane,14,[Material],24,4,24,,
6697,Strange Thin Wing,14,[Material],22,4,22,,
6696,Raptor Mask,6,[Additional],110,3,55,,
6695,Mutated Beak,14,[Material],26,1,26,,
6694,Sharp Crest,14,[Material],24,1,24,,
6693,Strange Feather,14,[Material],22,4,22,,
6692,Exdocus,230,[Enhancer Crysta (Yellow)],1,6,100,,
6691,Strange Eye,14,[Material],-1,6,-1,,
6690,Corroded Dragon Claw Sword,11,[Dagger],210,1,105,,
6689,Corroded Red Crystal,14,[Material],25,6,5,,
6688,Mutated Fang,14,[Material],23,1,23,,
6687,Mutated Dragon Claw,14,[Material],21,1,21,,
6686,Dragon Ring,18,[Special],105,1,52,,
6685,Stairway Pebble,14,[Material],25,3,25,,
6684,Solid Vertebra,14,[Material],23,1,23,,
6683,Mutated Dragon Leg,14,[Material],21,1,21,,
6682,DEX+7,20,[Normal Crysta],1,6,2,,
6681,Poisonous Fruit,1,[Usable],25,5,24,,
6680,Thin Eyeball,14,[Material],23,1,23,,
6679,Big Soft Shell,14,[Material],21,1,21,,
6678,Visphalanx (Magic Device),15,[Magic Device],1000,0,0,,
6677,Visphalanx (Knuckle),13,[Knuckles],1000,0,0,,
6676,Xellos' Staff,19,[Staff],1000,0,0,,
6675,Sword of Light (Katana),27,[Katana],1000,0,0,,
6674,Sword of Light (THS),5,[2 Handed Sword],1000,0,0,,
6673,Sword of Light (OHS),4,[1 Handed Sword],1000,0,0,,
6672,Stellar Ooze II,24,[Special Crysta],1,6,100,,
6671,Hell Stellar Bow,9,[Bow],-1,-1,-1,,
6670,Pride Glasses,6,[Additional],-1,-1,-1,,
6669,Coin Purse,6,[Additional],-1,-1,-1,,
6668,Ninja Costume,8,[Armor],-1,-1,-1,,
6667,Stoodie's Robe,8,[Armor],-1,-1,-1,,
6666,Laguna Sword,4,[1 Handed Sword],190,3,95,,
6665,Laguna Sword,4,[1 Handed Sword],190,3,95,,
6664,Purple Lightning Sword,27,[Katana],200,3,100,,
6663,Purple Lightning Sword,27,[Katana],200,3,100,,
6662,Oculasignio Knuckles,13,[Knuckles],-1,-1,-1,,
6661,Oculasignio Knuckles,13,[Knuckles],-1,-1,-1,,
6660,Combat Tonfa,13,[Knuckles],200,2,100,,
6659,Combat Tonfa,13,[Knuckles],200,2,100,,
6658,Oculasignio Fan Staff,19,[Staff],-1,-1,-1,,
6657,Oculasignio Fan Staff,19,[Staff],-1,-1,-1,,
6656,Klug Bowgun,10,[Bowgun],200,3,100,,
6655,Klug Bowgun,10,[Bowgun],200,3,100,,
6654,Sanctus Bow,9,[Bow],200,3,100,,
6653,Sanctus Bow,9,[Bow],200,3,100,,
6652,Luster Sword,4,[1 Handed Sword],200,3,100,,
6651,Luster Sword,4,[1 Handed Sword],200,3,100,,
6650,Trickster Wings,6,[Additional],-1,-1,-1,,
6649,Trickster Kerato,6,[Additional],-1,-1,-1,,
6648,Trickster Dragon Mimyugon,210,[Enhancer Crysta (Red)],1,6,100,,
6647,Trickster Costume,8,[Armor],-1,-1,-1,,
6646,Trickster Dragon Eye,14,[Material],-1,6,-1,,
6645,Trickster Dragon Skin,14,[Material],-1,1,-1,,
6644,Detached Tentacle,14,[Material],24,1,24,,
6643,Brassozard,200,[Enhancer Crysta (Blue)],1,6,100,,
6642,Red-Winged Dragon Bow,9,[Bow],-1,-1,-1,,
6641,Brassozard Claw,14,[Material],-1,1,-1,,
6640,Luster Staff,19,[Staff],200,2,100,,
6639,Concentrated Tar,14,[Material],25,5,26,,
6638,Iron Pipe,14,[Material],23,3,23,,
6637,Greasy Oil,14,[Material],21,5,21,,
6636,Storm Radar,15,[Magic Device],200,3,100,,
6635,Smoke Curse,14,[Material],25,3,25,,
6634,Solid Fuel,1,[Usable],23,5,24,,
6633,Shattered Silver Crest,14,[Material],21,3,21,,
6632,Dragon Slayer,5,[2 Handed Sword],200,3,100,,
6631,Nimble Tail,14,[Material],25,1,25,,
6630,Elongated Tongue,14,[Material],23,1,23,,
6629,Dented Chestplate,14,[Material],21,3,21,,
6628,Dragon Helmet,6,[Additional],110,1,55,,
6627,Brasso Claw,14,[Material],25,1,26,,
6626,Wyvern Horn,14,[Material],23,1,23,,
6625,Torn Dragon Wing,14,[Material],21,1,21,,
6624,Floral Hat,6,[Additional],105,5,52,,
6623,Sweet Nut,1,[Usable],25,5,26,,
6622,Cargo Woodchip,14,[Material],23,2,23,,
6621,Half-Eaten Fruit,1,[Usable],21,5,20,,
6620,Luster Shield,17,[Shield],200,3,100,,
6619,Blowtorch,14,[Material],25,6,5,,
6618,Eye Balloon Fragment,14,[Material],23,4,24,,
6617,Crushed Gas Canister,14,[Material],21,3,20,,
6616,INT+7,20,[Normal Crysta],1,6,2,,
6615,Sharp Dragon Fang,14,[Material],25,1,25,,
6614,Sharp Nail,14,[Material],23,1,23,,
6613,Torn Wing Membrane,14,[Material],21,1,21,,
6612,Mischievous Buckler,17,[Shield],245,6,122,,
6611,Dark Shaman Talisman,18,[Special],122,1,61,,
6610,Ghost Forest Dark Shaman,24,[Special Crysta],1,6,100,,
6609,Mummy Bandage Outfit,8,[Armor],-1,-1,-1,,
6608,Ghost's Sweets Basket,6,[Additional],-1,-1,-1,,
6607,Grim Reaper's Hood,6,[Additional],-1,-1,-1,,
6606,Head Plop Ghost,6,[Additional],-1,-1,-1,,
6605,Guide Ghost,6,[Additional],-1,-1,-1,,
6604,Halloween Hat,6,[Additional],-1,-1,-1,,
6603,Moonshade Candy,14,[Material],21,6,41,,
6602,Bewitched Lantern Gummy,14,[Material],21,6,43,,
6601,Squash Blade,5,[2 Handed Sword],230,1,115,,
6600,Squash Mace,4,[1 Handed Sword],230,1,115,,
6599,Squash Blade,5,[2 Handed Sword],230,1,115,,
6598,Squash Mace,4,[1 Handed Sword],230,1,115,,
6597,Squash Blade,5,[2 Handed Sword],230,1,115,,
6596,Squash Mace,4,[1 Handed Sword],230,1,115,,
6595,Sibylares,22,[Armor Crysta],1,6,100,,
6594,Dripping Spirit Dew,14,[Material],22,6,2,,
6593,Melancia,200,[Enhancer Crysta (Blue)],1,6,100,,
6592,Grilled Eggplant,1,[Usable],-1,5,-1,,
6591,Kitchen Knife,11,[Dagger],185,3,92,,
6590,Tomato Chips,1,[Usable],21,5,21,,
6589,Salad Dressing,14,[Material],19,5,19,,
6588,Tomato Seed,14,[Material],17,5,16,,
6587,Specter Arrow,7,[Arrow],185,5,92,,
6586,Specter Chocolate,1,[Usable],21,5,21,,
6585,Halloween Meteorite,14,[Material],19,3,20,,
6584,Holey Ragged Cloth,14,[Material],17,4,16,,
6583,Floating Pumpkin Lanterns,6,[Additional],185,5,92,,
6582,Melting Candy,1,[Usable],21,5,20,,
6581,Pumpkin Waistband,14,[Material],19,1,20,,
6580,Protruding Tongue,14,[Material],17,1,16,,
6579,Guitarist,241,Registlet,-1,-1,-1,,
6578,Heal Bank,241,Registlet,-1,-1,-1,,
6577,Focus Resonance,241,Registlet,-1,-1,-1,,
6576,Focus Demon Claw,241,Registlet,-1,-1,-1,,
6575,Chancy Trap,241,Registlet,-1,-1,-1,,
6574,Mana Crystal Catalyst,241,Registlet,-1,-1,-1,,
6573,Assassin Stab Enhancer,241,Registlet,-1,-1,-1,,
6572,Holy Light Retribution,241,Registlet,-1,-1,-1,,
6571,Binding Strike Modifier,241,Registlet,-1,-1,-1,,
6570,Silent P. Defense,241,Registlet,-1,-1,-1,,
6569,Lovely Bunny Hoodie,8,[Armor],240,4,120,,
6568,Moonlight Shield II,17,[Shield],225,6,112,,
6567,Moonlight Sword II,4,[1 Handed Sword],225,6,112,,
6566,Dango & Dango,13,[Knuckles],-1,6,1000,,
6565,Lively Dango,14,[Material],1,6,10,,
6564,Bunny Ribbon Hood,6,[Additional],120,4,60,,
6563,Bunny Button Hood,6,[Additional],120,4,60,,
6562,Exotic Waist Apron,6,[Additional],-1,-1,-1,,
6561,Flying Dragon Cape,6,[Additional],-1,-1,-1,,
6560,Eradicator Shield,17,[Shield],220,3,110,,
6559,Berg Spear,26,[Halberd],200,3,100,,
6558,Berg Spear,26,[Halberd],200,3,100,,
6557,Luster Staff,19,[Staff],-1,-1,-1,,
6556,Luster Staff,19,[Staff],-1,-1,-1,,
6555,Eradicator Bayonet,4,[1 Handed Sword],220,3,110,,
6554,Eradicator Bayonet,4,[1 Handed Sword],220,3,110,,
6553,Burning Dragon Claw,14,[Material],-1,1,-1,,
6552,Burning Dragon Igneus,230,[Enhancer Crysta (Yellow)],1,6,100,,
6551,Burning Ember Gun,10,[Bowgun],-1,-1,-1,,
6550,Burning Ember Sword,27,[Katana],-1,-1,-1,,
6549,Flowing Fiery Blood,14,[Material],-1,6,-1,,
6548,Burning Dragon Tail,14,[Material],28,1,28,,
6547,Burning Dragon Scale,14,[Material],24,1,24,,
6546,Galegon,220,[Enhancer Crysta (Green)],1,6,100,,
6545,Endless Storm,14,[Material],-1,6,-1,,
6544,STR+7,20,[Normal Crysta],1,6,2,,
6543,Quake Sound,14,[Material],25,6,5,,
6542,Dragon Hardstone,14,[Material],23,3,23,,
6541,Rugged Scute,14,[Material],21,4,21,,
6540,Purple Lightning Sword,27,[Katana],200,3,100,,
6539,Dragon Snake Shed,14,[Material],25,5,25,,
6538,Sharp Poison Fang,14,[Material],23,1,24,,
6537,Rough Skin,14,[Material],21,4,21,,
6536,Klug Bowgun,10,[Bowgun],200,3,100,,
6535,Flying Dragon Heart,14,[Material],25,5,25,,
6534,Flying Dragon Wing,14,[Material],23,1,23,,
6533,Flying Dragon Tail,14,[Material],21,1,21,,
6532,Holy Hood,6,[Additional],110,4,55,,
6531,Observant Eye,14,[Material],25,6,5,,
6530,Pure White Feather,14,[Material],23,1,23,,
6529,Simple Accessory Piece,14,[Material],21,3,21,,
6528,CSPD+140,20,[Normal Crysta],1,6,2,,
6527,Shining Flower,14,[Material],24,6,5,,
6526,Mist Droplet,14,[Material],22,5,21,,
6525,Mystical Wing,14,[Material],20,1,20,,
6524,Stump Drum,18,[Special],102,2,51,,
6523,Joyful Rhythm,14,[Material],24,6,5,,
6522,Stump,14,[Material],24,2,25,,
6521,Swirling Tail,14,[Material],20,1,20,,
6520,Tanuki Hat,6,[Additional],100,1,50,,
6519,Carved Wood Ornament,14,[Material],24,2,24,,
6518,Broken Boomerang,14,[Material],22,2,22,,
6517,Red & White Feather,14,[Material],20,1,20,,
6516,Vita Plus VI,1,[Usable],-1,-1,-1,,
6515,Big Takoyaki (Pack),1,[Usable],500,0,0,,
6514,Guardian's Mask,6,[Additional],-1,-1,-1,,
6513,Pure Ribbon,6,[Additional],-1,-1,-1,,
6512,Crimson Hachimaki,6,[Additional],-1,-1,-1,,
6511,Small Fox Mask,6,[Additional],-1,-1,-1,,
6510,Summer Shell III,14,[Material],10,6,30,,
6509,Summer Shell II,14,[Material],10,6,15,,
6508,Palanquin Carrier Garment,8,[Armor],-1,-1,-1,,
6507,Gigantic Octopus,20,[Normal Crysta],1,6,100,,
6506,Hachimaki Baby Octopus,6,[Additional],150,5,75,,
6505,Big Takoyaki (Ponzu),1,[Usable],62,0,0,,
6504,Big Takoyaki (Salt),1,[Usable],62,0,0,,
6503,Big Takoyaki (Soy Sauce),1,[Usable],62,0,0,,
6502,Big Takoyaki (Scallion),1,[Usable],62,0,0,,
6501,Big Takoyaki (Dashi),1,[Usable],62,0,0,,
6500,Big Takoyaki (Sauce),1,[Usable],62,0,0,,
6499,Octopus Tentacle,14,[Material],41,1,40,,
6498,Megiston the Champion V,210,[Enhancer Crysta (Red)],1,6,100,,
6497,Gladiator's Helm,6,[Additional],50,3,25,,
6496,Emotion Ticket M,1,[Usable],100,0,0,,
6495,7th Anniv Ribbon,6,[Additional],1,4,2,,
6494,7th Anniv Beret,6,[Additional],1,4,2,,
6493,Anniv Festive Ring III,18,[Special],112,2,56,,
6492,Anniv Festive Bangle III,18,[Special],112,2,56,,
6491,Emotion Ticket L,1,[Usable],100,0,0,,
6490,Flower Nectar Syrup,1,[Usable],10,5,6,,
6489,Regera VI,1,[Usable],-1,5,6,,
6488,Revita VIII,1,[Usable],-1,5,8,,
6487,Neo Wandering Wheel,230,[Enhancer Crysta (Yellow)],1,6,100,,
6486,Florizard,210,[Enhancer Crysta (Red)],1,6,100,,
6485,Mysterious Crystal,240,[Enhancer Crysta (Purple)],1,6,100,,
6484,Memorial Silk,14,[Material],1,4,6,,
6483,Anniversary Festive Garb III,8,[Armor],210,4,105,,
6482,Anniversary Festive Garb III,8,[Armor],210,4,105,,
6481,7th Anniv Shield VI,17,[Shield],230,3,115,,
6480,7th Anniv Shield V,17,[Shield],210,3,105,,
6479,7th Anniv Shield IV,17,[Shield],195,3,97,,
6478,7th Anniv Shield III,17,[Shield],175,3,87,,
6477,7th Anniv Shield II,17,[Shield],150,3,75,,
6476,7th Anniv Shield,17,[Shield],120,3,60,,
6475,7th Anniv Katana VI,27,[Katana],230,3,115,,
6474,7th Anniv Katana VI,27,[Katana],230,3,115,,
6473,7th Anniv Katana V,27,[Katana],210,3,105,,
6472,7th Anniv Katana V,27,[Katana],210,3,105,,
6471,7th Anniv Katana IV,27,[Katana],195,3,97,,
6470,7th Anniv Katana IV,27,[Katana],195,3,97,,
6469,7th Anniv Katana III,27,[Katana],175,3,87,,
6468,7th Anniv Katana III,27,[Katana],175,3,87,,
6467,7th Anniv Katana II,27,[Katana],150,3,75,,
6466,7th Anniv Katana II,27,[Katana],150,3,75,,
6465,7th Anniv Katana,27,[Katana],120,3,60,,
6464,7th Anniv Katana,27,[Katana],120,3,60,,
6463,7th Anniv Halberd VI,26,[Halberd],230,3,115,,
6462,7th Anniv Halberd VI,26,[Halberd],230,3,115,,
6461,7th Anniv Halberd V,26,[Halberd],210,3,105,,
6460,7th Anniv Halberd V,26,[Halberd],210,3,105,,
6459,7th Anniv Halberd IV,26,[Halberd],195,3,97,,
6458,7th Anniv Halberd IV,26,[Halberd],195,3,97,,
6457,7th Anniv Halberd III,26,[Halberd],175,3,87,,
6456,7th Anniv Halberd III,26,[Halberd],175,3,87,,
6455,7th Anniv Halberd II,26,[Halberd],150,3,75,,
6454,7th Anniv Halberd II,26,[Halberd],150,3,75,,
6453,7th Anniv Halberd,26,[Halberd],120,3,60,,
6452,7th Anniv Halberd,26,[Halberd],120,3,60,,
6451,7th Anniv Knuckles VI,13,[Knuckles],230,3,115,,
6450,7th Anniv Knuckles VI,13,[Knuckles],230,3,115,,
6449,7th Anniv Knuckles V,13,[Knuckles],210,3,105,,
6448,7th Anniv Knuckles V,13,[Knuckles],210,3,105,,
6447,7th Anniv Knuckles IV,13,[Knuckles],195,3,97,,
6446,7th Anniv Knuckles IV,13,[Knuckles],195,3,97,,
6445,7th Anniv Knuckles III,13,[Knuckles],175,3,87,,
6444,7th Anniv Knuckles III,13,[Knuckles],175,3,87,,
6443,7th Anniv Knuckles II,13,[Knuckles],150,3,75,,
6442,7th Anniv Knuckles II,13,[Knuckles],150,3,75,,
6441,7th Anniv Knuckles,13,[Knuckles],120,3,60,,
6440,7th Anniv Knuckles,13,[Knuckles],120,3,60,,
6439,7th Anniv Wings VI,15,[Magic Device],230,6,115,,
6438,7th Anniv Wings VI,15,[Magic Device],230,6,115,,
6437,7th Anniv Wings V,15,[Magic Device],210,6,105,,
6436,7th Anniv Wings V,15,[Magic Device],210,6,105,,
6435,7th Anniv Wings IV,15,[Magic Device],195,6,97,,
6434,7th Anniv Wings IV,15,[Magic Device],195,6,97,,
6433,7th Anniv Wings III,15,[Magic Device],175,6,87,,
6432,7th Anniv Wings III,15,[Magic Device],175,6,87,,
6431,7th Anniv Wings II,15,[Magic Device],150,6,75,,
6430,7th Anniv Wings II,15,[Magic Device],150,6,75,,
6429,7th Anniv Wings,15,[Magic Device],120,6,60,,
6428,7th Anniv Wings,15,[Magic Device],120,6,60,,
6427,7th Anniv Staff VI,19,[Staff],230,2,115,,
6426,7th Anniv Staff VI,19,[Staff],230,2,115,,
6425,7th Anniv Staff V,19,[Staff],210,2,105,,
6424,7th Anniv Staff V,19,[Staff],210,2,105,,
6423,7th Anniv Staff IV,19,[Staff],195,2,97,,
6422,7th Anniv Staff IV,19,[Staff],195,2,97,,
6421,7th Anniv Staff III,19,[Staff],175,2,87,,
6420,7th Anniv Staff III,19,[Staff],175,2,87,,
6419,7th Anniv Staff II,19,[Staff],150,2,75,,
6418,7th Anniv Staff II,19,[Staff],150,2,75,,
6417,7th Anniv Staff,19,[Staff],120,2,60,,
6416,7th Anniv Staff,19,[Staff],120,2,60,,
6415,7th Anniv Bowgun VI,10,[Bowgun],230,2,115,,
6414,7th Anniv Bowgun VI,10,[Bowgun],230,2,115,,
6413,7th Anniv Bowgun V,10,[Bowgun],210,2,105,,
6412,7th Anniv Bowgun V,10,[Bowgun],210,2,105,,
6411,7th Anniv Bowgun IV,10,[Bowgun],195,2,97,,
6410,7th Anniv Bowgun IV,10,[Bowgun],195,2,97,,
6409,7th Anniv Bowgun III,10,[Bowgun],175,2,87,,
6408,7th Anniv Bowgun III,10,[Bowgun],175,2,87,,
6407,7th Anniv Bowgun II,10,[Bowgun],150,2,75,,
6406,7th Anniv Bowgun II,10,[Bowgun],150,2,75,,
6405,7th Anniv Bowgun,10,[Bowgun],120,2,60,,
6404,7th Anniv Bowgun,10,[Bowgun],120,2,60,,
6403,7th Anniv Bow VI,9,[Bow],230,2,115,,
6402,7th Anniv Bow VI,9,[Bow],230,2,115,,
6401,7th Anniv Bow V,9,[Bow],210,2,105,,
6400,7th Anniv Bow V,9,[Bow],210,2,105,,
6399,7th Anniv Bow IV,9,[Bow],195,2,97,,
6398,7th Anniv Bow IV,9,[Bow],195,2,97,,
6397,7th Anniv Bow III,9,[Bow],175,2,87,,
6396,7th Anniv Bow III,9,[Bow],175,2,87,,
6395,7th Anniv Bow II,9,[Bow],150,2,75,,
6394,7th Anniv Bow II,9,[Bow],150,2,75,,
6393,7th Anniv Bow,9,[Bow],120,2,60,,
6392,7th Anniv Bow,9,[Bow],120,2,60,,
6391,7th Anniv Greatsword VI,5,[2 Handed Sword],230,3,115,,
6390,7th Anniv Greatsword VI,5,[2 Handed Sword],230,3,115,,
6389,7th Anniv Greatsword V,5,[2 Handed Sword],210,3,105,,
6388,7th Anniv Greatsword V,5,[2 Handed Sword],210,3,105,,
6387,7th Anniv Greatsword IV,5,[2 Handed Sword],195,3,97,,
6386,7th Anniv Greatsword IV,5,[2 Handed Sword],195,3,97,,
6385,7th Anniv Greatsword III,5,[2 Handed Sword],175,3,87,,
6384,7th Anniv Greatsword III,5,[2 Handed Sword],175,3,87,,
6383,7th Anniv Greatsword II,5,[2 Handed Sword],150,3,75,,
6382,7th Anniv Greatsword II,5,[2 Handed Sword],150,3,75,,
6381,7th Anniv Greatsword,5,[2 Handed Sword],120,3,60,,
6380,7th Anniv Greatsword,5,[2 Handed Sword],120,3,60,,
6379,7th Anniv Sword VI,4,[1 Handed Sword],230,3,115,,
6378,7th Anniv Sword VI,4,[1 Handed Sword],230,3,115,,
6377,7th Anniv Sword V,4,[1 Handed Sword],210,3,105,,
6376,7th Anniv Sword V,4,[1 Handed Sword],210,3,105,,
6375,7th Anniv Sword IV,4,[1 Handed Sword],195,3,97,,
6374,7th Anniv Sword IV,4,[1 Handed Sword],195,3,97,,
6373,7th Anniv Sword III,4,[1 Handed Sword],175,3,87,,
6372,7th Anniv Sword III,4,[1 Handed Sword],175,3,87,,
6371,7th Anniv Sword II,4,[1 Handed Sword],150,3,75,,
6370,7th Anniv Sword II,4,[1 Handed Sword],150,3,75,,
6369,7th Anniv Sword,4,[1 Handed Sword],120,3,60,,
6368,7th Anniv Sword,4,[1 Handed Sword],120,3,60,,
6367,Golpom 7th Anniv Medal,14,[Material],90,6,30,,
6366,Silpom 7th Anniv Medal,14,[Material],75,6,25,,
6365,Bropom 7th Anniv Medal,14,[Material],60,6,20,,
6364,Gold 7th Anniv Medal,14,[Material],45,6,15,,
6363,Silver 7th Anniv Medal,14,[Material],30,6,10,,
6362,Bronze 7th Anniv Medal,14,[Material],15,6,5,,
6361,Seria Crown,6,[Additional],300,6,100,,
6360,Seria Tiara,6,[Additional],300,6,100,,
6359,Guard Bone Lance,26,[Halberd],230,1,115,,
6358,Guard Bone Bow,9,[Bow],230,1,115,,
6357,Guard Golem,200,[Enhancer Crysta (Blue)],1,6,100,,
6356,Weredragon Golem Core,14,[Material],27,3,27,,
6355,Vicious Glare,14,[Material],32,6,6,,
6354,Giant Rock Shield Bit,14,[Material],25,1,25,,
6353,Crusher Arm,14,[Material],23,3,23,,
6352,Clip-On Hood,6,[Additional],115,4,57,,
6351,Ocarina Strap,6,[Additional],112,1,56,,
6350,Khalyps Mail,8,[Armor],190,3,95,,
6349,Khalyps Mail,8,[Armor],190,3,95,,
6348,Luster Shield,17,[Shield],200,3,100,,
6347,Poison Flame Dragon Halberd,26,[Halberd],220,1,110,,
6346,Poison Flame Dragon Halberd,26,[Halberd],220,1,110,,
6345,Poison Flame Dragon Bow,9,[Bow],220,1,110,,
6344,Poison Flame Dragon Bow,9,[Bow],220,1,110,,
6343,Wolkissa,24,[Special Crysta],1,6,100,,
6342,Holy Script gun,10,[Bowgun],230,6,115,,
6341,Cloudbow Light,14,[Material],26,6,10,,
6340,Combat Tonfa,13,[Knuckles],200,2,100,,
6339,Earth Leather,14,[Material],24,4,24,,
6338,Beige Sail,14,[Material],22,1,23,,
6337,Rock Scale,14,[Material],21,1,21,,
6336,Furball Accessories,6,[Additional],110,1,55,,
6335,Fleecy Cloud,14,[Material],24,1,24,,
6334,Cloud Cat Horn,14,[Material],22,1,22,,
6333,Cloud Cat Hairball,14,[Material],21,1,21,,
6332,Luster Sword,4,[1 Handed Sword],200,3,100,,
6331,Gloomy Gaze,14,[Material],26,6,5,,
6330,Hardened Eggshell,14,[Material],22,3,22,,
6329,Light Brown Tail Feather,14,[Material],21,1,21,,
6328,Clear Sky Ocarina,1,[Usable],-1,-1,-1,,
6327,Elf Berry Pot,1,[Usable],-1,-1,-1,,
6326,Protector Plate II,1,[Usable],-1,-1,-1,,
6325,Vigilant Skull,1,[Usable],-1,-1,-1,,
6324,Goodbye Hat,1,[Usable],-1,-1,-1,,
6323,Disguise Scarf,1,[Usable],-1,-1,-1,,
6322,Warm Fur Sheet,1,[Usable],-1,-1,-1,,
6321,Pedrio,210,[Enhancer Crysta (Red)],1,6,100,,
6320,Yatagarasu,27,[Katana],-1,-1,-1,,
6319,Legendary Raven Garb,8,[Armor],250,6,125,,
6318,Storm Radar,15,[Magic Device],200,3,100,,
6317,Storm Radar,15,[Magic Device],200,3,100,,
6316,Dragon Slayer,5,[2 Handed Sword],200,3,100,,
6315,Dragon Slayer,5,[2 Handed Sword],200,3,100,,
6314,Bicolor Stole,6,[Additional],115,4,57,,
6313,Wing Eyemask,6,[Additional],112,3,56,,
6312,Cruel Lamina,27,[Katana],215,1,107,,
6311,Cruel Lamina,27,[Katana],215,1,107,,
6310,Cruel Wings,15,[Magic Device],215,1,107,,
6309,Cruel Wings,15,[Magic Device],215,1,107,,
6308,Gordel's Caudal Armor,14,[Material],29,1,29,,
6307,Pholidota Blade,5,[2 Handed Sword],230,3,115,,
6306,Pholidota Shield,15,[Magic Device],230,3,115,,
6305,Gordel,220,[Enhancer Crysta (Green)],1,6,100,,
6304,Explosive Crystal,14,[Material],31,6,6,,
6303,Gordel's Claw,14,[Material],27,1,27,,
6302,Gordel's Shell,14,[Material],23,1,23,,
6301,Rampion,20,[Normal Crysta],1,6,100,,
6300,Devil's Skull,14,[Material],-1,6,-1,,
6299,Apple Beret,6,[Additional],107,5,53,,
6298,Wisp Fragment,14,[Material],25,6,5,,
6297,Tiger Arm Claw,14,[Material],23,1,22,,
6296,Serpent Tail Fang,14,[Material],21,1,22,,
6295,Berg Spear,26,[Halberd],200,3,100,,
6294,Poisonous Root Veggie,1,[Usable],25,5,25,,
6293,Mutated Outer Shell,14,[Material],23,1,23,,
6292,Geometric Membrane,14,[Material],21,1,21,,
6291,Sanctus Bow,9,[Bow],200,3,100,,
6290,Omitan Essence,1,[Usable],25,5,26,,
6289,Firm Meat,14,[Material],23,5,22,,
6288,Robust Shell,14,[Material],21,4,21,,
6287,MP+350,20,[Normal Crysta],1,6,2,,
6286,Black Stone Bone,14,[Material],23,1,23,,
6285,Scoop Eyepatch,6,[Additional],102,3,51,,
6284,Octo Bubble,14,[Material],23,5,23,,
6283,Conch Crown,14,[Material],21,1,20,,
6282,Flexible Tentacle,14,[Material],19,1,20,,
6281,Devil's Arrow,7,[Arrow],195,3,97,,
6280,Poison Crystal Tail,14,[Material],23,3,23,,
6279,Bone Scissors,14,[Material],21,1,21,,
6278,Strong Carapace,14,[Material],19,1,19,,
6277,Short Performance,241,Registlet,-1,-1,-1,,
6276,Speed Resonance,241,Registlet,-1,-1,-1,,
6275,Comrade Familia,241,Registlet,-1,-1,-1,,
6274,Tricky Shadow Walk,241,Registlet,-1,-1,-1,,
6273,Mega Royal Heal,241,Registlet,-1,-1,-1,,
6272,Rage Sword Enhancer,241,Registlet,-1,-1,-1,,
6271,Express Assault Attack,241,Registlet,-1,-1,-1,,
6270,Empty Charmstone,14,[Material],-1,6,-1,,
6269,Fine Sake (Pearl Sakura),14,[Material],10,6,9,,
6268,Cloak of Mist & Cloud,6,[Additional],225,4,112,,
6267,Goldigem,230,[Enhancer Crysta (Yellow)],1,6,100,,
6266,Glory Ring (Restore),18,[Special],-1,-1,-1,,
6265,Glory Ring (Melee),18,[Special],-1,-1,-1,,
6264,Glory Ring (Magic Sword),18,[Special],-1,-1,-1,,
6263,Glory Ring (Indirect),18,[Special],-1,-1,-1,,
6262,Glory Ring (Memory),18,[Special],-1,-1,-1,,
6261,Panda Head,6,[Additional],-1,-1,-1,,
6260,Panda Costume,8,[Armor],-1,-1,-1,,
6259,Panda Hood,6,[Additional],-1,-1,-1,,
6258,Golden Bamboo,14,[Material],-1,-1,-1,,
6257,Glory Ring Case,1,[Usable],-1,-1,-1,,
6256,Sakura Kimono,8,[Armor],-1,-1,-1,,
6255,Solar Halo,6,[Additional],-1,-1,-1,,
6254,Chonmage Eyepatch,6,[Additional],-1,-1,-1,,
6253,Crysmort,240,[Enhancer Crysta (Purple)],1,6,100,,
6252,Light Blue Wicker Box,1,[Usable],180,2,90,,
6251,Sinister Origami,14,[Material],23,5,23,,
6250,Torn Paper Crane,14,[Material],19,5,19,,
6249,Pearl Sakura Dagger,11,[Dagger],-1,2,-1,,
6248,Pearl Sakura Sword,4,[1 Handed Sword],-1,2,-1,,
6247,Pearl Sakura Greatsword,5,[2 Handed Sword],-1,2,-1,,
6246,Pearl Sakura Long Bow ,9,[Bow],-1,2,-1,,
6245,Pearl Sakura Staff,19,[Staff],-1,2,-1,,
6244,Pearl Sakura Gun ,10,[Bowgun],-1,2,-1,,
6243,Pearl Sakura Katashiro,15,[Magic Device],-1,2,-1,,
6242,Pearl Sakura Gloves,13,[Knuckles],-1,2,-1,,
6241,Pearl Sakura Halberd,26,[Halberd],-1,2,-1,,
6240,Pearl Sakura Mystic Sword,27,[Katana],-1,2,-1,,
6239,Pearl Sakura Arrow,7,[Arrow],-1,2,-1,,
6238,Robust Charmstone,18,[Special],-1,2,-1,,
6237,Adamantite Charmstone ,18,[Special],-1,2,-1,,
6236,Prajna Charmstone,18,[Special],-1,2,-1,,
6235,Rabbit Ear Glasses,6,[Additional],-1,-1,-1,,
6234,Easter Egg Pom Bag,6,[Additional],-1,-1,-1,,
6233,Extravagant Cape,6,[Additional],-1,-1,-1,,
6232,Parvenu Necklace,6,[Additional],-1,-1,-1,,
6231,Laguna Shield,17,[Shield],190,3,95,,
6230,Shirogane,27,[Katana],190,3,95,,
6229,Shirogane,27,[Katana],190,3,95,,
6228,Temple Spear,26,[Halberd],190,3,95,,
6227,Temple Spear,26,[Halberd],190,3,95,,
6226,Douse Knuckles,13,[Knuckles],190,3,95,,
6225,Douse Knuckles,13,[Knuckles],190,3,95,,
6224,Windchanter Staff,19,[Staff],190,2,95,,
6223,Windchanter Staff,19,[Staff],190,2,95,,
6222,Zyvio Bowgun,10,[Bowgun],210,1,105,,
6221,Zyvio Bowgun,10,[Bowgun],210,1,105,,
6220,Zyvio Blade,5,[2 Handed Sword],210,1,105,,
6219,Zyvio Blade,5,[2 Handed Sword],210,1,105,,
6218,Ignitrus,24,[Special Crysta],1,6,100,,
6217,Combat Knife,27,[Katana],-1,-1,-1,,
6216,Burning Desire,14,[Material],-1,6,-1,,
6215,Alchemy Belt,6,[Additional],102,5,51,,
6214,Mutated Backbone,14,[Material],23,1,22,,
6213,Strange Arm,14,[Material],21,1,21,,
6212,Geometric Wing,14,[Material],19,1,20,,
6211,Heavy Knight Helmet,6,[Additional],100,3,50,,
6210,Rhyolite,14,[Material],23,3,23,,
6209,Vulcani Stone,14,[Material],21,3,21,,
6208,Scorching Rock Fragment,14,[Material],19,3,19,,
6207,Valley Guardian Stone,18,[Special],102,3,51,,
6206,Magma Fruit,14,[Material],23,5,23,,
6205,Short Red Claw,14,[Material],21,1,21,,
6204,Heatproof Shell,14,[Material],19,1,19,,
6203,Evil Pearl,14,[Material],-1,6,-1,,
6202,Oculasignio,210,[Enhancer Crysta (Red)],1,6,100,,
6201,Oculasignio Knuckles,13,[Knuckles],-1,-1,-1,,
6200,Oculasignio Fan Staff,19,[Staff],-1,-1,-1,,
6199,Evil Crest Fan,14,[Material],-1,1,-1,,
6198,Evil Crest Shield Bit,14,[Material],27,3,27,,
6197,Corroded Bloody Spine,14,[Material],22,1,22,,
6196,Aeras Blade,5,[2 Handed Sword],190,3,95,,
6195,Blood Sweat,14,[Material],24,5,24,,
6194,Thick Hippo Fang,14,[Material],22,1,22,,
6193,Hippo Leather,14,[Material],20,4,20,,
6192,Clement Headband,6,[Additional],105,4,52,,
6191,Ardent Eye,14,[Material],24,6,5,,
6190,Fine Coal,14,[Material],22,3,22,,
6189,Burnt-Out Pebble,14,[Material],20,3,20,,
6188,Sunlight Wings,15,[Magic Device],190,3,95,,
6187,Magma Skin,14,[Material],22,3,22,,
6186,Molten Rock,14,[Material],20,3,20,,
6185,Dark Ninjutsu Scroll,28,[Ninjutsu Scroll],1,2,2,,
6184,Wind Ninjutsu Scroll,28,[Ninjutsu Scroll],1,2,2,,
6183,Earth Ninjutsu Scroll,28,[Ninjutsu Scroll],1,2,2,,
6182,Water Ninjutsu Scroll,28,[Ninjutsu Scroll],1,2,2,,
6181,Lightning Ninjutsu Scroll,28,[Ninjutsu Scroll],1,2,2,,
6180,Fire Ninjutsu Scroll,28,[Ninjutsu Scroll],1,2,2,,
6179,Metal Ninjutsu Scroll,28,[Ninjutsu Scroll],1,2,2,,
6178,Candy Scarf,6,[Additional],112,6,56,,
6177,Goggle Cape,6,[Additional],-1,-1,-1,,
6176,Viking Helmet,6,[Additional],100,1,50,,
6175,Macaron Potum,6,[Additional],-1,-1,-1,,
6174,Blue Heart Glasses,6,[Additional],-1,-1,-1,,
6173,Collar Tie,6,[Additional],-1,-1,-1,,
6172,Macaron Earmuffs,6,[Additional],-1,-1,-1,,
6171,Lolliodd Magic Halberd,26,[Halberd],220,6,110,,
6170,Lolliodd Magic Sword,5,[2 Handed Sword],220,6,110,,
6169,Evil Tiara,6,[Additional],110,6,55,,
6168,Lolliodd Magic Halberd,26,[Halberd],220,6,110,,
6167,Lolliodd Magic Sword,5,[2 Handed Sword],220,6,110,,
6166,Ritzy Ribbon,14,[Material],26,4,26,,
6165,Lolliodd Magic Halberd,26,[Halberd],220,6,110,,
6164,Lolliodd Magic Sword,5,[2 Handed Sword],220,6,110,,
6163,Evil Lefina,23,[Additional Crysta],1,6,100,,
6162,Troublesome Cookie Crumb,14,[Material],24,5,24,,
6161,Torn Wrapping Paper,14,[Material],20,5,20,,
6160,Rainbow Feather Cape,6,[Additional],82,1,41,,
6159,Sparkly Cream,14,[Material],18,5,19,,
6158,Apple Branch Dagger,11,[Dagger],165,2,82,,
6157,Fruit Pellicle,14,[Material],18,5,17,,
6156,Gleeful Vine Bangle,18,[Special],82,2,41,,
6155,Sweet and Sour Vine,14,[Material],18,5,18,,
6154,Lovely Wand,19,[Staff],200,6,100,,
6153,Orion's Sword (Snowball Event 2022),27,[Katana],165,6,82,,
6152,Pom Knitted Outfit Set,1,[Usable],-1,3,-1,,
6151,Comfy Pom Knit Sweater,8,[Armor],-1,-1,-1,,
6150,Pom Knit Cap,6,[Additional],-1,-1,-1,,
6149,Pile of Snow,6,[Additional],-1,-1,-1,,
6148,Clingy Snow Fox,6,[Additional],-1,-1,-1,,
6147,Long-Tailed Tit,6,[Additional],-1,-1,-1,,
6146,Hoop Earrings,6,[Additional],-1,-1,-1,,
6145,Rock Dragon Heavy Shield,17,[Shield],210,3,105,,
6144,Rock Dragon Bracers,13,[Knuckles],210,3,105,,
6143,Rock Dragon Bracers,13,[Knuckles],210,3,105,,
6142,Velum's Armor,14,[Material],28,3,28,,
6141,Eradicator Shield,17,[Shield],220,3,110,,
6140,Eradicator Bayonet,4,[1 Handed Sword],220,3,110,,
6139,Velum,210,[Enhancer Crysta (Red)],1,6,100,,
6138,Velum's Crystal Reactor,14,[Material],31,6,6,,
6137,Spherical Carapace,14,[Material],27,3,27,,
6136,Broken Shell Membrane,14,[Material],23,3,23,,
6135,Glaucius,220,[Enhancer Crysta (Green)],1,6,100,,
6134,Mutated Sphere Core,14,[Material],-1,-1,-1,,
6133,Shirogane,27,[Katana],190,3,95,,
6132,Mutated Rock,14,[Material],24,3,24,,
6131,Geometric Armor Bit,14,[Material],22,3,22,,
6130,Corroded Tentacle,14,[Material],20,1,20,,
6129,Lluvia Bow,9,[Bow],190,2,95,,
6128,Dangerous Cnidoblast,14,[Material],24,5,24,,
6127,Strange Claw,14,[Material],22,1,22,,
6126,Geometric Outer Shell,14,[Material],20,1,20,,
6125,Windchanter Staff,19,[Staff],190,2,95,,
6124,Mutated Floating Body,14,[Material],24,6,5,,
6123,Geometric Arm,14,[Material],22,1,22,,
6122,Strange Wing,14,[Material],20,1,20,,
6121,Traveler's Waistcloth,6,[Additional],97,4,48,,
6120,Jabot Pattern,14,[Material],23,5,22,,
6119,Grass Scarf,14,[Material],21,5,21,,
6118,Bamboo Leaf,14,[Material],19,5,19,,
6117,AGI+7,20,[Normal Crysta],1,6,2,,
6116,Round Pupil,14,[Material],23,6,5,,
6115,Strange Adductor Muscle,14,[Material],21,3,21,,
6114,Geometric Shell,14,[Material],19,3,19,,
6113,Beak Knife,11,[Dagger],190,1,95,,
6112,Armorlike Feather,14,[Material],23,1,23,,
6111,Hornlike Beak,14,[Material],21,1,21,,
6110,Broken Naruko,14,[Material],19,2,18,,
6109,Zero Stance,241,Registlet,-1,-1,-1,,
6108,Secret Combo,241,Registlet,-1,-1,-1,,
6107,Start Dash,241,Registlet,-1,-1,-1,,
6106,Single Meteor Strike,241,Registlet,-1,-1,-1,,
6105,Full Power Qi Charge,241,Registlet,-1,-1,-1,,
6104,Bloody Bite Enhancer,241,Registlet,-1,-1,-1,,
6103,Universal Ether Flare,241,Registlet,-1,-1,-1,,
6102,Power Resonance,241,Registlet,-1,-1,-1,,
6101,Secret Chase ATK Boost,241,Registlet,-1,-1,-1,,
6100,Extreme Concentrate,241,Registlet,-1,-1,-1,,
6099,Extreme Whack,241,Registlet,-1,-1,-1,,
6098,Frugal Heal,241,Registlet,-1,-1,-1,,
6097,Extra Recovery,241,Registlet,-1,-1,-1,,
6096,Frugal Shield Bash,241,Registlet,-1,-1,-1,,
6095,Decoy Shot Compress,241,Registlet,-1,-1,-1,,
6094,Berserk Control,241,Registlet,-1,-1,-1,,
6093,Dominant War Cry,241,Registlet,-1,-1,-1,,
6092,Mieli's Hat,6,[Additional],-1,-1,-1,,
6091,Pompadour Wig,6,[Additional],-1,-1,-1,,
6090,Messenger Bag,6,[Additional],-1,-1,-1,,
6089,Maiden,8,[Armor],210,4,105,,
6088,Maiden,8,[Armor],210,4,105,,
6087,Queen Bee Wings,15,[Magic Device],220,6,110,,
6086,Queen Bee Needle,4,[1 Handed Sword],220,6,110,,
6085,Queen Bee-races,13,[Knuckles],220,6,110,,
6084,Amoretto Potum,6,[Additional],-1,-1,-1,,
6083,Blue Rose Earrings,6,[Additional],-1,-1,-1,,
6082,Cake Parasol,6,[Additional],-1,-1,-1,,
6081,Love Letter Hat,6,[Additional],-1,-1,-1,,
6080,Heart Beret,6,[Additional],-1,-1,-1,,
6079,Queen Bee Arrow,7,[Arrow],1,5,2,,
6078,Queen Bee Wings,15,[Magic Device],220,6,110,,
6077,Queen Bee Needle,4,[1 Handed Sword],220,6,110,,
6076,Queen Bee-races,13,[Knuckles],220,6,110,,
6075,Gold Flower,14,[Material],26,5,26,,
6074,Yellow Petal,14,[Material],26,5,26,,
6073,Mieli,23,[Additional Crysta],1,6,100,,
6072,Queen Bee Wings,15,[Magic Device],220,6,110,,
6071,Queen Bee Needle,4,[1 Handed Sword],220,6,110,,
6070,Queen Bee-races,13,[Knuckles],220,6,110,,
6069,Royal Jelly,14,[Material],24,5,25,,
6068,Mieli's Lovely Wing,14,[Material],20,1,20,,
6067,Sunlight Wings,15,[Magic Device],-1,-1,-1,,
6066,Sunlight Wings,15,[Magic Device],-1,-1,-1,,
6065,Gemma Anello,19,[Staff],205,6,102,,
6064,Gemma Anello,19,[Staff],205,6,102,,
6063,Repeating Crossbow,10,[Bowgun],190,2,95,,
6062,Repeating Crossbow,10,[Bowgun],190,2,95,,
6061,Lluvia Bow,9,[Bow],-1,-1,-1,,
6060,Lluvia Bow,9,[Bow],-1,-1,-1,,
6059,Gemma Spada,4,[1 Handed Sword],180,6,90,,
6058,Gemma Spada,4,[1 Handed Sword],180,6,90,,
6057,Toxic Dragon Caudal Claw,14,[Material],29,1,29,,
6056,Poison Flame Dragon Bow,9,[Bow],220,1,110,,
6055,Poison Flame Dragon Halberd,26,[Halberd],220,1,110,,
6054,Vlam the Flame Dragon,210,[Enhancer Crysta (Red)],1,6,100,,
6053,Hot Poison Gland,14,[Material],31,5,31,,
6052,Red Purple Wingtalon,14,[Material],27,1,27,,
6051,Flame Dragon Carapace Scale,14,[Material],23,1,23,,
6050,Fire Bandana,6,[Additional],-1,-1,-1,,
6049,Blazingur,200,[Enhancer Crysta (Blue)],1,6,100,,
6048,Bloody Stone,14,[Material],-1,6,-1,,
6047,Blazing Mane,14,[Material],-1,4,-1,,
6046,Red Claw,14,[Material],-1,1,-1,,
6045,Temple Spear,26,[Halberd],190,3,95,,
6044,Sickle-Like Front Leg,14,[Material],22,1,22,,
6043,Elongated Insect Wings,14,[Material],20,1,19,,
6042,Douse Knuckles,13,[Knuckles],190,3,95,,
6041,Mycelial Skull,14,[Material],24,5,25,,
6040,Transparent Pileus,14,[Material],22,5,20,,
6039,Shining Gleba,14,[Material],20,5,21,,
6038,Fuse,6,[Additional],100,4,50,,
6037,Yomogi Dango,1,[Usable],24,5,23,,
6036,Electrified Tail,14,[Material],22,1,22,,
6035,Zigzag Skin,14,[Material],20,4,20,,
6034,Great Nature Talisman,18,[Special],95,2,47,,
6033,Tea Leaf,14,[Material],23,5,24,,
6032,Young Tree Bark,14,[Material],21,2,21,,
6031,Superfluous Branch,14,[Material],19,2,19,,
6030,Crystal Ear Cuffs,6,[Additional],95,3,47,,
6029,Lost Cat Mana,14,[Material],23,6,5,,
6028,Cat Wing,14,[Material],21,4,21,,
6027,Tiny Cat Claw,14,[Material],19,1,18,,
6026,Accuracy+14,20,[Normal Crysta],1,6,2,,
6025,Wisdom Charm,14,[Material],23,6,5,,
6024,Flumen Wood,14,[Material],21,2,22,,
6023,Wooden Wing,14,[Material],19,2,18,,
6022,Tiger Fists,13,[Knuckles],1,6,2,,
6021,Hagoita,17,[Shield],1,6,2,,
6020,Reverdie Halberd,26,[Halberd],1,6,2,,
6019,Birdie Wings,15,[Magic Device],1,6,2,,
6018,Exorcism Arrow,19,[Staff],1,6,2,,
6017,Zodiac Hat: Tiger,6,[Additional],1,6,2,,
6016,Purro,23,[Additional Crysta],1,6,2,,
6015,Zodiac Tiger Box,1,[Usable],1,0,-1,,
6014,Peismataris,17,[Shield],1,6,1000,,
6013,Modestia,27,[Katana],1,6,1000,,
6012,Tolerancia,26,[Halberd],1,6,1000,,
6011,Dignidad,13,[Knuckles],1,6,1000,,
6010,Temperament,15,[Magic Device],1,6,1000,,
6009,Reticencia,19,[Staff],1,6,1000,,
6008,Generos,10,[Bowgun],1,6,1000,,
6007,Metriofron,9,[Bow],1,6,1000,,
6006,Integridar,5,[2 Handed Sword],1,6,1000,,
6005,Evgenis,4,[1 Handed Sword],1,6,1000,,
6004,Silver Armor Bit,14,[Material],1,3,2,,
6003,Beastlord Shield,17,[Shield],205,3,102,,
6002,Beastlord Katana,27,[Katana],-1,-1,-1,,
6001,Beastlord Spear,26,[Halberd],-1,-1,-1,,
6000,Beastlord Knuckles,13,[Knuckles],-1,-1,-1,,
5999,Beastlord Wings,15,[Magic Device],-1,-1,-1,,
5998,Beastlord Staff,19,[Staff],-1,-1,-1,,
5997,Beastlord Gun,10,[Bowgun],-1,-1,-1,,
5996,Beastlord Bow,9,[Bow],-1,-1,-1,,
5995,Beastlord Greatsword,5,[2 Handed Sword],-1,-1,-1,,
5994,Beastlord Sword,4,[1 Handed Sword],-1,-1,-1,,
5993,Erudite Uniform,8,[Armor],-1,-1,-1,,
5992,Zega VI,210,[Enhancer Crysta (Red)],1,6,100,,
5991,Safari Hat,6,[Additional],92,4,46,,
5990,Inferno Curse Bow,9,[Bow],205,2,102,,
5989,Inferno Curse Greatsword,5,[2 Handed Sword],205,1,102,,
5988,Safety Helmet,6,[Additional],-1,-1,-1,,
5987,Shabby Bear,6,[Additional],-1,-1,-1,,
5986,Reptilian Shield,17,[Shield],180,1,90,,
5985,Homura,27,[Katana],180,3,90,,
5984,Homura,27,[Katana],180,3,90,,
5983,Wanderer's Spear,26,[Halberd],205,6,102,,
5982,Wanderer's Spear,26,[Halberd],205,6,102,,
5981,Antler Glaive,26,[Halberd],180,1,90,,
5980,Antler Glaive,26,[Halberd],180,1,90,,
5979,Holy Katar,13,[Knuckles],180,3,180,,
5978,Holy Katar,13,[Knuckles],180,3,180,,
5977,Wanderflasche,15,[Magic Device],205,6,102,,
5976,Wanderflasche,15,[Magic Device],205,6,102,,
5975,Vine Staff,19,[Staff],180,2,90,,
5974,Vine Staff,19,[Staff],180,2,90,,
5973,Aeras Blade,5,[2 Handed Sword],190,3,95,,
5972,Aeras Blade,5,[2 Handed Sword],190,3,95,,
5971,Reptilian Sword,4,[1 Handed Sword],180,1,90,,
5970,Reptilian Sword,4,[1 Handed Sword],180,1,90,,
5969,War Dragon Horn,14,[Material],-1,1,-1,,
5968,Fluorescent Dragon Stone,14,[Material],-1,6,-1,,
5967,Green Luminescent Black Claw,14,[Material],26,1,26,,
5966,Lime Shell,14,[Material],21,3,21,,
5965,Rugged Beard,14,[Material],23,1,22,,
5964,Bundled Tail,14,[Material],21,1,22,,
5963,Bloody Claw,14,[Material],19,1,19,,
5962,Jackal Fang,14,[Material],23,1,23,,
5961,Ramus Wood,14,[Material],21,2,22,,
5960,Jackal's Fur,14,[Material],19,4,19,,
5959,Tortoise Oil,14,[Material],23,5,23,,
5958,Serrated Beak,14,[Material],21,1,21,,
5957,Rock-Hard Carapace,14,[Material],19,3,19,,
5956,Dream Fragment,14,[Material],-1,6,-1,,
5955,Cracked Acorn Hat,14,[Material],22,2,20,,
5954,Huge Acorn,14,[Material],20,2,21,,
5953,Warm Tail,14,[Material],18,1,18,,
5952,Nightmare Gallstone,14,[Material],22,6,5,,
5951,Tough Thick Skin,14,[Material],20,4,20,,
5950,Soft Thicket,14,[Material],18,5,18,,
5949,Dodge+14,20,[Normal Crysta],1,6,2,,
5948,Gastrolith,14,[Material],22,3,22,,
5947,Durable Leather,14,[Material],20,4,20,,
5946,Pinecone Trichome,14,[Material],18,4,18,,
5945,Scrader Barrel,10,[Bowgun],80,3,40,,
5944,Scrader Barrel,10,[Bowgun],80,3,40,,
5943,Ice Spirit Spear,26,[Halberd],225,6,112,,
5942,Ice Spirit Spear,26,[Halberd],225,6,112,,
5941,Ice Spirit Gun,10,[Bowgun],225,6,112,,
5940,Ice Spirit Gun,10,[Bowgun],225,6,112,,
5939,Ice Spirit Sword,4,[1 Handed Sword],225,6,112,,
5938,Ice Spirit Sword,4,[1 Handed Sword],225,6,112,,
5937,Black Shadow Crossbow,10,[Bowgun],200,3,100,,
5936,Black Shadow Nodachi,27,[Katana],200,3,100,,
5935,Dull Crest,14,[Material],20,6,5,,
5934,Prudent Blue Shadow,230,[Enhancer Crysta (Yellow)],1,6,100,,
5933,Dutannen,200,[Enhancer Crysta (Blue)],1,6,100,,
5932,Santa Skirt,6,[Additional],-1,-1,-1,,
5931,Santa Hooded Cape,6,[Additional],180,4,90,,
5930,Gingerbread Man Shield,17,[Shield],-1,-1,-1,,
5929,Noeliel Talisman,18,[Special],-1,-1,-1,,
5928,Party Costume,8,[Armor],-1,-1,-1,,
5927,Party Dino Head,6,[Additional],-1,-1,-1,,
5926,Santa Potum Bag,6,[Additional],-1,-1,-1,,
5925,Christmas Tree,6,[Additional],-1,-1,-1,,
5924,Santa Scarf,6,[Additional],-1,-1,-1,,
5923,Cake Head,6,[Additional],-1,-1,-1,,
5922,Viking Helmet,6,[Additional],100,1,50,,
5921,Folklore Headband,6,[Additional],95,1,47,,
5920,Repeating Crossbow,10,[Bowgun],190,2,95,,
5919,Laguna Sword,4,[1 Handed Sword],190,3,95,,
5918,Laguna Shield,17,[Shield],190,3,95,,
5917,Gordo,230,[Enhancer Crysta (Yellow)],1,6,100,,
5916,War Dragon Turba,240,[Enhancer Crysta (Purple)],1,6,100,,
5915,Cruel Lamina,27,[Katana],215,1,107,,
5914,Cruel Wings,15,[Magic Device],215,1,107,,
5913,DX Fighter,22,[Armor Crysta],1,6,100,,
5912,DX Bomber Blockers,13,[Knuckles],-1,-1,-1,,
5911,Dr. Leonardo,22,[Armor Crysta],1,6,100,,
5910,Dr. Leonardo's Gun,10,[Bowgun],-1,-1,-1,,
5909,Phillip's Microphone,19,[Staff],-1,-1,-1,,
5908,Halloween Garb III,8,[Armor],-1,-1,-1,,
5907,Crimson One-Eyed Wolf,21,[Weapon Crysta],1,6,100,,
5906,Ghost Candy Staff,19,[Staff],-1,-1,-1,,
5905,Potum Ghost Behind U,6,[Additional],-1,-1,-1,,
5904,Nychterida,9,[Bow],-1,-1,-1,,
5903,Black Wing Knuckles,13,[Knuckles],-1,-1,-1,,
5902,Teertocrit,240,[Enhancer Crysta (Purple)],1,6,100,,
5901,Neewollah,230,[Enhancer Crysta (Yellow)],1,6,100,,
5900,Witch Cat on the Head,6,[Additional],-1,-1,-1,,
5899,Gloomy Pumpkin Head,6,[Additional],-1,-1,-1,,
5898,Frankenstein Bolt,6,[Additional],-1,-1,-1,,
5897,Wolf Ears,6,[Additional],-1,-1,-1,,
5896,Bat Ear Hat,6,[Additional],-1,-1,-1,,
5895,Dewclaw Dagger,11,[Dagger],190,1,95,,
5894,Sugar Cookie,1,[Usable],20,6,5,,
5893,Mischievous Pocket Watch,18,[Special],95,6,47,,
5892,Pumpkin Chips,1,[Usable],20,6,5,,
5891,Ghost Candy,6,[Additional],95,5,47,,
5890,Soul Pudding,1,[Usable],20,6,5,,
5889,Old Wolf Iron Lock,14,[Material],-1,3,-1,,
5854,Critical Charging Slash,241,Registlet,-1,0,0,,
5853,Spinning Slash Compress,241,Registlet,-1,0,0,,
5852,Earthbind Enhancer,241,Registlet,-1,0,0,,
5851,Shell Break Enhancer,241,Registlet,-1,0,0,,
5850,Power Wave Modifier,241,Registlet,-1,0,0,,
5849,Magic: Blast Catalyst,241,Registlet,-1,0,0,,
5848,Magic: Lances Catalyst,241,Registlet,-1,0,0,,
5847,Paralysis Shot Extender,241,Registlet,-1,0,0,,
5846,Arrow Rain Enhancer,241,Registlet,-1,0,0,,
5845,Spiral Air Enhancer,241,Registlet,-1,0,0,,
5844,Elemental Trigger Slash,241,Registlet,-1,0,0,,
5843,Final Resistance,241,Registlet,-1,0,0,,
5842,Neural Control,241,Registlet,-1,0,0,,
5841,Emergency MP Heal,241,Registlet,-1,0,0,,
5840,Emergency HP Heal,241,Registlet,-1,0,0,,
5839,Cat's Eye,241,Registlet,-1,0,0,,
5838,Poison Heal,241,Registlet,-1,0,0,,
5837,Pommel Strike Enhancer,241,Registlet,-1,0,0,,
5836,Issen Enhancer,241,Registlet,-1,0,0,,
5835,Cannon Spear Enhancer,241,Registlet,-1,0,0,,
5834,Flash Stab Enhancer,241,Registlet,-1,0,0,,
5833,Cross Parry Enhancer,241,Registlet,-1,0,0,,
5832,Twin Slash Enhancer,241,Registlet,-1,0,0,,
5831,Sonic Wave Enhancer,241,Registlet,-1,0,0,,
5830,Smash Enhancer,241,Registlet,-1,0,0,,
5829,Magic: Wall Enhancer,241,Registlet,-1,0,0,,
5828,Magic: Arrows Enhancer,241,Registlet,-1,0,0,,
5827,Bullseye Enhancer,241,Registlet,-1,0,0,,
5826,Power Shot Boost,241,Registlet,-1,0,0,,
5825,Sonic Blade Extender,241,Registlet,-1,0,0,,
5824,Hard Hit Enhancer,241,Registlet,-1,0,0,,
5823,Sunbath,241,Registlet,-1,0,0,,
5822,Wayfarer,241,Registlet,-1,0,0,,
5821,Magic Speed Boost,241,Registlet,-1,0,0,,
5820,Attack Speed Boost,241,Registlet,-1,0,0,,
5819,Dodge Boost,241,Registlet,-1,0,0,,
5818,Accuracy Boost,241,Registlet,-1,0,0,,
5817,Magic Defense Boost,241,Registlet,-1,0,0,,
5816,Physical Defense Boost,241,Registlet,-1,0,0,,
5815,Max MP Boost,241,Registlet,-1,0,0,,
5814,Max HP Boost,241,Registlet,-1,0,0,,
5813,Magic Attack Boost,241,Registlet,-1,0,0,,
5812,Physical Attack Boost,241,Registlet,-1,0,0,,
5811,Gender Switch Stone,14,[Material],-1,6,0,,
5810,Black Shadow Crystal,14,[Material],-1,6,0,,
5809,Inferno Curse Greatsword,5,[2 Handed Sword],205,1,102,,
5808,Inferno Curse Bow,9,[Bow],205,2,102,,
5807,Black Shadow Crossbow,10,[Bowgun],200,3,100,,
5806,Black Shadow Nodachi,27,[Katana],200,3,100,,
5805,Medic Hat,6,[Additional],-1,-1,0,,
5804,Tribal Turban,6,[Additional],-1,-1,0,,
5803,Kitty Tail,6,[Additional],-1,-1,0,,
5802,Kilt,6,[Additional],-1,-1,0,,
5801,Junior Dragon Black Thorn,14,[Material],26,1,26,,
5800,Junior Dragon Zyvio,23,[Additional Crysta],1,6,100,,
5799,Zyvio Bowgun,10,[Bowgun],210,1,105,,
5798,Zyvio Blade,5,[2 Handed Sword],210,1,105,,
5797,Junior Dragon Horn,14,[Material],29,1,29,,
5796,Zyvimmon,14,[Material],24,5,24,,
5795,Black Patagium,14,[Material],22,4,22,,
5794,Ferocious Beast Claws,13,[Knuckles],-1,-1,0,,
5793,Bullamius,200,[Enhancer Crysta (Blue)],-1,-1,0,,
5792,Monkey Energy,1,[Usable],-1,-1,0,,
5791,Menpo Mask,6,[Additional],100,4,50,,
5790,Monkey Fang,14,[Material],23,1,23,,
5789,Sharp Monkey Horn,14,[Material],21,1,21,,
5788,Monkey's Bristles,14,[Material],19,4,19,,
5787,Vine Staff,19,[Staff],180,2,90,,
5786,Mysterious Flower,14,[Material],23,5,23,,
5785,Hard Wood Board,14,[Material],21,2,21,,
5784,Strong Branch,14,[Material],19,2,19,,
5783,Forest Bow,9,[Bow],180,2,90,,
5782,Quality Material,14,[Material],23,2,24,,
5781,Big Ear,14,[Material],21,1,21,,
5780,Sharp Fur,14,[Material],19,4,19,,
5779,Road Sheep Talisman,18,[Special],92,1,46,,
5778,Sheep Crystal,14,[Material],22,6,5,,
5777,Twisted Thick Horn,14,[Material],20,1,20,,
5776,Beautiful Wool,14,[Material],18,4,18,,
5775,Furball Earrings,6,[Additional],95,4,47,,
5774,Outskirt Stone,14,[Material],22,3,22,,
5773,Sharp Ear Hair,14,[Material],20,1,19,,
5772,Thick Tail,14,[Material],18,1,18,,
5771,Luminary Reaver Wings,15,[Magic Device],180,3,90,,
5770,Black Bird Crest,14,[Material],20,1,20,,
5769,Glossy Feather,14,[Material],18,1,18,,
5768,Devil Dango,21,[Weapon Crysta],1,6,100,,
5767,Usamochi,220,[Enhancer Crysta (Green)],1,6,100,,
5766,Rabbit Lantern,6,[Additional],102,2,51,,
5765,Crescent Moon Helmet,6,[Additional],102,2,51,,
5764,Dango Hat,6,[Additional],100,6,50,,
5763,Queen of Hearts Staff,19,[Staff],220,3,110,,
5762,Queen of Hearts,26,[Halberd],220,3,110,,
5761,Hakuro Katana,27,[Katana],220,3,110,,
5760,Hakuro Greatsword,5,[2 Handed Sword],220,3,110,,
5759,Hakuro Sword,4,[1 Handed Sword],220,3,110,,
5758,Rainbow Orb,14,[Material],2750,0,0,,
5757,Ferzen the Rock Dragon,220,[Enhancer Crysta (Green)],-1,6,0,,
5756,Rock Dragon Heavy Shield,17,[Shield],210,3,105,,
5755,Rock Dragon Bracers,13,[Knuckles],210,3,105,,
5754,Terrestrial Tears,14,[Material],27,6,6,,
5753,Blue Rock,14,[Material],31,3,32,,
5752,Rock Dragon Armor Skin,14,[Material],26,4,27,,
5751,Rock Dragon Pebble,14,[Material],21,3,22,,
5750,Scholar's Glasses,6,[Additional],-1,3,0,,
5749,Scholar's Glasses,6,[Additional],-1,3,0,,
5748,Scholar's Glasses,6,[Additional],-1,3,0,,
5747,Scholar's Glasses,6,[Additional],-1,3,0,,
5746,Warrior Helm,6,[Additional],7,3,3,,
5745,Warrior Helm,6,[Additional],7,3,3,,
5744,Warrior Helm,6,[Additional],7,3,3,,
5743,Warrior Helm,6,[Additional],7,3,3,,
5742,Mage Hat,6,[Additional],-1,4,0,,
5741,Mage Hat,6,[Additional],-1,4,0,,
5740,Mage Hat,6,[Additional],-1,4,0,,
5739,Mage Hat,6,[Additional],-1,4,0,,
5738,Plate Armor,8,[Armor],35,3,17,,
5737,Silver Apple,14,[Material],100,0,0,,
5736,Mage Hat,6,[Additional],7,4,3,,
5735,Scholar's Glasses,6,[Additional],7,3,3,,
5734,Warrior Helm,6,[Additional],7,3,3,,
5733,Moon Dango,14,[Material],1,6,2,,
5732,Broken Dango Stand,14,[Material],13,2,14,,
5731,Devil Dango's Heart,14,[Material],30,6,6,,
5730,Desert Blade,5,[2 Handed Sword],180,3,90,,
5729,Dangerous Enzyme,14,[Material],25,5,24,,
5728,Thick Leaf,14,[Material],22,5,20,,
5727,Elastic Thorn,14,[Material],19,2,18,,
5726,Homura,27,[Katana],180,3,90,,
5725,Wonderful Stone,14,[Material],25,6,5,,
5724,Long Mane,14,[Material],22,4,22,,
5723,Striped Fur,14,[Material],19,4,19,,
5722,Forester's Hat,6,[Additional],100,4,50,,
5721,Speckled Egg,14,[Material],25,5,26,,
5720,Green Lizard Skin,14,[Material],22,1,22,,
5719,Short Mandibular Fang,14,[Material],19,1,18,,
5718,Arbogazella,21,[Weapon Crysta],-1,6,-1,,
5717,Guardian Forest Arrow,7,[Arrow],225,6,112,,
5716,Sacred Forest Sound,14,[Material],30,6,6,,
5715,Insect Cage,6,[Additional],95,2,50,,
5714,Bird Thigh,14,[Material],22,5,22,,
5713,Green Feather,14,[Material],20,1,20,,
5712,Hard Beak,14,[Material],18,1,18,,
5711,VIT+7,20,[Normal Crysta],1,6,2,,
5710,Herbivore's Spine,14,[Material],20,1,20,,
5709,Herbivore's Horn,14,[Material],18,1,18,,
5708,Life Branch Dagger,11,[Dagger],185,2,92,,
5707,Star Fruit,1,[Usable],22,5,21,,
5706,Sharp Wooden Horn,14,[Material],20,2,20,,
5705,Tree Branch,14,[Material],18,2,18,,
5704,Cosmic Spear,26,[Halberd],205,6,105,,
5703,Cosmic Sword,5,[2 Handed Sword],205,6,105,,
5702,Cosmic Spear,26,[Halberd],205,6,105,,
5701,Cosmic Sword,5,[2 Handed Sword],205,6,105,,
5700,Cosmic Spear,26,[Halberd],205,6,105,,
5699,Cosmic Sword,5,[2 Handed Sword],205,6,105,,
5698,Megiston the Champion IV,210,[Enhancer Crysta (Red)],1,6,100,,
5697,Emotion Ticket F,1,[Usable],100,0,0,,
5696,Ocean Dancer,8,[Armor],-1,-1,-1,,
5695,Midsummer Passion,21,[Weapon Crysta],-1,-1,-1,,
5694,Illusionary Pearl,14,[Material],100,6,100,,
5693,Aloha Sun,6,[Additional],175,6,33,,
5692,Finpen Backpack,6,[Additional],175,4,87,,
5691,Scuba Ranger Helmet,6,[Additional],185,3,92,,
5690,Mr. Fan,6,[Additional],175,3,87,,
5689,Finpen Buoy,6,[Additional],175,5,87,,
5688,Captain Amiya,24,[Special Crysta],1,6,100,,
5687,Lovely Bubble,14,[Material],23,6,5,,
5686,Yuveria,220,[Enhancer Crysta (Green)],1,6,100,,
5685,Scuba Ranger Suit,8,[Armor],185,4,92,,
5684,Scuba Ranger Tank,6,[Additional],185,3,92,,
5683,Soda Swimsuit,8,[Armor],1,4,100,,
5682,Yuveria's Huge Claw,14,[Material],23,1,23,,
5681,Huge Anchor,14,[Material],19,3,20,,
5680,Salty Rope,14,[Material],19,4,18,,
5679,Moist Moustache,14,[Material],17,1,18,,
5678,HP+700,20,[Normal Crysta],1,6,2,,
5677,Glowing Sea Talisman,18,[Special],87,6,43,,
5676,Sweet Shrimp,1,[Usable],19,5,18,,
5675,Peach Pink Antenna,14,[Material],17,1,17,,
5674,Seashell Shield,17,[Shield],175,6,10,,
5673,Seabed Crystal Stone,14,[Material],21,6,5,,
5672,Super Kelp,14,[Material],19,2,20,,
5671,Gigantic Shell,14,[Material],17,3,17,,
5670,Emotion Ticket D,1,[Usable],100,0,0,,
5669,Emotion Ticket E,1,[Usable],100,0,0,,
5668,Anniv Festive Ticket VI,14,[Material],100,0,0,,
5667,Anniv Festive Dagger III,11,[Dagger],210,3,105,,
5666,Anniv Festive Arrow III,7,[Arrow],210,2,105,,
5665,Anniversary Festive Garb II,8,[Armor],200,4,100,,
5664,Anniversary Festive Garb II,8,[Armor],200,4,100,,
5663,6th Anniv Hat,6,[Additional],1,4,2,,
5662,6th Anniv Ribbon,6,[Additional],1,4,2,,
5661,Memorial Cloth,14,[Material],1,4,2,,
5660,Anniv Equipment Box V,1,[Usable],300,0,0,,
5659,Anniv Equipment Box IV,1,[Usable],300,0,0,,
5658,Anniv Equipment Box III,1,[Usable],300,0,0,,
5657,Anniv Equipment Box II,1,[Usable],300,0,0,,
5656,Anniv Equipment Box I,1,[Usable],300,0,0,,
5655,6th Anniv Shield VI,17,[Shield],210,3,105,,
5654,6th Anniv Shield V,17,[Shield],195,3,97,,
5653,6th Anniv Shield IV,17,[Shield],175,3,87,,
5652,6th Anniv Shield III,17,[Shield],150,3,75,,
5651,6th Anniv Shield II,17,[Shield],120,3,60,,
5650,6th Anniv Shield,17,[Shield],85,3,42,,
5649,6th Anniv Katana VI,27,[Katana],210,3,105,,
5648,6th Anniv Katana VI,27,[Katana],210,3,105,,
5647,6th Anniv Katana V,27,[Katana],195,3,97,,
5646,6th Anniv Katana V,27,[Katana],195,3,97,,
5645,6th Anniv Katana IV,27,[Katana],175,3,87,,
5644,6th Anniv Katana IV,27,[Katana],175,3,87,,
5643,6th Anniv Katana III,27,[Katana],150,3,75,,
5642,6th Anniv Katana III,27,[Katana],150,3,75,,
5641,6th Anniv Katana II,27,[Katana],120,3,60,,
5640,6th Anniv Katana II,27,[Katana],120,3,60,,
5639,6th Anniv Katana,27,[Katana],85,3,42,,
5638,6th Anniv Katana,27,[Katana],85,3,42,,
5637,6th Anniv Halberd VI,26,[Halberd],210,3,105,,
5636,6th Anniv Halberd VI,26,[Halberd],210,3,105,,
5635,6th Anniv Halberd V,26,[Halberd],195,3,97,,
5634,6th Anniv Halberd V,26,[Halberd],195,3,97,,
5633,6th Anniv Halberd IV,26,[Halberd],175,3,87,,
5632,6th Anniv Halberd IV,26,[Halberd],175,3,87,,
5631,6th Anniv Halberd III,26,[Halberd],150,3,75,,
5630,6th Anniv Halberd III,26,[Halberd],150,3,75,,
5629,6th Anniv Halberd II,26,[Halberd],120,3,60,,
5628,6th Anniv Halberd II,26,[Halberd],120,3,60,,
5627,6th Anniv Halberd,26,[Halberd],85,3,42,,
5626,6th Anniv Halberd,26,[Halberd],85,3,42,,
5625,6th Anniv Knuckles VI,13,[Knuckles],210,3,105,,
5624,6th Anniv Knuckles VI,13,[Knuckles],210,3,105,,
5623,6th Anniv Knuckles V,13,[Knuckles],195,3,97,,
5622,6th Anniv Knuckles V,13,[Knuckles],195,3,97,,
5621,6th Anniv Knuckles IV,13,[Knuckles],175,3,87,,
5620,6th Anniv Knuckles IV,13,[Knuckles],175,3,87,,
5619,6th Anniv Knuckles III,13,[Knuckles],150,3,75,,
5618,6th Anniv Knuckles III,13,[Knuckles],150,3,75,,
5617,6th Anniv Knuckles II,13,[Knuckles],120,3,60,,
5616,6th Anniv Knuckles II,13,[Knuckles],120,3,60,,
5615,6th Anniv Knuckles,13,[Knuckles],85,3,42,,
5614,6th Anniv Knuckles,13,[Knuckles],85,3,42,,
5613,6th Anniv Wings VI,15,[Magic Device],210,6,105,,
5612,6th Anniv Wings VI,15,[Magic Device],210,6,105,,
5611,6th Anniv Wings V,15,[Magic Device],195,6,97,,
5610,6th Anniv Wings V,15,[Magic Device],195,6,97,,
5609,6th Anniv Wings IV,15,[Magic Device],175,6,87,,
5608,6th Anniv Wings IV,15,[Magic Device],175,6,87,,
5607,6th Anniv Wings III,15,[Magic Device],150,6,75,,
5606,6th Anniv Wings III,15,[Magic Device],150,6,75,,
5605,6th Anniv Wings II,15,[Magic Device],120,6,60,,
5604,6th Anniv Wings II,15,[Magic Device],120,6,60,,
5603,6th Anniv Wings,15,[Magic Device],85,6,42,,
5602,6th Anniv Wings,15,[Magic Device],85,6,42,,
5601,6th Anniv Staff VI,19,[Staff],210,2,105,,
5600,6th Anniv Staff VI,19,[Staff],210,2,105,,
5599,6th Anniv Staff V,19,[Staff],195,2,97,,
5598,6th Anniv Staff V,19,[Staff],195,2,97,,
5597,6th Anniv Staff IV,19,[Staff],175,2,87,,
5596,6th Anniv Staff IV,19,[Staff],175,2,87,,
5595,6th Anniv Staff III,19,[Staff],150,2,75,,
5594,6th Anniv Staff III,19,[Staff],150,2,75,,
5593,6th Anniv Staff II,19,[Staff],120,2,60,,
5592,6th Anniv Staff II,19,[Staff],120,2,60,,
5591,6th Anniv Staff,19,[Staff],85,2,42,,
5590,6th Anniv Staff,19,[Staff],85,2,42,,
5589,6th Anniv Bowgun VI,10,[Bowgun],210,2,105,,
5588,6th Anniv Bowgun VI,10,[Bowgun],210,2,105,,
5587,6th Anniv Bowgun V,10,[Bowgun],195,2,97,,
5586,6th Anniv Bowgun V,10,[Bowgun],195,2,97,,
5585,6th Anniv Bowgun IV,10,[Bowgun],175,2,87,,
5584,6th Anniv Bowgun IV,10,[Bowgun],175,2,87,,
5583,6th Anniv Bowgun III,10,[Bowgun],150,2,75,,
5582,6th Anniv Bowgun III,10,[Bowgun],150,2,75,,
5581,6th Anniv Bowgun II,10,[Bowgun],120,2,60,,
5580,6th Anniv Bowgun II,10,[Bowgun],120,2,60,,
5579,6th Anniv Bowgun,10,[Bowgun],85,2,42,,
5578,6th Anniv Bowgun,10,[Bowgun],85,2,42,,
5577,6th Anniv Bow VI,9,[Bow],210,2,105,,
5576,6th Anniv Bow VI,9,[Bow],210,2,105,,
5575,6th Anniv Bow V,9,[Bow],195,2,97,,
5574,6th Anniv Bow V,9,[Bow],195,2,97,,
5573,6th Anniv Bow IV,9,[Bow],175,2,87,,
5572,6th Anniv Bow IV,9,[Bow],175,2,87,,
5571,6th Anniv Bow III,9,[Bow],150,2,75,,
5570,6th Anniv Bow III,9,[Bow],150,2,75,,
5569,6th Anniv Bow II,9,[Bow],120,2,60,,
5568,6th Anniv Bow II,9,[Bow],120,2,60,,
5567,6th Anniv Bow,9,[Bow],85,2,42,,
5566,6th Anniv Bow,9,[Bow],85,2,42,,
5565,6th Anniv Greatsword VI,5,[2 Handed Sword],210,3,105,,
5564,6th Anniv Greatsword VI,5,[2 Handed Sword],210,3,105,,
5563,6th Anniv Greatsword V,5,[2 Handed Sword],195,3,97,,
5562,6th Anniv Greatsword V,5,[2 Handed Sword],195,3,97,,
5561,6th Anniv Greatsword IV,5,[2 Handed Sword],175,3,87,,
5560,6th Anniv Greatsword IV,5,[2 Handed Sword],175,3,87,,
5559,6th Anniv Greatsword III,5,[2 Handed Sword],150,3,75,,
5558,6th Anniv Greatsword III,5,[2 Handed Sword],150,3,75,,
5557,6th Anniv Greatsword II,5,[2 Handed Sword],120,3,60,,
5556,6th Anniv Greatsword II,5,[2 Handed Sword],120,3,60,,
5555,6th Anniv Greatsword,5,[2 Handed Sword],85,3,42,,
5554,6th Anniv Greatsword,5,[2 Handed Sword],85,3,42,,
5553,6th Anniv Sword VI,4,[1 Handed Sword],210,3,105,,
5552,6th Anniv Sword VI,4,[1 Handed Sword],210,3,105,,
5551,6th Anniv Sword V,4,[1 Handed Sword],195,3,97,,
5550,6th Anniv Sword V,4,[1 Handed Sword],195,3,97,,
5549,6th Anniv Sword IV,4,[1 Handed Sword],175,3,87,,
5548,6th Anniv Sword IV,4,[1 Handed Sword],175,3,87,,
5547,6th Anniv Sword III,4,[1 Handed Sword],150,3,75,,
5546,6th Anniv Sword III,4,[1 Handed Sword],150,3,75,,
5545,6th Anniv Sword II,4,[1 Handed Sword],120,3,60,,
5544,6th Anniv Sword II,4,[1 Handed Sword],120,3,60,,
5543,6th Anniv Sword,4,[1 Handed Sword],85,3,42,,
5542,6th Anniv Sword,4,[1 Handed Sword],85,3,42,,
5541,Anniv Festive Ticket,14,[Material],100,-1,-1,,
5540,Golpom 6th Anniv Medal,14,[Material],90,6,30,,
5539,Silpom 6th Anniv Medal,14,[Material],75,6,25,,
5538,Bropom 6th Anniv Medal,14,[Material],60,6,20,,
5537,Gold 6th Anniv Medal,14,[Material],45,6,15,,
5536,Silver 6th Anniv Medal,14,[Material],30,6,10,,
5535,Bronze 6th Anniv Medal,14,[Material],15,6,5,,
5534,Demon Empress Garb,8,[Armor],195,6,97,,
5533,Demon Empress Garb,8,[Armor],195,6,97,,
5532,Arachnid Claws,13,[Knuckles],200,1,100,,
5531,Arachnid Claws,13,[Knuckles],200,1,100,,
5530,Arachnid Sword,4,[1 Handed Sword],200,1,100,,
5529,Arachnid Sword,4,[1 Handed Sword],200,1,100,,
5528,Heat Crossbow,10,[Bowgun],180,3,90,,
5527,Heat Crossbow,10,[Bowgun],180,3,90,,
5526,Forest Bow,9,[Bow],180,2,90,,
5525,Forest Bow,9,[Bow],180,2,90,,
5524,Gemma,220,[Enhancer Crysta (Green)],1,6,100,,
5523,Gemma Anello,19,[Staff],205,6,102,,
5522,Gemma Spada,4,[1 Handed Sword],180,6,90,,
5521,Gemma's Jewel,14,[Material],25,6,5,,
5520,Starlight of Desire,14,[Material],26,6,5,,
5519,Gemma's Big Hoop,14,[Material],23,3,23,,
5518,Dully Glowing Metal Bit,14,[Material],20,3,20,,
5517,Rhinosaur,200,[Enhancer Crysta (Blue)],1,6,100,,
5516,Drill Shaft,26,[Halberd],225,3,112,,
5515,Adamantite Horn,14,[Material],28,1,28,,
5514,Quartz Arrow,7,[Arrow],180,3,90,,
5513,Quartz Powder,14,[Material],25,5,24,,
5512,Crushed Nut,14,[Material],22,5,22,,
5511,Muddy Pebble,14,[Material],19,3,18,,
5510,Antler Glaive,26,[Halberd],180,1,90,,
5509,Bold Gaze,14,[Material],25,6,5,,
5508,Hard Armor Skin,14,[Material],22,1,22,,
5507,Broken Horn,14,[Material],19,1,19,,
5506,Portable Sake Jug,6,[Additional],95,3,47,,
5505,Polka Dot Gemstone,14,[Material],25,6,5,,
5504,Lake Frog Skin,14,[Material],22,1,22,,
5503,Long Tongue,14,[Material],19,1,18,,
5502,Reptilian Sword,4,[1 Handed Sword],180,1,90,,
5501,Moss of Life,14,[Material],25,5,25,,
5500,Thick Epidermis,14,[Material],22,1,22,,
5499,Picnic Bag,6,[Additional],92,2,46,,
5498,Boar Meat,14,[Material],24,1,23,,
5497,Sweet-Scented Flower,14,[Material],21,5,21,,
5496,Soft Boar Fur,14,[Material],18,1,18,,
5495,Safari Hat,6,[Additional],92,4,46,,
5494,Moisturizing Mucus,14,[Material],24,5,24,,
5493,Lumpy Mushrooms,14,[Material],21,2,21,,
5492,Gigantic Fang,14,[Material],18,1,17,,
5491,Reptilian Shield,17,[Shield],180,1,90,,
5490,Black Leather,14,[Material],24,4,25,,
5489,Dark Purple Big Fin,14,[Material],18,1,18,,
5488,Glassy Scale,14,[Material],18,3,17,,
5487,Clawed Iron Witch,210,[Enhancer Crysta (Red)],1,6,100,,
5486,Maiden,8,[Armor],210,4,105,,
5485,Iron Witch Veil,6,[Additional],105,4,52,,
5484,Iron Witch Wings,6,[Additional],105,3,52,,
5483,Crimson Silk,14,[Material],28,4,28,,
5482,Bloody Cursed Chain,14,[Material],31,6,6,,
5481,Black Crystal Wing Fragment,14,[Material],26,3,26,,
5480,Terrifying Red Claw,14,[Material],21,1,21,,
5479,Star Wizard,24,[Special Crysta],1,6,100,,
5478,Stardust Shoulder Guard,6,[Additional],1,6,2,,
5477,Naiata's Tiara,6,[Additional],1,6,2,,
5476,Sorcery Revita,1,[Usable],1,5,10,,
5475,Naiata,1,[Usable],1,6,1,,
5474,Wind Slayer Chakram,13,[Knuckles],170,3,85,,
5473,Wind Slayer Chakram,13,[Knuckles],170,3,85,,
5472,Shell Orb,15,[Magic Device],170,3,85,,
5471,Shell Orb,15,[Magic Device],170,3,85,,
5470,Ryba Bow,9,[Bow],170,2,85,,
5469,Red Spider Lily,27,[Katana],170,5,85,,
5468,Red Spider Lily,27,[Katana],170,5,85,,
5467,Ryba Bow,9,[Bow],170,2,85,,
5466,Unity Tiara,6,[Additional],300,6,100,,
5465,Unity Crown,6,[Additional],300,6,100,,
5464,Sofys Talisman II,18,[Special],-1,0,0,,
5463,Weather Doll,6,[Additional],200,6,200,,
5462,Iris Ark Staff,19,[Staff],180,6,100,,
5461,Irestida,210,[Enhancer Crysta (Red)],1,6,100,,
5460,Wanderer's Spear,26,[Halberd],205,6,102,,
5459,Wanderflasche,15,[Magic Device],205,6,102,,
5458,Irestida's Bubble,14,[Material],27,5,27,,
5457,Irestida's Tail,14,[Material],22,1,23,,
5456,Amorphous Substance,14,[Material],25,5,25,,
5455,Strange Whirpool,14,[Material],29,6,5,,
5454,Irestida's Liquid,14,[Material],21,5,21,,
5453,Ghoulfish Buckler,17,[Shield],195,1,97,,
5452,Ghoulfish War Hammer,19,[Staff],195,3,97,,
5451,Ghoulfish War Hammer,19,[Staff],195,3,97,,
5450,Iron Ball Leg Cuff,6,[Additional],1,3,2,,
5449,Recorder,6,[Additional],95,3,47,,
5448,Dust Cloud Poncho,6,[Additional],92,4,46,,
5447,Lace Ribbon,6,[Additional],95,4,47,,
5446,Luminary Reaver Wings,15,[Magic Device],180,3,90,,
5445,Luminary Reaver Wings,15,[Magic Device],180,3,90,,
5444,Desert Blade,5,[2 Handed Sword],180,3,90,,
5443,Desert Blade,5,[2 Handed Sword],180,3,90,,
5442,Trocostida,230,[Enhancer Crysta (Yellow)],1,6,100,,
5441,Wriggling Latebra,14,[Material],24,6,5,,
5440,Specistida,18,[Special],95,5,47,,
5439,Energy Bottle EX,1,[Usable],22,6,5,,
5438,Glowing Liposome,14,[Material],20,5,20,,
5437,Viscous Liquid,14,[Material],18,5,18,,
5436,Holy Katar,13,[Knuckles],180,3,180,,
5435,Strange Ore,14,[Material],22,3,22,,
5434,Yellow Gelatin,1,[Usable],20,5,20,,
5433,Wet Sticky Cilium,14,[Material],18,1,18,,
5432,Heat Crossbow,10,[Bowgun],180,3,90,,
5431,Ether Lipid,14,[Material],22,6,5,,
5430,Soft-Boiled Egg,1,[Usable],20,5,20,,
5429,Mysterious Meringue,14,[Material],18,5,17,,
5428,Magic Yarn,14,[Material],1,6,100,,
5427,Pom Pom Halos,6,[Additional],1,0,0,,
5426,Clingy Potum,6,[Additional],1,4,50,,
5425,Head Plop Potum,6,[Additional],1,4,100,,
5424,Clingy Coryn,6,[Additional],1,4,50,,
5423,Head Plop Coryn,6,[Additional],1,4,100,,
5422,Clingy Raffy,6,[Additional],1,4,50,,
5421,Head Plop Raffy,6,[Additional],1,4,100,,
5420,Anniv Festive Dagger,11,[Dagger],100,3,50,,
5419,Potum Hood,6,[Additional],1,4,2,,
5418,Iris Armor,8,[Armor],-1,-1,-1,,
5417,Doctor Pom Pom,22,[Armor Crysta],1,6,100,,
5416,Hero Potum II,210,[Enhancer Crysta (Red)],1,6,100,,
5415,Potum Beans,1,[Usable],1,0,0,,
5414,Pom Biscuit,1,[Usable],1,0,0,,
5413,Potum Backpack,6,[Additional],-1,-1,0,,
5412,Pom Pom Staff Mace,19,[Staff],180,3,90,,
5411,Pom Pom Sword Mace,4,[1 Handed Sword],180,3,90,,
5410,Dreamy Arrow,7,[Arrow],180,6,90,,
5409,Scarlet Sakura Dagger,11,[Dagger],180,6,90,,
5408,Sakura Treasure Box,1,[Usable],1,-1,-1,,
5407,[Book of Ninja],1,[Usable],-1,-1,-1,,
5406,Ninja Costume,8,[Armor],180,4,90,,
5405,Yozakura Magic Device,15,[Magic Device],190,3,100,,
5404,Sakura Kimono V,8,[Armor],200,4,100,,
5403,Yozakura Katana,27,[Katana],190,3,95,,
5402,Yozakura Naginata,26,[Halberd],190,3,95,,
5401,Yozakura Knuckles,13,[Knuckles],190,3,95,,
5400,Yozakura Crescent Staff,19,[Staff],190,2,95,,
5399,Full Blossom Charmstone,18,[Special],-1,-1,-1,,
5398,Night Sakura Charmstone,18,[Special],-1,-1,-1,,
5397,Day Sakura Charmstone,18,[Special],-1,-1,-1,,
5396,Sakura Charmstone,18,[Special],-1,-1,-1,,
5395,Yozakura Handgun,10,[Bowgun],190,3,95,,
5394,Yozakura Crescent Bow,9,[Bow],190,2,95,,
5393,Yozakura Great Machete,5,[2 Handed Sword],190,3,95,,
5392,Yozakura Sword,4,[1 Handed Sword],190,3,95,,
5391,Lush Sake Cup,1,[Usable],10,6,8,,
5390,Alcoholic Petal,1,[Usable],23,5,23,,
5389,Sakura Liqueur,1,[Usable],27,5,28,,
5388,Scarlet Wicker Box,1,[Usable],180,2,90,,
5387,Broken Yozakura Twig,1,[Usable],19,2,18,,
5386,Dreamy Scarlet Sakura,220,[Enhancer Crysta (Green)],1,6,100,,
5385,†Dark Syndicate† Vilment,8,[Armor],220,6,110,,
5384,†Dark Syndicate† Vilment,8,[Armor],220,6,110,,
5383,Kinaco Scarf,6,[Additional],95,6,47,,
5382,Traffic Cone Earmuffs,6,[Additional],100,6,50,,
5381,Granny on Shoulder,6,[Additional],95,6,47,,
5380,Gift from the Syndicate,1,[Usable],1000,0,0,,
5379,Yashiro Azuki's Mom II,230,[Enhancer Crysta (Yellow)],1,6,100,,
5378,†Dark Lord†,230,[Enhancer Crysta (Yellow)],1,6,100,,
5377,Panchos Kita Makura,20,[Normal Crysta],1,6,2,,
5376,Kinaco Earmuffs,6,[Additional],1,-1,-1,,
5375,Inferno Curse Bow,9,[Bow],205,2,102,,
5374,Inferno Curse Greatsword,5,[2 Handed Sword],205,1,102,,
5373,Flame Horn,14,[Material],27,1,27,,
5372,Cursed Stake,14,[Material],29,6,6,,
5371,Inferno Curse Bone Feather,14,[Material],25,1,24,,
5370,Inferno Curse Cloth Scrap,14,[Material],21,4,20,,
5369,Crystal Horns,6,[Additional],110,1,55,,
5368,Charred Salamander Meat,14,[Material],31,5,30,,
5367,Powerful Jagged Tooth,14,[Material],27,1,27,,
5366,Slimy Hide,14,[Material],23,4,24,,
5365,Riverine Barrel,10,[Bowgun],170,3,85,,
5364,Broken Aquaball,14,[Material],19,3,18,,
5363,Thin Foot Hair,14,[Material],17,1,17,,
5362,Jade Lance,26,[Halberd],170,3,85,,
5361,Spirabol's Heart,14,[Material],21,6,5,,
5360,Spiral Trunk,14,[Material],19,2,19,,
5359,Branch Arm,14,[Material],17,2,17,,
5358,Shark Hood,6,[Additional],87,4,43,,
5357,Cucumber Rice Bowl,14,[Material],21,5,20,,
5356,Broken Goggles,14,[Material],17,3,16,,
5355,Painless Left Arm,18,[Special],1,6,50,,
5354,Escudo Blade,5,[2 Handed Sword],170,3,85,,
5353,Turbid Particle,14,[Material],19,5,20,,
5352,Spike Earrings,6,[Additional],-1,-1,-1,,
5351,Hoop Skirt,6,[Additional],92,4,46,,
5350,Rose Bonnet,6,[Additional],-1,-1,-1,,
5349,Demon Empress Sword,4,[1 Handed Sword],195,6,97,,
5348,Demon Empress Greatsword,5,[2 Handed Sword],195,6,97,,
5347,Demon Empress Bowgun,10,[Bowgun],195,6,97,,
5346,Demon Empress Staff,19,[Staff],195,6,97,,
5345,Demon Empress Magic Device,15,[Magic Device],195,6,97,,
5344,Demon Empress Knuckles,13,[Knuckles],195,6,97,,
5343,Demon Empress Spear,26,[Halberd],195,6,97,,
5342,Demon Empress Katana,27,[Katana],195,6,97,,
5341,Demon Empress Sword,4,[1 Handed Sword],195,6,97,,
5340,Demon Empress Greatsword,5,[2 Handed Sword],195,6,97,,
5339,Demon Empress Bowgun,10,[Bowgun],195,6,97,,
5338,Demon Empress Staff,19,[Staff],195,6,97,,
5337,Demon Empress Magic Device,15,[Magic Device],195,6,97,,
5336,Demon Empress Knuckles,13,[Knuckles],195,6,97,,
5335,Demon Empress Spear,26,[Halberd],195,6,97,,
5334,Demon Empress Katana,27,[Katana],195,6,97,,
5333,Demon Empress Bow,9,[Bow],195,6,97,,
5332,Royal Ox King,230,[Enhancer Crysta (Yellow)],-1,-1,-1,,
5331,Pillow Kitagawa,230,[Enhancer Crysta (Yellow)],-1,-1,-1,,
5330,Ox King,23,[Additional Crysta],-1,-1,-1,,
5329,Pillow Kitagawa's Hat,6,[Additional],-1,-1,-1,,
5328,Demon Empress Bow,9,[Bow],195,6,97,,
5327,Straye Armband,6,[Additional],1,-1,0,,
5326,Resistle Armband,6,[Additional],1,-1,0,,
5325,Technista Armband,6,[Additional],1,-1,0,,
5324,Fixion Armband,6,[Additional],1,-1,0,,
5323,Lord of Nezim,23,[Additional Crysta],1,6,25,,
5322,Black Rock Crystal,14,[Material],21,6,5,,
5321,Kappa's Plate,14,[Material],19,3,19,,
5320,Catafnia Sword,4,[1 Handed Sword],170,3,85,,
5319,Catafnia Sword,4,[1 Handed Sword],170,3,85,,
5318,Catafnia Shield,17,[Shield],170,3,85,,
5317,Fur Collar,6,[Additional],-1,-1,0,,
5316,Superbia Head Chain,6,[Additional],1,3,2,,
5315,Alfreon,15,[Magic Device],200,6,100,,
5314,Candles of Hatred,6,[Additional],92,5,46,,
5313,Amber Charm,6,[Additional],85,5,42,,
5312,Waist Armor,6,[Additional],85,4,42,,
5311,Trunk Backpack,6,[Additional],82,4,41,,
5310,Rose Charm,6,[Additional],82,5,41,,
5308,Snow Bear Shield,17,[Shield],-1,-1,0,,
5307,Snow Bear Parasol,26,[Halberd],-1,-1,0,,
5306,Snow Bear Toy Gun,10,[Bowgun],-1,-1,0,,
5305,Snow Bear Sword,4,[1 Handed Sword],-1,-1,0,,
5304,Snow Bear Candy,27,[Katana],-1,-1,0,,
5303,Orion's Sword (Snowball Event 2021),27,[Katana],165,6,82,,
5302,Shiny Shell,14,[Material],12,1,12,,
5301,Round Stone,14,[Material],12,3,12,,
5300,Healing Mint,14,[Material],15,5,15,,
5299,Bitter Root,14,[Material],13,5,14,,
5298,White Sugar,14,[Material],15,5,15,,
5297,Cake Flour,14,[Material],15,5,14,,
5296,Royal Syrup,14,[Material],15,5,16,,
5295,Gift Head,6,[Additional],1,5,2,,
5294,Purity Stole,6,[Additional],1,4,2,,
5293,Purity Ribbon,6,[Additional],1,4,2,,
5292,Heart Cookie Shield,17,[Shield],180,5,90,,
5291,Golden Candy Greatsword,5,[2 Handed Sword],180,5,90,,
5290,Golden Candy Sword,4,[1 Handed Sword],180,5,90,,
5289,Mana Cascade Staff,19,[Staff],170,2,85,,
5288,Sturdy Core,14,[Material],22,2,22,,
5287,Crow Feather,14,[Material],20,1,20,,
5286,Tattered Old Clothes,14,[Material],18,4,18,,
5285,Superbia Head Chain,6,[Additional],1,3,2,,
5284,Superbia Head Chain,6,[Additional],1,3,2,,
5283,Superbia Head Chain,6,[Additional],1,3,2,,
5282,Cute Ornament String,14,[Material],24,5,24,,
5281,Amezaiku Wings,14,[Material],20,5,20,,
5280,Japanese Caramel Candy,1,[Usable],16,5,16,,
5279,Black Shadow Talon,14,[Material],20,1,20,,
5278,Black Shadow Cape Fragment,14,[Material],25,4,25,,
5277,Scary Black Shadow Face,14,[Material],24,2,24,,
5276,Black Shadow Nodachi,27,[Katana],200,3,100,,
5275,Black Shadow Crossbow,10,[Bowgun],200,3,100,,
5274,Mane Cookie,1,[Usable],1,5,2,,
5273,Kruztor,22,[Armor Crysta],1,6,100,,
5272,Scarecrow Marker,18,[Special],180,2,90,,
5271,Flower Bud Dagger,11,[Dagger],180,5,90,,
5270,Buzz Ring,18,[Special],180,5,90,,
5269,Alfenix,230,[Enhancer Crysta (Yellow)],1,6,100,,
5268,Tattered Cloak,6,[Additional],110,4,55,,
5267,Scarecrow's Emotion,14,[Material],23,6,5,,
5266,Sturdy Core,14,[Material],22,2,22,,
5265,Crow Feather,14,[Material],20,1,20,,
5264,Vulture Blade,5,[2 Handed Sword],-1,-1,-1,,
5263,Vulture Shooter,9,[Bow],190,1,95,,
5262,Vulture Blade,5,[2 Handed Sword],-1,-1,-1,,
5261,Vulture Shooter,9,[Bow],190,1,95,,
5260,Frozen Wine,1,[Usable],1,6,2,,
5259,Fluffy Snow Owl,6,[Additional],1,-1,0,,
5258,Fluffy Snow Scarf,6,[Additional],1,-1,0,,
5257,Iced Chocolate,1,[Usable],1,6,2,,
5256,Ice & Snow Bucket ,1,[Usable],1,3,2,,
5255,Iced Coffee,1,[Usable],1,6,2,,
5254,Snowball Daifuku,1,[Usable],50,6,2,,
5253,Fluffy Snow Hat,6,[Additional],1,4,2,,
5252,Grim Reaper Scarecrow,22,[Armor Crysta],1,6,100,,
5251,Black Shadow,200,[Enhancer Crysta (Blue)],1,6,100,,
5250,Dark Red Crystal,14,[Material],21,6,5,,
5249,Warped Blade,14,[Material],19,3,19,,
5248,Weird Snake Skin,14,[Material],17,4,17,,
5247,Colon Leaf Crest,14,[Material],21,2,21,,
5246,Cracked Acorn Shoe,14,[Material],19,2,19,,
5245,Bark Helm Fragment,14,[Material],17,2,17,,
5244,CSPD+120,20,[Normal Crysta],1,6,2,,
5243,Ancient Scroll,14,[Material],21,6,5,,
5242,Rokoko Stone,14,[Material],19,3,20,,
5241,Corroded Insect Wings,14,[Material],17,1,16,,
5240,Catafnia Shield,17,[Shield],170,3,85,,
5239,Aching Right Arm,6,[Additional],90,6,45,,
5238,Artificial Nails,6,[Additional],95,5,47,,
5237,Red Spider Lily,27,[Katana],170,5,85,,
5236,Enty Cloth,14,[Material],20,4,20,,
5235,Black Obsidian,14,[Material],22,3,23,,
5234,Enty Mask ,14,[Material],18,3,18,,
5233,Presbyopia Lens,14,[Material],22,6,5,,
5232,Yummy Pickles,1,[Usable],20,5,20,,
5231,Floating Stump,14,[Material],18,2,17,,
5230,Magical Stole,6,[Additional],87,3,43,,
5229,Bubble Helmet,6,[Additional],80,3,40,,
5228,Explorer Canteen,6,[Additional],80,3,40,,
5227,Gladiator Helmet,6,[Additional],82,3,41,,
5226,Cute Wrapping Paper,14,[Material],-1,-1,-1,,
5225,Berry Scaly Horn,1,[Usable],-1,-1,-1,,
5224,Whipped Cream,1,[Usable],-1,-1,-1,,
5223,Macapicoa Nut,14,[Material],-1,-1,-1,,
5222,Strange Liqueur,14,[Material],-1,-1,-1,,
5221,Buttercream Flower,14,[Material],-1,-1,-1,,
5220,Pico Cream Ring,18,[Special],-1,-1,-1,,
5219,Strawberry Beret,6,[Additional],-1,-1,-1,,
5218,Garnache,230,[Enhancer Crysta (Yellow)],-1,-1,-1,,
5217,Swirly Whirly Shield,17,[Shield],-1,-1,-1,,
5216,Kijimu's Arrow,7,[Arrow],-1,-1,-1,,
5215,Valentine's Day Costume,8,[Armor],-1,-1,-1,,
5214,Lovely Chocolate,6,[Additional],-1,-1,-1,,
5213,Plush Bear Hat,6,[Additional],-1,-1,-1,,
5212,Cookie Earrings,6,[Additional],1,5,2,,
5211,Lace Headdress,6,[Additional],1,4,2,,
5210,Candy Hair Bow,6,[Additional],-1,-1,-1,,
5209,Experiment Report II,14,[Material],20,5,30,,
5208,Experiment Report I,14,[Material],10,5,20,,
5207,Stoodie's Robe,8,[Armor],-1,-1,-1,,
5206,Stoodie's Ring III,18,[Special],-1,-1,-1,,
5205,Stoodie's Ring II,18,[Special],-1,-1,-1,,
5204,Stoodie's Ring I,18,[Special],-1,-1,-1,,
5203,Oni Mask,6,[Additional],1,3,100,,
5202,Lucky Sushi Roll & Potum,6,[Additional],-1,-1,-1,,
5201,Oni Horns Headband,6,[Additional],-1,-1,-1,,
5200,Tolerancia (old),26,[Halberd],1,6,1000,,
5199,Integridar,5,[2 Handed Sword],-1,-1,-1,,
5198,Modestia (old),27,[Katana],-1,-1,-1,,
5197,Edgy Nova (Combat),13,[Knuckles],-1,-1,-1,,
5196,Edgy Nova (Magic),19,[Staff],230,3,15,,
5195,Stellar Ooze,230,[Enhancer Crysta (Yellow)],-1,-1,-1,,
5194,Bark Mail,8,[Armor],180,2,90,,
5193,Eroded Strahl,9,[Bow],170,6,85,,
5192,Ox Tongue Bento,1,[Usable],1,0,0,,
5191,Zodiac Ox Box,1,[Usable],1,0,0,,
5190,Zodiac Hat: Ox,6,[Additional],1,6,2,,
5189,Bovinio,23,[Additional Crysta],1,3,2,,
5188,Dark Dragon Fang Sword,4,[1 Handed Sword],165,6,82,,
5187,Eroded Rebellion,26,[Halberd],170,6,85,,
5186,Dragoon Mail,8,[Armor],-1,-1,-1,,
5185,Dark Captain with B,24,[Special Crysta],-1,6,100,,
5184,Dragon Claw Katana,27,[Katana],-1,-1,-1,,
5183,Zega Mask,6,[Additional],-1,-1,-1,,
5182,Fruhschneid,4,[1 Handed Sword],-1,-1,-1,,
5181,Baldi Saber,5,[2 Handed Sword],-1,-1,-1,,
5180,Zega Onesie,8,[Armor],-1,-1,-1,,
5179,Emotion Ticket C,1,[Usable],100,0,0,,
5178,Emotion Ticket B,1,[Usable],100,0,0,,
5177,Emotion Ticket A,1,[Usable],100,0,0,,
5176,HATSUNE MIKU COLLAB BGM III,14,[Material],-1,-1,-1,,
5175,HATSUNE MIKU COLLAB BGM II,14,[Material],-1,-1,-1,,
5174,HATSUNE MIKU COLLAB BGM I,14,[Material],-1,-1,-1,,
5173,Windgrace Shield,17,[Shield],1,6,100,,
5172,Windgrace Shield,17,[Shield],1,6,100,,
5171,Windgrace Shield,17,[Shield],1,6,100,,
5170,Windgrace Shield,17,[Shield],1,6,100,,
5169,Windgrace Shield,17,[Shield],1,6,100,,
5168,Patriot Edge,27,[Katana],1,6,100,,
5167,Patriot Edge,27,[Katana],1,6,100,,
5166,Patriot Edge,27,[Katana],1,6,100,,
5165,Patriot Edge,27,[Katana],1,6,100,,
5164,Patriot Edge,27,[Katana],1,6,100,,
5163,Patriot Edge,27,[Katana],1,6,100,,
5162,Patriot Edge,27,[Katana],1,6,100,,
5161,Patriot Edge,27,[Katana],1,6,100,,
5160,Patriot Edge,27,[Katana],1,6,100,,
5159,Infini Glaive,26,[Halberd],1,6,100,,
5158,Infini Glaive,26,[Halberd],1,6,100,,
5157,Infini Glaive,26,[Halberd],1,6,100,,
5156,Infini Glaive,26,[Halberd],1,6,100,,
5155,Infini Glaive,26,[Halberd],1,6,100,,
5154,Infini Glaive,26,[Halberd],1,6,100,,
5153,Infini Glaive,26,[Halberd],1,6,100,,
5152,Infini Glaive,26,[Halberd],1,6,100,,
5151,Infini Glaive,26,[Halberd],1,6,100,,
5150,Audio Console,15,[Magic Device],1,6,100,,
5149,Audio Console,15,[Magic Device],1,6,100,,
5148,Audio Console,15,[Magic Device],1,6,100,,
5147,Audio Console,15,[Magic Device],1,6,100,,
5146,Audio Console,15,[Magic Device],1,6,100,,
5145,Audio Console,15,[Magic Device],1,6,100,,
5144,Audio Console,15,[Magic Device],1,6,100,,
5143,Audio Console,15,[Magic Device],1,6,100,,
5142,Audio Console,15,[Magic Device],1,6,100,,
5141,Sonic Megaphone,10,[Bowgun],1,6,100,,
5140,Sonic Megaphone,10,[Bowgun],1,6,100,,
5139,Sonic Megaphone,10,[Bowgun],1,6,100,,
5138,Sonic Megaphone,10,[Bowgun],1,6,100,,
5137,Sonic Megaphone,10,[Bowgun],1,6,100,,
5136,Sonic Megaphone,10,[Bowgun],1,6,100,,
5135,Sonic Megaphone,10,[Bowgun],1,6,100,,
5134,Sonic Megaphone,10,[Bowgun],1,6,100,,
5133,Sonic Megaphone,10,[Bowgun],1,6,100,,
5132,Coryn's Present,1,[Usable],-1,-1,-1,,
5131,Coryn's Present,1,[Usable],-1,-1,-1,,
5130,Coryn's Present,1,[Usable],-1,-1,-1,,
5129,Coryn's Present,1,[Usable],-1,-1,-1,,
5128,Coryn's Present,1,[Usable],-1,-1,-1,,
5127,Yule Cat,220,[Enhancer Crysta (Green)],-1,6,-1,,
5126,Tonfa of Cold Serenity,13,[Knuckles],-1,-1,-1,,
5125,Staff of Cold Serenity,19,[Staff],-1,-1,-1,,
5124,Sword of Cold Serenity,5,[2 Handed Sword],-1,-1,-1,,
5123,Santa Suit VI,8,[Armor],-1,-1,-1,,
5122,Fluffy Earmuffs,6,[Additional],-1,-1,-1,,
5121,Snowman Hood,6,[Additional],-1,-1,-1,,
5120,Snowman Earmuffs,6,[Additional],-1,-1,-1,,
5119,Xmas Scarf,6,[Additional],-1,-1,-1,,
5118,Crystal Snow,14,[Material],-1,6,-1,,
5117,Icy Dagger,11,[Dagger],150,3,75,,
5116,Xmas Ribbon,6,[Additional],-1,-1,-1,,
5115,Reindeer Beanie,6,[Additional],-1,-1,-1,,
5114,Holy Tree Arrow,7,[Arrow],-1,-1,-1,,
5113,Eletrified Lightning Rod,14,[Material],-1,3,-1,,
5112,Sacred Bell Talisman,18,[Special],-1,-1,-1,,
5111,Snowman Kit,6,[Additional],-1,-1,-1,,
5110,Roaring Gale,14,[Material],-1,6,-1,,
5109,Holy Stone,14,[Material],14,0,0,,
5108,Hexter,210,[Enhancer Crysta (Red)],1,6,100,,
5107,Solar Ring,18,[Special],-1,-1,-1,,
5106,Bunny Beanie,6,[Additional],-1,-1,-1,,
5105,Pacific Saury,27,[Katana],-1,-1,-1,,
5104,Escudo Blade,5,[2 Handed Sword],-1,-1,-1,,
5103,Quasar Barrel,10,[Bowgun],-1,-1,-1,,
5102,Mana Cascade Staff,19,[Staff],-1,-1,-1,,
5101,Gravitar,15,[Magic Device],-1,-1,-1,,
5100,Quasar Arm,13,[Knuckles],-1,-1,-1,,
5099,Graviton Glaive,26,[Halberd],-1,-1,-1,,
5098,Escudo Blade,5,[2 Handed Sword],-1,-1,-1,,
5097,Quasar Barrel,10,[Bowgun],-1,-1,-1,,
5096,Mana Cascade Staff,19,[Staff],-1,-1,-1,,
5095,Gravitar,15,[Magic Device],-1,-1,-1,,
5094,Quasar Arm,13,[Knuckles],-1,-1,-1,,
5093,Graviton Glaive,26,[Halberd],-1,-1,-1,,
5092,Double-Bun Ribbons,6,[Additional],-1,-1,-1,,
5091,Giant Rosary,6,[Additional],-1,-1,-1,,
5090,Pumpkin Mask,6,[Additional],1,6,10,,
5089,Radiant Miracle Water,14,[Material],26,5,25,,
5088,INT +6,20,[Normal Crysta],1,6,1,,
5087,Evil Nymph Pollen,14,[Material],20,6,5,,
5086,Fat Trunk,14,[Material],18,2,19,,
5085,Solid Wood,14,[Material],16,2,15,,
5084,Arachnidemon,22,[Armor Crysta],1,6,100,,
5083,Arachnid Claws,13,[Knuckles],200,1,100,,
5082,Arachnid Sword,4,[1 Handed Sword],200,1,100,,
5081,Evil Spirit Crystal,14,[Material],28,6,6,,
5080,Arachnidemon Horn,14,[Material],24,1,24,,
5079,Arachnidemon Wing,14,[Material],20,1,20,,
5078,Sealing Talisman,11,[Dagger],180,5,90,,
5077,Sealing Talisman Piece,14,[Material],18,4,18,,
5076,Espectro,240,[Enhancer Crysta (Purple)],1,6,100,,
5075,Vengeful Soul,14,[Material],-1,6,-1,,
5074,Skull Mask Fragment,14,[Material],22,1,21,,
5073,Metal Shackles,14,[Material],20,3,20,,
5072,Catafnia Sword,4,[1 Handed Sword],170,3,85,,
5071,Frosch Mushroom,1,[Usable],22,5,21,,
5070,Rubbery Skin,14,[Material],20,4,21,,
5069,Frog's Tail,14,[Material],18,1,17,,
5068,Wind Slayer Chakram,13,[Knuckles],170,3,85,,
5067,Long Ear Hair,14,[Material],22,1,22,,
5066,Hat Brim,14,[Material],20,4,19,,
5065,Mysterious Fang,14,[Material],18,1,18,,
5064,Spring Breeze Talisman,18,[Special],75,2,37,,
5063,Smoked Mutton,1,[Usable],20,5,21,,
5062,Sheep Horn,14,[Material],18,1,18,,
5061,Mistletoe Branch,14,[Material],16,2,16,,
5060,Amber Charm,6,[Additional],85,5,42,,
5059,Mellow Mushroom,1,[Usable],20,5,20,,
5058,Deformed Mushroom,1,[Usable],18,5,18,,
5057,Mushroom Log Piece,14,[Material],16,2,16,,
5056,HATSUNE MIKU's Handbell,19,[Staff],-1,-1,-1,,
5055,HATSUNE MIKU's Hand Fan,4,[1 Handed Sword],-1,-1,-1,,
5054,Concert Vita,1,[Usable],-1,-1,-1,,
5053,Concert Drink,1,[Usable],-1,-1,-1,,
5052,Eternal Melody Staff,19,[Staff],1,6,100,,
5050,Eternal Melody Staff,19,[Staff],1,6,100,,
5049,Eternal Melody Staff,19,[Staff],1,6,100,,
5048,Eternal Melody Staff,19,[Staff],1,6,100,,
5047,Eternal Melody Staff,19,[Staff],1,6,100,,
5046,Eternal Melody Staff,19,[Staff],1,6,100,,
5045,Eternal Melody Staff,19,[Staff],1,6,100,,
5044,Eternal Melody Staff,19,[Staff],1,6,100,,
5043,Eternal Melody Staff,19,[Staff],1,6,100,,
5042,Duplex Knuckles,13,[Knuckles],1,6,100,,
5041,Duplex Knuckles,13,[Knuckles],1,6,100,,
5040,Duplex Knuckles,13,[Knuckles],1,6,100,,
5039,Duplex Knuckles,13,[Knuckles],1,6,100,,
5038,Duplex Knuckles,13,[Knuckles],1,6,100,,
5037,Duplex Knuckles,13,[Knuckles],1,6,100,,
5036,Duplex Knuckles,13,[Knuckles],1,6,100,,
5035,Duplex Knuckles,13,[Knuckles],1,6,100,,
5033,Duplex Knuckles,13,[Knuckles],1,6,100,,
5032,Tone Blade,5,[2 Handed Sword],1,6,100,,
5030,Tone Blade,5,[2 Handed Sword],1,6,100,,
5029,Tone Blade,5,[2 Handed Sword],1,6,100,,
5028,Tone Blade,5,[2 Handed Sword],1,6,100,,
5027,Tone Blade,5,[2 Handed Sword],1,6,100,,
5026,Tone Blade,5,[2 Handed Sword],1,6,100,,
5025,Tone Blade,5,[2 Handed Sword],1,6,100,,
5024,Tone Blade,5,[2 Handed Sword],1,6,100,,
5023,Tone Blade,5,[2 Handed Sword],1,6,100,,
5022,Windgrace Sword,4,[1 Handed Sword],1,6,100,,
5021,Windgrace Sword,4,[1 Handed Sword],1,6,100,,
5020,Windgrace Sword,4,[1 Handed Sword],1,6,100,,
5019,Windgrace Sword,4,[1 Handed Sword],1,6,100,,
5018,Windgrace Sword,4,[1 Handed Sword],1,6,100,,
5017,Windgrace Sword,4,[1 Handed Sword],1,6,100,,
5016,Windgrace Sword,4,[1 Handed Sword],1,6,100,,
5015,Windgrace Sword,4,[1 Handed Sword],1,6,100,,
5013,Windgrace Sword,4,[1 Handed Sword],1,6,100,,
5012,Latria Bow,9,[Bow],1,6,100,,
5011,Latria Bow,9,[Bow],1,6,100,,
5010,Latria Bow,9,[Bow],1,6,100,,
5009,Latria Bow,9,[Bow],1,6,100,,
5008,Latria Bow,9,[Bow],1,6,100,,
5007,Latria Bow,9,[Bow],1,6,100,,
5006,Latria Bow,9,[Bow],1,6,100,,
5005,Latria Bow,9,[Bow],1,6,100,,
5003,Latria Bow,9,[Bow],1,6,100,,
5002,Lil Wonder Rat,21,[Weapon Crysta],1,6,100,,
5001,Mermaid Waist Ornament,6,[Additional],90,1,45,,
5000,Phantom Thief Ricotta,6,[Additional],200,6,100,,
4999,Phantom Wisp Staff,19,[Staff],200,3,100,,
4998,Jade Lance,26,[Halberd],170,3,85,,
4997,Riverine Barrel,10,[Bowgun],170,3,85,,
4996,Jade Lance,26,[Halberd],170,3,85,,
4995,Riverine Barrel,10,[Bowgun],170,3,85,,
4994,Pisteus Horns,14,[Material],25,1,25,,
4993,Pisteus,210,[Enhancer Crysta (Red)],1,6,100,,
4992,Ghoulfish Buckler,17,[Shield],195,1,97,,
4991,Ghoulfish War Hammer,19,[Staff],195,3,97,,
4990,Ghoulfish Soul,14,[Material],28,6,6,,
4989,Pisteus Fin,14,[Material],24,4,24,,
4988,Pisteus Bone,14,[Material],20,1,20,,
4987,Devil Half Mask,6,[Additional],75,3,37,,
4986,Shell Orb,15,[Magic Device],170,3,85,,
4985,Sake Steamed Scallops,1,[Usable],21,5,20,,
4984,Sea Otter Fur,14,[Material],19,4,19,,
4983,Distinct Pebble,14,[Material],17,3,17,,
4982,Savage Mail,8,[Armor],-1,-1,-1,,
4981,Ageladanios,200,[Enhancer Crysta (Blue)],1,6,100,,
4980,Flame of Misfortune,14,[Material],24,6,5,,
4979,Savage Mail,8,[Armor],-1,-1,-1,,
4978,Raging Soul,14,[Material],21,6,5,,
4977,Evil Spirit Horns,14,[Material],19,1,17,,
4976,Evil Spirit Bone,14,[Material],17,1,17,,
4975,Magical Stole,6,[Additional],87,3,43,,
4974,Bluish White Wisp,14,[Material],21,6,5,,
4973,Pure White Paper,14,[Material],19,2,19,,
4972,Tangled Hair,14,[Material],17,1,16,,
4971,Ryba Bow,9,[Bow],170,2,85,,
4970,Fish Spirit Bone,14,[Material],21,1,21,,
4969,Driftwood,14,[Material],20,2,20,,
4968,MP+300,20,[Normal Crysta],1,6,2,,
4967,Inje Village,1,[Usable],1,6,1,,
4966,Chicken Wing,1,[Usable],18,1,18,,
4965,Large Egg,14,[Material],16,5,16,,
4964,Sunshine Talisman,18,[Special],75,2,37,,
4963,Village Building Supply,14,[Material],20,2,21,,
4962,Durable Rope,14,[Material],18,4,18,,
4961,Climber's Paw Pad,14,[Material],16,1,16,,
4960,Magician Mantle,6,[Additional],85,4,42,,
4959,Pale Blue Lantern,14,[Material],20,6,5,,
4958,Lunagent Stone,14,[Material],18,3,18,,
4957,Life Essence,1,[Usable],16,5,16,,
4956,Sashimi Knife,11,[Dagger],160,3,80,,
4955,Heinous Soul,14,[Material],20,6,5,,
4954,Fish Tusk,14,[Material],18,1,19,,
4953,Transparent Fin,14,[Material],16,1,15,,
4952,STR+6,20,[Normal Crysta],1,6,2,,
4951,Cry of Sorrow,14,[Material],20,6,5,,
4950,Phantom Cloth,14,[Material],18,4,18,,
4949,Damp Cloth,14,[Material],16,4,16,,
4948,Ghost Cape,6,[Additional],1,4,2,,
4947,Magic Cone,6,[Additional],1,5,2,,
4946,Pumpkin Earrings,6,[Additional],1,3,2,,
4945,Pseudopumpkin Katana,27,[Katana],390,5,190,,
4944,Sugar Cookie,17,[Shield],390,5,190,,
4943,Pepo Magnum,10,[Bowgun],390,5,190,,
4942,Mischievous Candy,4,[1 Handed Sword],390,5,190,,
4941,Phantom Wisp,22,[Armor Crysta],1,6,100,,
4940,Masquerade Hat,6,[Additional],1,4,2,,
4939,P.Wisp's Warning Letter,14,[Material],20,6,5,,
4938,Trick Topaz,14,[Material],19,6,39,,
4937,Sparkly Candy,1,[Usable],16,5,15,,
4936,Lantern Cake,1,[Usable],16,5,15,,
4935,Ultra Cheesy Pizza,1,[Usable],16,5,15,,
4934,Shining Mantle,14,[Material],14,4,14,,
4933,Pumpkin Seeds,14,[Material],14,5,15,,
4932,Torn Playing Card,14,[Material],14,2,12,,
4931,Phantom Secret Tool,14,[Material],14,3,14,,
4930,Astral Lamp,18,[Special],87,6,43,,
4929,Chiroptera Tiara,6,[Additional],1,1,2,,
4928,Anniv Festive Dagger II,11,[Dagger],165,3,82,,
4927,Venena II,240,[Enhancer Crysta (Purple)],1,6,100,,
4926,Demon Empress Katana,27,[Katana],-1,-1,-1,,
4925,Demon Empress Shield,17,[Shield],-1,-1,-1,,
4924,Demon Empress Magic Device,15,[Magic Device],-1,-1,-1,,
4923,Demon Empress Bowgun,10,[Bowgun],-1,-1,-1,,
4922,Demon Empress Greatsword,5,[2 Handed Sword],-1,-1,-1,,
4921,Empress Ogre Crystal,14,[Material],26,3,27,,
4920,Demon Empress Spear,26,[Halberd],-1,-1,-1,,
4919,Demon Empress Knuckles,13,[Knuckles],-1,-1,-1,,
4918,Demon Empress Staff,19,[Staff],-1,-1,-1,,
4917,Demon Empress Bow,9,[Bow],-1,-1,-1,,
4916,Demon Empress Sword,4,[1 Handed Sword],-1,-1,-1,,
4915,Empress Ogre Fang,14,[Material],26,1,26,,
4914,Demon Empress Garb,8,[Armor],-1,-1,-1,,
4913,Demon Empress Arrow,7,[Arrow],-1,-1,-1,,
4912,Demon Empress Dagger,11,[Dagger],-1,-1,-1,,
4911,Empress Ogre Jaws,14,[Material],28,6,6,,
4910,Empress Ogre Accessory Chip,14,[Material],24,3,24,,
4909,Empress Ogre Hair,14,[Material],20,1,19,,
4908,Tappler,200,[Enhancer Crysta (Blue)],1,6,100,,
4907,Glow Pebble,14,[Material],28,6,6,,
4906,Cape of Divinity,6,[Additional],87,4,43,,
4905,Light Crimson Bead,14,[Material],26,6,6,,
4904,Corroded Leather,14,[Material],22,4,22,,
4903,Steampunk Cap,6,[Additional],87,4,43,,
4902,Corroded Sphere Core,14,[Material],26,6,6,,
4901,Geometric Metal Bit,14,[Material],22,3,22,,
4900,Duel Mask,6,[Additional],87,4,43,,
4899,Red Crystalline Lens,14,[Material],26,6,6,,
4898,Corroded Rock Surface,14,[Material],22,1,22,,
4897,Strange Dust,14,[Material],18,5,16,,
4896,Mortal Lamina,27,[Katana],180,3,90,,
4895,Mortal Slate,19,[Staff],180,3,90,,
4894,Demon Empress Cape,6,[Additional],97,1,48,,
4893,Demon Empress Neck Warmer,6,[Additional],97,1,48,,
4892,Honeybee Antennae,6,[Additional],80,1,40,,
4891,Mortal Lamina,27,[Katana],180,3,90,,
4890,Mortal Slate,19,[Staff],180,3,90,,
4889,Skirt Belt,6,[Additional],72,4,36,,
4888,Straye Garb,8,[Armor],-1,-1,-1,,
4887,Anniv Festive Ring II,18,[Special],-1,-1,-1,,
4886,Anniv Festive Bangle II,18,[Special],-1,-1,-1,,
4885,Anniv Festive Ring,18,[Special],-1,-1,-1,,
4884,Anniv Festive Bangle,18,[Special],-1,-1,-1,,
4883,Super Delicious Yakitori,1,[Usable],-1,5,-1,,
4882,Summer Outfit,8,[Armor],1,4,300,,
4881,Ocean Arrow,7,[Arrow],1,6,2,,
4880,Dive Knife,11,[Dagger],1,6,2,,
4879,Deep-Sea Coral,14,[Material],15,6,15,,
4878,5th Anniv Box,1,[Usable],3000,6,100,,
4877,Ruzart,24,[Special Crysta],1,6,2,,
4876,Shark Steak,1,[Usable],16,5,15,,
4875,Cute Octopus Hat,6,[Additional],160,1,80,,
4874,Fresh Fish,14,[Material],16,5,16,,
4873,Morning Glory Hair Ornament,6,[Additional],160,1,80,,
4872,Gopherga,22,[Armor Crysta],1,6,100,,
4871,Super Heavy Shell,14,[Material],22,1,23,,
4870,Mysterious Clam,1,[Usable],20,6,1,,
4869,Watermelon Slice,6,[Additional],160,5,80,,
4868,Deep Ocean Water,1,[Usable],18,5,17,,
4867,Sea Crystal,14,[Material],16,3,16,,
4866,Underwater Ruins Pebble,14,[Material],14,3,13,,
4865,Seadevil Sword,4,[1 Handed Sword],1,6,2,,
4864,Seadevil Katana,27,[Katana],1,6,2,,
4863,Seadevil Staff,19,[Staff],1,6,2,,
4862,Seadevil Shield,17,[Shield],1,6,2,,
4861,Underwater Ruins Monster,230,[Enhancer Crysta (Yellow)],1,6,100,,
4860,Seadevil Sword,4,[1 Handed Sword],1,6,2,,
4859,Seadevil Katana,27,[Katana],1,6,2,,
4858,Seadevil Staff,19,[Staff],1,6,2,,
4857,Seadevil Shield,17,[Shield],1,6,2,,
4856,Adaro,23,[Additional Crysta],1,6,100,,
4855,Sea Current Crystal,14,[Material],26,6,6,,
4854,Seadevil Coral,14,[Material],22,6,5,,
4853,Seadevil Scale,14,[Material],18,1,18,,
4852,Zega V,210,[Enhancer Crysta (Red)],1,6,100,,
4851,Gladiator's Helm,6,[Additional],50,3,25,,
4850,Revita VII,1,[Usable],44,5,7,,
4849,Megiston the Champion III,210,[Enhancer Crysta (Red)],1,6,100,,
4848,Megiston the Champion II,210,[Enhancer Crysta (Red)],1,6,100,,
4847,Gladiator Armor,8,[Armor],50,3,25,,
4846,Soleil the Heat Sword II,5,[2 Handed Sword],190,3,95,,
4845,5th Anniv Headband,6,[Additional],1,4,2,,
4844,5th Anniv Hat,6,[Additional],1,4,2,,
4843,Golpom 5th Anniv Medal,14,[Material],175,6,30,,
4842,Silpom 5th Anniv Medal,14,[Material],150,6,25,,
4841,Bropom 5th Anniv Medal,14,[Material],125,6,20,,
4840,Pom 5th Anniv Medal,14,[Material],100,6,15,,
4839,Gold 5th Anniv Medal,14,[Material],75,6,10,,
4838,Silver 5th Anniv Medal,14,[Material],50,6,5,,
4837,Bronze 5th Anniv Medal,14,[Material],25,6,1,,
4836,5th Anniv Katana VII,27,[Katana],195,3,97,,
4835,5th Anniv Halberd VII,26,[Halberd],195,3,97,,
4834,5th Anniv Knuckles VII,13,[Knuckles],195,3,97,,
4833,5th Anniv Wings VII,15,[Magic Device],195,6,97,,
4832,5th Anniv Staff VII,19,[Staff],195,2,97,,
4831,5th Anniv Bowgun VII,10,[Bowgun],195,2,97,,
4830,5th Anniv Bow VII,9,[Bow],195,2,97,,
4829,5th Anniv Greatsword VII,5,[2 Handed Sword],195,3,97,,
4828,5th Anniv Sword VII,4,[1 Handed Sword],195,3,97,,
4827,5th Anniv Katana VI,27,[Katana],185,3,92,,
4826,5th Anniv Halberd VI,26,[Halberd],185,3,92,,
4825,5th Anniv Knuckles VI,13,[Knuckles],185,3,92,,
4824,5th Anniv Wings VI,15,[Magic Device],185,6,92,,
4823,5th Anniv Staff VI,19,[Staff],185,2,92,,
4822,5th Anniv Bowgun VI,10,[Bowgun],185,2,92,,
4821,5th Anniv Bow VI,9,[Bow],185,2,92,,
4820,5th Anniv Greatsword VI,5,[2 Handed Sword],185,3,92,,
4819,5th Anniv Sword VI,4,[1 Handed Sword],185,3,92,,
4818,5th Anniv Katana V,27,[Katana],175,3,87,,
4817,5th Anniv Halberd V,26,[Halberd],175,3,87,,
4816,5th Anniv Knuckles V,13,[Knuckles],175,3,87,,
4815,5th Anniv Wings V,15,[Magic Device],175,6,87,,
4814,5th Anniv Staff V,19,[Staff],175,2,87,,
4813,5th Anniv Bowgun V,10,[Bowgun],175,2,87,,
4812,5th Anniv Bow V,9,[Bow],175,2,87,,
4811,5th Anniv Greatsword V,5,[2 Handed Sword],175,3,87,,
4810,5th Anniv Sword V,4,[1 Handed Sword],175,3,87,,
4809,5th Anniv Katana IV,27,[Katana],160,3,80,,
4808,5th Anniv Halberd IV,26,[Halberd],160,3,80,,
4807,5th Anniv Knuckles IV,13,[Knuckles],160,3,80,,
4806,5th Anniv Wings IV,15,[Magic Device],160,6,80,,
4805,5th Anniv Staff IV,19,[Staff],160,2,80,,
4804,5th Anniv Bowgun IV,10,[Bowgun],160,2,80,,
4803,5th Anniv Bow IV,9,[Bow],160,2,80,,
4802,5th Anniv Greatsword IV,5,[2 Handed Sword],160,3,80,,
4801,5th Anniv Sword IV,4,[1 Handed Sword],160,3,80,,
4800,5th Anniv Katana III,27,[Katana],145,3,72,,
4799,5th Anniv Halberd III,26,[Halberd],145,3,72,,
4798,5th Anniv Knuckles III,13,[Knuckles],145,3,72,,
4797,5th Anniv Wings III,15,[Magic Device],145,6,72,,
4796,5th Anniv Staff III,19,[Staff],145,2,72,,
4795,5th Anniv Bowgun III,10,[Bowgun],145,2,72,,
4794,5th Anniv Bow III,9,[Bow],145,2,72,,
4793,5th Anniv Greatsword III,5,[2 Handed Sword],145,3,72,,
4792,5th Anniv Sword III,4,[1 Handed Sword],145,3,72,,
4791,5th Anniv Katana II,27,[Katana],110,3,55,,
4790,5th Anniv Halberd II,26,[Halberd],110,3,55,,
4789,5th Anniv Knuckles II,13,[Knuckles],110,3,55,,
4788,5th Anniv Wings II,15,[Magic Device],110,6,55,,
4787,5th Anniv Staff II,19,[Staff],110,2,55,,
4786,5th Anniv Bowgun II,10,[Bowgun],110,2,55,,
4785,5th Anniv Bow II,9,[Bow],110,2,55,,
4784,5th Anniv Greatsword II,5,[2 Handed Sword],110,3,55,,
4783,5th Anniv Sword II,4,[1 Handed Sword],110,3,55,,
4782,5th Anniv Katana,27,[Katana],75,3,37,,
4781,5th Anniv Halberd,26,[Halberd],75,3,37,,
4780,5th Anniv Knuckles,13,[Knuckles],75,3,37,,
4779,5th Anniv Wings,15,[Magic Device],75,6,37,,
4778,5th Anniv Staff,19,[Staff],75,2,37,,
4777,5th Anniv Bowgun,10,[Bowgun],75,2,37,,
4776,5th Anniv Bow,9,[Bow],75,2,37,,
4775,5th Anniv Greatsword,5,[2 Handed Sword],75,3,37,,
4774,5th Anniv Sword,4,[1 Handed Sword],75,3,37,,
4773,5th Anniv Shield VII,17,[Shield],195,3,97,,
4772,5th Anniv Katana VII,27,[Katana],195,3,97,,
4771,5th Anniv Halberd VII,26,[Halberd],195,3,97,,
4770,5th Anniv Knuckles VII,13,[Knuckles],195,3,97,,
4769,5th Anniv Wings VII,15,[Magic Device],195,6,97,,
4768,5th Anniv Staff VII,19,[Staff],195,2,97,,
4767,5th Anniv Bowgun VII,10,[Bowgun],195,2,97,,
4766,5th Anniv Bow VII,9,[Bow],195,2,97,,
4765,5th Anniv Greatsword VII,5,[2 Handed Sword],195,3,97,,
4764,5th Anniv Sword VII,4,[1 Handed Sword],195,3,97,,
4763,5th Anniv Shield VI,17,[Shield],185,3,92,,
4762,5th Anniv Katana VI,27,[Katana],185,3,92,,
4761,5th Anniv Halberd VI,26,[Halberd],185,3,92,,
4760,5th Anniv Knuckles VI,13,[Knuckles],185,3,92,,
4759,5th Anniv Wings VI,15,[Magic Device],185,6,92,,
4758,5th Anniv Staff VI,19,[Staff],185,2,92,,
4757,5th Anniv Bowgun VI,10,[Bowgun],185,2,92,,
4756,5th Anniv Bow VI,9,[Bow],185,2,92,,
4755,5th Anniv Greatsword VI,5,[2 Handed Sword],185,3,92,,
4754,5th Anniv Sword VI,4,[1 Handed Sword],185,3,92,,
4753,5th Anniv Shield V,17,[Shield],175,3,87,,
4752,5th Anniv Katana V,27,[Katana],175,3,87,,
4751,5th Anniv Halberd V,26,[Halberd],175,3,87,,
4750,5th Anniv Knuckles V,13,[Knuckles],175,3,87,,
4749,5th Anniv Wings V,15,[Magic Device],175,6,87,,
4748,5th Anniv Staff V,19,[Staff],175,2,87,,
4747,5th Anniv Bowgun V,10,[Bowgun],175,2,87,,
4746,5th Anniv Bow V,9,[Bow],175,2,87,,
4745,5th Anniv Greatsword V,5,[2 Handed Sword],175,3,87,,
4744,5th Anniv Sword V,4,[1 Handed Sword],175,3,87,,
4743,5th Anniv Shield IV,17,[Shield],160,3,80,,
4742,5th Anniv Katana IV,27,[Katana],160,3,80,,
4741,5th Anniv Halberd IV,26,[Halberd],160,3,80,,
4740,5th Anniv Knuckles IV,13,[Knuckles],160,3,80,,
4739,5th Anniv Wings IV,15,[Magic Device],160,6,80,,
4738,5th Anniv Staff IV,19,[Staff],160,2,80,,
4737,5th Anniv Bowgun IV,10,[Bowgun],160,2,80,,
4736,5th Anniv Bow IV,9,[Bow],160,2,80,,
4735,5th Anniv Greatsword IV,5,[2 Handed Sword],160,3,80,,
4734,5th Anniv Sword IV,4,[1 Handed Sword],160,3,80,,
4733,5th Anniv Shield III,17,[Shield],145,3,72,,
4732,5th Anniv Katana III,27,[Katana],145,3,72,,
4731,5th Anniv Halberd III,26,[Halberd],145,3,72,,
4730,5th Anniv Knuckles III,13,[Knuckles],145,3,72,,
4729,5th Anniv Wings III,15,[Magic Device],145,6,72,,
4728,5th Anniv Staff III,19,[Staff],145,2,72,,
4727,5th Anniv Bowgun III,10,[Bowgun],145,2,72,,
4726,5th Anniv Bow III,9,[Bow],145,2,72,,
4725,5th Anniv Greatsword III,5,[2 Handed Sword],145,3,72,,
4724,5th Anniv Sword III,4,[1 Handed Sword],145,3,72,,
4723,5th Anniv Shield II,17,[Shield],110,3,55,,
4722,5th Anniv Katana II,27,[Katana],110,3,55,,
4721,5th Anniv Halberd II,26,[Halberd],110,3,55,,
4720,5th Anniv Knuckles II,13,[Knuckles],110,3,55,,
4719,5th Anniv Wings II,15,[Magic Device],110,6,55,,
4718,5th Anniv Staff II,19,[Staff],110,2,55,,
4717,5th Anniv Bowgun II,10,[Bowgun],110,2,55,,
4716,5th Anniv Bow II,9,[Bow],110,2,55,,
4715,5th Anniv Greatsword II,5,[2 Handed Sword],110,3,55,,
4714,5th Anniv Sword II,4,[1 Handed Sword],110,3,55,,
4713,5th Anniv Shield,17,[Shield],75,3,37,,
4712,5th Anniv Katana,27,[Katana],75,3,37,,
4711,5th Anniv Halberd,26,[Halberd],75,3,37,,
4710,5th Anniv Knuckles,13,[Knuckles],75,3,37,,
4709,5th Anniv Wings,15,[Magic Device],75,6,37,,
4708,5th Anniv Staff,19,[Staff],75,2,37,,
4707,5th Anniv Bowgun,10,[Bowgun],75,2,37,,
4706,5th Anniv Bow,9,[Bow],75,2,37,,
4705,5th Anniv Greatsword,5,[2 Handed Sword],75,3,37,,
4704,5th Anniv Sword,4,[1 Handed Sword],75,3,37,,
4703,Sand Bandits Leader,240,[Enhancer Crysta (Purple)],1,6,100,,
4702,Sand Bandit Mask,6,[Additional],107,3,53,,
4701,Leader's Hair Accessory,14,[Material],-1,3,-1,,
4700,Crystal Goshawk Lash,14,[Material],25,1,25,,
4699,Vulture Core,14,[Material],28,6,-1,,
4698,Crystal Goshawk Blade,14,[Material],24,1,24,,
4697,Crystal Goshawk Claw,14,[Material],20,1,20,,
4696,Ignis Glaive,26,[Halberd],160,3,80,,
4695,Spiky Shoulder Pads,14,[Material],21,3,20,,
4694,Sand Bandits Cape,14,[Material],19,4,19,,
4693,Tattered Boots,14,[Material],17,4,17,,
4692,Punisher Bow,9,[Bow],160,3,80,,
4691,Blood Stained Billhook,14,[Material],21,3,21,,
4690,Sand Bandits Bandage,14,[Material],19,4,19,,
4689,Ripped Pants,14,[Material],17,4,17,,
4688,Spirit Staff,19,[Staff],160,2,80,,
4687,Coarse Fur,14,[Material],21,1,21,,
4686,Broken Sand Bandits Mask,14,[Material],19,3,19,,
4685,Torn Red Cloth,14,[Material],17,4,17,,
4684,Holy Shield,17,[Shield],160,3,80,,
4683,Sandstone Claw,14,[Material],19,1,19,,
4682,Inanis Stone,14,[Material],17,3,17,,
4681,Sandstone Tiny Horn,14,[Material],15,1,15,,
4680,AGI+6,20,[Normal Crysta],1,6,2,,
4679,Rock Salt,14,[Material],19,5,19,,
4678,White Beak,14,[Material],17,1,17,,
4677,Broken Black Feather,14,[Material],15,1,15,,
4676,Trench Knife,11,[Dagger],160,3,80,,
4675,Deadly Venom,14,[Material],19,5,19,,
4674,Mock Strawberry,1,[Usable],17,5,17,,
4673,Desert Snake Scale,14,[Material],15,1,15,,
4672,Vulture,210,[Enhancer Crysta (Red)],1,6,100,,
4671,Vulture Blade,5,[2 Handed Sword],-1,-1,-1,,
4670,Vulture Shooter,9,[Bow],190,1,95,,
4669,Adamantine Katana,27,[Katana],160,3,80,,
4668,Vise Claws,13,[Knuckles],160,3,80,,
4667,Triangulum Bowgun,10,[Bowgun],160,2,80,,
4666,Sapphire Mace,4,[1 Handed Sword],180,3,90,,
4665,Holy Sword,4,[1 Handed Sword],160,3,80,,
4664,Mohawk Wig,6,[Additional],87,4,43,,
4663,Warlock Face Cover,6,[Additional],87,4,43,,
4662,Nom Nom Bone,6,[Additional],85,1,42,,
4661,Sapphire Shield,17,[Shield],180,3,90,,
4660,Adamantine Katana,27,[Katana],160,3,80,,
4659,Vise Claws,13,[Knuckles],160,3,80,,
4658,Triangulum Bowgun,10,[Bowgun],160,2,80,,
4657,Sapphire Mace,4,[1 Handed Sword],180,3,90,,
4656,Holy Sword,4,[1 Handed Sword],160,3,80,,
4655,Traveler's Belt,6,[Additional],0,0,0,,
4654,Neck Goggles,6,[Additional],0,0,0,,
4653,Magic Lantern,6,[Additional],0,0,0,,
4652,Scratched Hachigane,6,[Additional],0,0,0,,
4651,Vita Plus (Gift),1,[Usable],0,0,0,,
4650,Regera (Gift),1,[Usable],0,0,0,,
4649,Revita (Gift),1,[Usable],0,0,0,,
4648,Avatar Ticket,1,[Usable],0,0,0,,
4647,Fairy Sewing Tool,1,[Usable],0,0,0,,
4646,Teleport Ticket,1,[Usable],0,0,0,,
4645,Maple Coat,8,[Armor],-1,-1,-1,,
4644,Patissia,240,[Enhancer Crysta (Purple)],1,6,100,,
4643,Patissia's Hat,6,[Additional],-1,-1,-1,,
4642,Airbag Vest,1,[Usable],15,5,16,,
4641,Barrier Analyzer Lithograph,1,[Usable],15,5,16,,
4640,Penetrating Oil,1,[Usable],15,5,16,,
4639,Energy Pill,1,[Usable],14,5,15,,
4638,Sorcerer's Nostrum,1,[Usable],14,5,15,,
4637,Mana Catalyst,1,[Usable],14,5,15,,
4636,Darling Tiara,6,[Additional],300,6,100,,
4635,Darling Crown,6,[Additional],300,6,100,,
4634,Mummy Headscarf,6,[Additional],-1,-1,-1,,
4633,Citric Essence,14,[Material],-1,5,-1,,
4632,Repthon,210,[Enhancer Crysta (Red)],1,6,100,,
4631,Repthon Crystal,14,[Material],27,3,27,,
4630,Repthon Wings,14,[Material],23,4,23,,
4629,Crystal Shell Fragment,14,[Material],19,1,19,,
4628,Triangulum Bowgun,10,[Bowgun],160,2,80,,
4627,Floating Sphere,14,[Material],21,3,5,,
4626,Broken Artificial Arm,14,[Material],19,3,20,,
4625,Frock Coat Scrap,14,[Material],17,4,16,,
4624,Librarian Hat,6,[Additional],85,4,42,,
4623,Illegible Academic Book,14,[Material],21,6,5,,
4622,Quality Parchment,14,[Material],19,4,20,,
4621,Strange Page,14,[Material],17,5,17,,
4620,Adamantine Katana,27,[Katana],160,3,80,,
4619,Condenser Lens,14,[Material],21,6,5,,
4618,Electrified Lightning Rod,14,[Material],19,3,18,,
4617,Diaphragm,14,[Material],17,3,17,,
4616,Elven Arrow,7,[Arrow],160,2,80,,
4615,Citrine Eye,14,[Material],20,3,19,,
4614,Gray Crystal Ore,14,[Material],18,3,18,,
4613,Mansion Cornerstone,14,[Material],16,3,16,,
4612,Tardigrademon,230,[Enhancer Crysta (Yellow)],1,6,100,,
4611,Chitinous Crimson Sphere,14,[Material],22,6,5,,
4610,Gladiator Helmet,6,[Additional],82,3,41,,
4609,Legume Button,14,[Material],20,5,20,,
4608,Gorgeous Cupule,14,[Material],18,2,18,,
4607,Standing Leaf Collar,14,[Material],16,2,16,,
4606,Fruit Cap,6,[Additional],77,4,38,,
4605,Corroded Tail Thorn,14,[Material],20,1,20,,
4604,Tardigrande Skin,14,[Material],18,4,18,,
4603,Calcareous Tooth Stinger,14,[Material],16,1,16,,
4602,Graviton Glaive,26,[Halberd],-1,-1,-1,,
4601,Gravitar,15,[Magic Device],-1,-1,-1,,
4600,Bark Mail,8,[Armor],180,2,90,,
4599,Aquarator,15,[Magic Device],160,6,80,,
4598,Bark Mail,8,[Armor],180,2,90,,
4597,Holy Shield,17,[Shield],160,3,80,,
4596,Aquarator,15,[Magic Device],160,6,80,,
4595,Fish Bone Chips,1,[Usable],0,6,1,,
4594,Yozakura Wings,15,[Magic Device],1,6,2,,
4593,Scarlet Sakura Fairy Sword,27,[Katana],1,6,300,,
4592,Spirit Staff,19,[Staff],160,2,80,,
4591,Spirit Staff,19,[Staff],160,2,80,,
4590,Rosetta Stone,18,[Special],-1,-1,-1,,
4589,Oriental Robe,8,[Armor],-1,-1,-1,,
4588,Sealing Bandage,18,[Special],-1,-1,-1,,
4587,Ankh of Resurrection,18,[Special],-1,-1,-1,,
4586,Rosetta Shard,18,[Special],-1,-1,-1,,
4585,Golden Casket,1,[Usable],1,3,30,,
4584,Demon Mask,14,[Material],25,3,25,,
4583,Deteriorated Chain,14,[Material],27,3,27,,
4582,Otherworld Rubble,14,[Material],23,3,23,,
4581,Demon Membrane Fragment,14,[Material],19,4,19,,
4580,Red Steel,14,[Material],20,3,20,,
4579,Turquoise Horn,14,[Material],21,1,21,,
4578,Brutal Fang,14,[Material],19,1,19,,
4577,Inflamed Skin,14,[Material],17,4,16,,
4576,Old Casket,14,[Material],20,3,20,,
4575,Mystical Glass Sphere,14,[Material],21,6,5,,
4574,Morga Stone,14,[Material],19,3,19,,
4573,Tattered Bandage,14,[Material],17,4,17,,
4572,Little Fang,14,[Material],17,1,17,,
4571,HP+600,20,[Normal Crysta],1,6,2,,
4570,Cactus Steak,1,[Usable],21,5,20,,
4569,Bloodsmelling Thorn,14,[Material],19,2,19,,
4568,Deformed Petal,14,[Material],17,2,17,,
4567,Demonic Eye,220,[Enhancer Crysta (Green)],1,6,100,,
4566,Demon Serum,14,[Material],10,6,2,,
4565,Cursed Evil Eye,14,[Material],21,6,5,,
4564,Bizarre Skin,14,[Material],19,4,20,,
4563,Demonic Quasar,22,[Armor Crysta],1,6,100,,
4562,Quasar Barrel,10,[Bowgun],-1,-1,-1,,
4561,Quasar Arm,13,[Knuckles],-1,-1,-1,,
4560,Red Steel Box,1,[Usable],1,3,30,,
4559,Red Steel Buckler,17,[Shield],-1,-1,-1,,
4558,Red Steel Arcus,9,[Bow],-1,-1,-1,,
4557,Red Steel Tonfa,13,[Knuckles],-1,-1,-1,,
4556,Red Steel Staff,19,[Staff],-1,-1,-1,,
4555,Red Steel Slayer,4,[1 Handed Sword],-1,-1,-1,,
4554,Felicitoad,230,[Enhancer Crysta (Yellow)],1,6,100,,
4553,Golden Rod,19,[Staff],-1,-1,-1,,
4552,Golden Barrel,10,[Bowgun],-1,-1,-1,,
4551,Twilight Sakura Red Stone,14,[Material],10,6,7,,
4550,Sakura Eater Crystal,14,[Material],19,3,19,,
4549,Corroded Yozakura,14,[Material],15,2,15,,
4548,Amalgam,240,[Enhancer Crysta (Purple)],1,6,100,,
4547,Twilight Sakura Arrow,7,[Arrow],-1,-1,-1,,
4546,Twilight Sakura Dagger,11,[Dagger],-1,-1,-1,,
4545,Sakura Kimono IV,8,[Armor],180,4,90,,
4544,Sakura Kimono IV,8,[Armor],180,4,90,,
4543,Sakura School Cap,6,[Additional],180,4,90,,
4542,Princess Sakuya Crown,6,[Additional],160,6,350,,
4541,Twilight Sakura Cape,6,[Additional],140,6,70,,
4540,Gravicep Accessory Chip,14,[Material],25,3,25,,
4539,Mortal Lamina,27,[Katana],-1,-1,-1,,
4538,Mortal Slate,19,[Staff],-1,-1,-1,,
4537,Gravicep,20,[Normal Crysta],1,6,100,,
4536,Gravicep Eye Crest,14,[Material],27,6,6,,
4535,Gravicep Huge Arm,14,[Material],23,3,23,,
4534,Gravicep Claw,14,[Material],19,1,19,,
4533,Acid Gun,10,[Bowgun],-1,-1,-1,,
4532,Holy Sword,4,[1 Handed Sword],160,3,80,,
4531,Fish Bone Cracker,1,[Usable],20,5,20,,
4530,Sharp Twisted Horns,14,[Material],18,1,18,,
4529,Chipped Blade Fin,14,[Material],16,4,16,,
4528,Canemofish,22,[Armor Crysta],1,6,100,,
4527,Crystal Pouch,14,[Material],-1,-1,-1,,
4526,Waist Armor,6,[Additional],85,4,42,,
4525,Sharp Fish Fang,14,[Material],20,1,20,,
4524,Strong Copper Scale,14,[Material],18,1,18,,
4523,Shredded Polyp,14,[Material],16,5,16,,
4522,Vise Claws,13,[Knuckles],160,3,80,,
4521,Highly Poisonous Crystal,14,[Material],20,6,5,,
4520,Starfish Crude Venom,14,[Material],18,5,18,,
4519,Sturdy Papula,14,[Material],16,4,16,,
4518,Poison Needle,7,[Arrow],170,5,85,,
4517,Grape Juice,1,[Usable],18,5,17,,
4516,Dazzling Ruff,14,[Material],18,4,18,,
4515,Poison Bubbles,14,[Material],16,5,16,,
4514,VIT+6,20,[Normal Crysta],1,6,2,,
4513,Homunculus Tooth,14,[Material],19,6,4,,
4512,Wriggling Sphere,14,[Material],17,3,17,,
4511,Strong Jaws,14,[Material],15,1,15,,
4510,Dark Night Talisman,18,[Special],75,2,37,,
4509,Homunculus Skeleton,14,[Material],19,6,4,,
4508,Flapping Hell Ears,14,[Material],17,1,18,,
4507,Shining Pebble,14,[Material],15,3,15,,
4506,Homunculus Heart,14,[Material],19,6,4,,
4505,Pupalov Stone,14,[Material],17,3,18,,
4504,Corroded Bone,14,[Material],15,1,14,,
4503,Hexa Glasses,6,[Additional],77,3,38,,
4502,Rilevatore,15,[Magic Device],180,6,90,,
4501,Indigo Jet Sword,5,[2 Handed Sword],180,3,90,,
4500,Ghastly Edge,5,[2 Handed Sword],160,3,80,,
4499,Hexa Glasses,6,[Additional],77,3,38,,
4498,Bull Horns,6,[Additional],87,1,43,,
4497,Rilevatore,15,[Magic Device],180,6,90,,
4496,Indigo Jet Sword,5,[2 Handed Sword],180,3,90,,
4495,Ghastly Edge,5,[2 Handed Sword],160,3,80,,
4494,Rose Bun Wig,6,[Additional],-1,-1,-1,,
4493,Cupid Bow II,9,[Bow],1,6,100,,
4492,Sweet Spoon II,19,[Staff],1,6,100,,
4491,Super Sweet Syrup,14,[Material],30,6,50,,
4490,Fluffy Marshmallow,14,[Material],20,6,40,,
4489,Mercy,23,[Additional Crysta],1,6,100,,
4488,Piping Hot Syrup,14,[Material],10,6,30,,
4487,Filecia's Smore,1,[Usable],-1,-1,-1,,
4486,Fortuita Vestibus,8,[Armor],120,4,60,,
4485,Fortuita Vestibus,8,[Armor],120,4,60,,
4484,Milk Chocolate Churro,27,[Katana],190,5,95,,
4483,Macaron Tower Lance,26,[Halberd],190,5,95,,
4482,Marshmallow Knife,11,[Dagger],130,5,65,,
4481,Tortoiseshell Frame,6,[Additional],1,5,2,,
4480,Sling Bag with Gift,6,[Additional],1,4,2,,
4479,Scary Scarf,6,[Additional],90,4,45,,
4478,Potumotter,24,[Special Crysta],1,6,100,,
4477,Lightning Flame,19,[Staff],170,2,85,,
4476,Potum Beans,1,[Usable],1,0,0,,
4475,Potum Backpack,6,[Additional],1,4,2,,
4474,Sapphire Roga,220,[Enhancer Crysta (Green)],1,6,100,,
4473,Sapphire Mace,4,[1 Handed Sword],180,3,90,,
4472,Sapphire Shield,17,[Shield],180,3,90,,
4471,Sapphire Roga Horns,14,[Material],22,3,23,,
4470,Core of Sapphire Roga,14,[Material],26,6,6,,
4469,Floating Corroded Crystal Bit,14,[Material],22,3,21,,
4468,Broken Crystal Stick,14,[Material],18,3,18,,
4467,Blood Smeared Crystal,210,[Enhancer Crysta (Red)],1,6,100,,
4466,Blood Crystal,14,[Material],29,6,6,,
4465,Blood Red Gemstone,14,[Material],20,6,5,,
4464,Bubble Helmet,6,[Additional],80,3,40,,
4463,Spinning Cube,14,[Material],20,6,5,,
4462,Eerie Claw,14,[Material],18,1,18,,
4461,Elastic Skin,14,[Material],16,4,16,,
4460,Ghastly Edge,5,[2 Handed Sword],160,3,80,,
4459,Goblin Crystal,14,[Material],20,6,5,,
4458,Tough Waistband,14,[Material],18,4,18,,
4457,Damaged Pants,14,[Material],16,4,16,,
4456,Aquarator,15,[Magic Device],160,6,80,,
4455,Bloody Red Gemstone,14,[Material],20,6,5,,
4454,Hard Water,1,[Usable],18,5,16,,
4453,Jiggling Fin,14,[Material],16,4,16,,
4452,Supple Ring,18,[Special],80,1,40,,
4451,Mutated Wood,14,[Material],20,2,19,,
4450,Perilous Essence,14,[Material],18,5,19,,
4449,Creasy Skin,14,[Material],16,4,16,,
4448,Dodge+12,20,[Normal Crysta],1,6,2,,
4447,Dikkit Sector,1,[Usable],1,6,1,,
4446,Birb Rectrix,14,[Material],17,1,17,,
4445,Cracked Eggshell,14,[Material],15,1,14,,
4444,Fluffy Cape,6,[Additional],75,4,37,,
4443,Tasty Grass,14,[Material],15,5,14,,
4442,Apple Arrow,7,[Arrow],155,2,77,,
4441,Yellow Apple,1,[Usable],17,5,17,,
4440,Soft Green Leaf,14,[Material],15,5,15,,
4439,Pliant Pedicel,14,[Material],15,2,15,,
4438,Potum Hood,6,[Additional],80,4,2,,
4437,Kanpuu,27,[Katana],150,3,75,,
4436,Eroded Rebellion,26,[Halberd],170,6,85,,
4435,Ignis Glaive,26,[Halberd],160,3,80,,
4434,Flugel,15,[Magic Device],150,6,75,,
4433,Eroded Strahl,9,[Bow],170,6,85,,
4432,Punisher Bow,9,[Bow],160,3,80,,
4431,Trench Cape,6,[Additional],-1,-1,-1,,
4430,Harmony Shield,17,[Shield],150,3,75,,
4429,Kanpuu,27,[Katana],150,3,75,,
4428,Eroded Rebellion,26,[Halberd],170,6,85,,
4427,Ignis Glaive,26,[Halberd],160,3,80,,
4426,Flugel,15,[Magic Device],150,6,75,,
4425,Eroded Strahl,9,[Bow],170,6,85,,
4424,Punisher Bow,9,[Bow],160,3,80,,
4423,Wrapping Ribbon II,6,[Additional],1,4,2,,
4422,Chocolate Eater II,5,[2 Handed Sword],1,6,100,,
4421,Valentia II,15,[Magic Device],1,6,100,,
4420,Lefina's Neo Chocolate,1,[Usable],100,6,30,,
4419,Mochelo Hat,6,[Additional],20,4,10,,
4418,Jeandoux,21,[Weapon Crysta],1,6,100,,
4417,Fragrant Choco Piece,14,[Material],17,5,17,,
4416,Jeandoux Soft Fur,14,[Material],13,1,13,,
4415,Wood Choco Dagger,11,[Dagger],120,5,60,,
4414,Ancient Fruit,14,[Material],10,5,10,,
4413,Chocolate Leaf Talisman,18,[Special],120,5,60,,
4412,Sweet Leaf,14,[Material],10,5,10,,
4411,Seashell Choco Talisman,18,[Special],120,5,60,,
4410,Seashell Milk Chocolate,14,[Material],10,5,10,,
4409,Choco Parfait Staff,19,[Staff],180,6,90,,
4408,Choco Roll Hammer,4,[1 Handed Sword],180,6,90,,
4407,Donut Earmuffs,6,[Additional],1,4,2,,
4406,Heart Knapsack,6,[Additional],1,4,2,,
4405,Orion's Sword,27,[Katana],165,6,82,,
4404,Snowwear,8,[Armor],1,4,2,,
4403,Snowboard,6,[Additional],1,2,2,,
4402,Snowboard Googles,6,[Additional],1,4,2,,
4401,Demon Potum,6,[Additional],1,3,100,,
4400,Thunder Drums,6,[Additional],1,6,100,,
4399,Tiger Fur Cape,6,[Additional],1,1,100,,
4398,Kuzto,21,[Weapon Crysta],1,6,100,,
4397,Mystical Nut,14,[Material],24,5,25,,
4396,Bark Mail,8,[Armor],180,2,90,,
4395,Kuzto Mask,6,[Additional],90,2,45,,
4394,Broken Kuzto Mask,14,[Material],26,2,26,,
4393,Quality Herb,14,[Material],22,5,23,,
4392,Kuzto Splinter,14,[Material],18,2,18,,
4391,Mega Alpoca,230,[Enhancer Crysta (Yellow)],1,6,100,,
4390,Fur Collar,6,[Additional],-1,-1,-1,,
4389,Trunk Backpack,6,[Additional],82,4,41,,
4388,Alpoca Fur,14,[Material],20,4,21,,
4387,Smooth Fine Hair,14,[Material],18,1,17,,
4386,Cushy Tail,14,[Material],16,1,16,,
4385,Katze Gloves,13,[Knuckles],150,4,75,,
4384,Lychee,1,[Usable],20,5,20,,
4383,Plant Tail,14,[Material],18,5,18,,
4382,Monster Plant Splinter,14,[Material],16,2,16,,
4381,Insect Knife,11,[Dagger],160,3,80,,
4380,Insect Energy,14,[Material],22,6,5,,
4379,Elfin Bow,9,[Bow],150,2,75,,
4378,Elf Berry,1,[Usable],20,5,20,,
4377,Labilans Wood,14,[Material],18,2,18,,
4376,Old Tree Bark,14,[Material],16,2,17,,
4375,Tree Talisman,18,[Special],75,2,37,,
4374,Parasitic Plant Seed,14,[Material],19,2,19,,
4373,Vampire Root,14,[Material],17,2,17,,
4372,Dried Leaf,14,[Material],15,2,15,,
4371,ASPD+120,20,[Normal Crysta],1,6,2,,
4370,Dark Green Crystal,14,[Material],19,6,4,,
4369,Mossy Ears,14,[Material],17,1,17,,
4368,Chipped Foretooth,14,[Material],15,1,15,,
4367,Mysterious Hood,6,[Additional],65,4,32,,
4366,Round Insect Cage,14,[Material],19,3,19,,
4365,Broken Ocarina,14,[Material],17,2,16,,
4364,Luminous Robe Scrap,14,[Material],15,4,15,,
4363,Porcupine Crossbow,10,[Bowgun],170,1,85,,
4362,Flower Earrings,6,[Additional],-1,-1,-1,,
4361,Emblem Cloak,6,[Additional],-1,-1,-1,,
4360,Porcupine Quills Shield,17,[Shield],170,1,85,,
4359,Porcupine Crossbow,10,[Bowgun],170,1,85,,
4358,Zodiac Hat: Rat,6,[Additional],1,6,2,,
4357,Omochi,23,[Additional Crysta],1,6,2,,
4356,Zodiac Rat Box,1,[Usable],1,0,0,,
4355,Zega IV,210,[Enhancer Crysta (Red)],1,6,100,,
4354,Blancanine Ears,6,[Additional],97,1,48,,
4353,Blancanine Armor,8,[Armor],195,1,97,,
4352,Blancanine the White Fang,21,[Weapon Crysta],1,6,100,,
4351,Zel Blade,5,[2 Handed Sword],150,3,75,,
4350,Zel Shooter,9,[Bow],150,3,75,,
4349,Crystal Knuckles,13,[Knuckles],150,3,75,,
4348,Crystal Lamina,27,[Katana],150,3,75,,
4346,Zahhak Shield,17,[Shield],131,3,66,,
4345,Zahhak Sword,4,[1 Handed Sword],130,3,65,,
4344,1st Anniv Hat,6,[Additional],-1,-1,-1,,
4343,1st Anniv Ribbon,6,[Additional],-1,-1,-1,,
4342,Glacial Ice Flower,14,[Material],-1,6,30,,
4341,Santa Suit V,8,[Armor],1,6,20,,
4340,Velly's Hat,6,[Additional],1,4,2,,
4339,Ice Rose Corsage,6,[Additional],1,6,2,,
4338,Ice Cape,6,[Additional],1,4,1,,
4337,Snowflake Earrings,6,[Additional],1,6,2,,
4336,Glacial Ice Katana,27,[Katana],165,6,82,,
4335,Glacial Ice Bow,9,[Bow],165,6,82,,
4334,Glacial Ice Sword,4,[1 Handed Sword],165,6,82,,
4333,Glacial Ice Katana,27,[Katana],165,6,82,,
4332,Glacial Ice Bow,9,[Bow],165,6,82,,
4331,Glacial Ice Sword,4,[1 Handed Sword],165,6,82,,
4330,Glacial Ice Katana,27,[Katana],165,6,82,,
4329,Glacial Ice Bow,9,[Bow],165,6,82,,
4328,Glacial Ice Sword,4,[1 Handed Sword],165,6,82,,
4327,Evil Shadow,22,[Armor Crysta],1,6,100,,
4326,Glacial Icicle,15,[Magic Device],165,6,82,,
4325,Glacial Icicle,15,[Magic Device],165,6,82,,
4324,Glacial Icicle,15,[Magic Device],165,6,82,,
4323,Shawle,20,[Normal Crysta],1,6,100,,
4322,Santa Hood,6,[Additional],1,4,50,,
4321,Poinsettia Hair Ornament,6,[Additional],1,5,75,,
4320,Sacred Blue Candle,14,[Material],15,0,0,,
4319,Sacred Red Candle,14,[Material],15,0,0,,
4318,Gift Toy,14,[Material],20,2,20,,
4317,Gift Plushie,14,[Material],19,4,19,,
4316,Anemos Blade,5,[2 Handed Sword],140,3,70,,
4315,Sorting Knife,11,[Dagger],160,3,80,,
4314,Driver Bolt,7,[Arrow],160,3,80,,
4313,Sorting Knife,11,[Dagger],160,3,80,,
4312,Driver Bolt,7,[Arrow],160,3,80,,
4311,Sorting Knife,11,[Dagger],160,3,80,,
4310,Driver Bolt,7,[Arrow],160,3,80,,
4309,Jingle Bells,6,[Additional],1,3,25,,
4308,Yashiro Azuki's Smiley,6,[Additional],1,0,0,,
4307,Nuthoreth,200,[Enhancer Crysta (Blue)],1,6,100,,
4306,Thunder Axe,4,[1 Handed Sword],-1,-1,-1,,
4305,Pineapple Hat,6,[Additional],-1,-1,-1,,
4304,Volgagon,24,[Special Crysta],1,6,100,,
4303,Pyxtica's Tail,14,[Material],23,1,23,,
4302,Indigo Jet Sword,5,[2 Handed Sword],180,3,90,,
4301,Rilevatore,15,[Magic Device],180,6,90,,
4300,Pyxtica,220,[Enhancer Crysta (Green)],1,6,100,,
4299,Pyxtica's Eyeball,14,[Material],26,6,6,,
4298,Pyxtica's Fragment,14,[Material],18,3,17,,
4297,Pyxtica's Crystal Fang,14,[Material],22,1,22,,
4296,Armasite,21,[Weapon Crysta],1,6,100,,
4295,Amethyst Flower,14,[Material],-1,6,-1,,
4294,Flugel,15,[Magic Device],150,6,75,,
4293,Corroded Stem,14,[Material],19,2,18,,
4292,Mutated Plant Thorn,14,[Material],17,2,16,,
4290,Serein Arrow,7,[Arrow],150,2,75,,
4289,Broken Stem,14,[Material],19,2,19,,
4288,Torn Necklace,14,[Material],17,2,17,,
4287,Horn-Like Bud,14,[Material],15,2,15,,
4286,Goggling Eyes,14,[Material],19,5,19,,
4285,Old Metal Part,14,[Material],17,3,17,,
4284,Mysterious Waist Sash,14,[Material],15,4,15,,
4283,Rose Charm,6,[Additional],82,5,42,,
4282,Inner Eye,14,[Material],19,6,4,,
4281,Big Molar,14,[Material],17,1,17,,
4280,Hard Epidermis,14,[Material],15,4,15,,
4279,Dirty Leather Shoes,14,[Material],18,1,18,,
4278,Stoat Fur,14,[Material],16,4,16,,
4277,Warning Bell,14,[Material],14,3,14,,
4276,Elf Ingot,14,[Material],18,6,4,,
4275,Processed Iron Plate,14,[Material],16,3,16,,
4274,Broken Mainspring,14,[Material],14,3,14,,
4273,Scorching Talisman,18,[Special],75,2,37,,
4272,Good Heavy Oil,14,[Material],18,6,4,,
4271,Broken Flame Arrester,14,[Material],16,3,15,,
4270,Burnt Nozzle,14,[Material],14,3,14,,
4269,Rozerum,5,[2 Handed Sword],150,3,75,,
4268,Tail Fur,6,[Additional],67,1,33,,
4267,Neckerchief,6,[Additional],77,4,38,,
4266,Elfin Armor,8,[Armor],150,4,75,,
4265,Piton Wristband,13,[Knuckles],165,1,82,,
4264,Piton Staff,19,[Staff],165,1,82,,
4263,Natra Bowgun,10,[Bowgun],150,2,75,,
4262,Shotel,4,[1 Handed Sword],150,3,75,,
4261,Thief's Keys,6,[Additional],85,3,42,,
4260,Neckerchief,6,[Additional],77,4,38,,
4259,Elfin Armor,8,[Armor],150,4,75,,
4258,Piton Wristband,13,[Knuckles],165,1,82,,
4257,Piton Staff,19,[Staff],165,1,82,,
4256,Natra Bowgun,10,[Bowgun],150,2,75,,
4255,Shotel,4,[1 Handed Sword],150,3,75,,
4254,Corn Snack,1,[Usable],63,-1,63,,
4253,Kinaco's Photo,14,[Material],62,-1,62,,
4252,Cutesy Cone,14,[Material],61,-1,61,,
4251,Dark Note Paper,14,[Material],60,-1,60,,
4250,Narumi Hina,23,[Additional Crysta],59,-1,59,,
4249,Yashiro Azuki's Dad,23,[Additional Crysta],58,-1,58,,
4248,Yashiro Azuki's Dad's Mask,6,[Additional],57,-1,57,,
4247,Death Samurai Sword III,27,[Katana],56,-1,56,,
4246,Death Samurai Sword II,27,[Katana],55,-1,55,,
4245,Death Samurai Sword,27,[Katana],54,-1,54,,
4244,Windblast Cone Spear III,26,[Halberd],53,-1,53,,
4243,Windblast Cone Spear II,26,[Halberd],52,-1,52,,
4242,Windblast Cone Spear,26,[Halberd],51,-1,51,,
4241,Lethal Silver Knuckles III,13,[Knuckles],50,-1,50,,
4240,Lethal Silver Knuckles II,13,[Knuckles],49,-1,49,,
4239,Lethal Silver Knuckles,13,[Knuckles],48,-1,48,,
4238,Infinity Cone III,15,[Magic Device],47,-1,47,,
4237,Infinity Cone II,15,[Magic Device],46,-1,46,,
4236,Infinity Cone,15,[Magic Device],45,-1,45,,
4235,Abracadabra Cone III,19,[Staff],44,-1,44,,
4234,Abracadabra Cone II,19,[Staff],43,-1,43,,
4233,Abracadabra Cone,19,[Staff],42,-1,42,,
4232,Death Gun III,10,[Bowgun],41,-1,41,,
4231,Death Gun II,10,[Bowgun],40,-1,40,,
4230,Death Gun,10,[Bowgun],39,-1,39,,
4229,Cone Bow III,9,[Bow],38,-1,38,,
4228,Cone Bow II,9,[Bow],37,-1,37,,
4227,Cone Bow,9,[Bow],36,-1,36,,
4226,Super Niello Sword III,5,[2 Handed Sword],35,-1,35,,
4225,Super Niello Sword II,5,[2 Handed Sword],34,-1,34,,
4224,Super Niello Sword,5,[2 Handed Sword],33,-1,33,,
4223,Burning Cross Dagger III,4,[1 Handed Sword],32,-1,32,,
4222,Burning Cross Dagger II,4,[1 Handed Sword],31,-1,31,,
4221,Burning Cross Dagger,4,[1 Handed Sword],30,-1,30,,
4220,Death Samurai Sword III,27,[Katana],29,-1,29,,
4219,Death Samurai Sword II,27,[Katana],28,-1,28,,
4218,Death Samurai Sword,27,[Katana],27,-1,27,,
4217,Windblast Cone Spear III,26,[Halberd],26,-1,26,,
4216,Windblast Cone Spear II,26,[Halberd],25,-1,25,,
4215,Windblast Cone Spear,26,[Halberd],24,-1,24,,
4214,Lethal Silver Knuckles III,13,[Knuckles],23,-1,23,,
4213,Lethal Silver Knuckles II,13,[Knuckles],22,-1,22,,
4212,Lethal Silver Knuckles,13,[Knuckles],21,-1,21,,
4211,Infinity Cone III,15,[Magic Device],20,-1,20,,
4210,Infinity Cone II,15,[Magic Device],19,-1,19,,
4209,Infinity Cone,15,[Magic Device],18,-1,18,,
4208,Abracadabra Cone III,19,[Staff],17,-1,17,,
4207,Abracadabra Cone II,19,[Staff],16,-1,16,,
4206,Abracadabra Cone,19,[Staff],15,-1,15,,
4205,Death Gun III,10,[Bowgun],14,-1,14,,
4204,Death Gun II,10,[Bowgun],13,-1,13,,
4203,Death Gun,10,[Bowgun],12,-1,12,,
4202,Cone Bow III,9,[Bow],11,-1,11,,
4201,Cone Bow II,9,[Bow],10,-1,10,,
4200,Cone Bow,9,[Bow],9,-1,9,,
4199,Super Niello Sword III,5,[2 Handed Sword],8,-1,8,,
4198,Super Niello Sword II,5,[2 Handed Sword],7,-1,7,,
4197,Super Niello Sword,5,[2 Handed Sword],6,-1,6,,
4196,Burning Cross Dagger III,4,[1 Handed Sword],5,-1,5,,
4195,Burning Cross Dagger II,4,[1 Handed Sword],4,-1,4,,
4194,Burning Cross Dagger,4,[1 Handed Sword],3,-1,3,,
4193,Fluffy Kinaco Onesie,8,[Armor],2,-1,2,,
4192,Fluffy Kinaco on the Head,6,[Additional],1,-1,1,,
4191,Yashiro Azuki's Wife's Mask,6,[Additional],0,-1,0,,
4190,Treat Arrow,7,[Arrow],-1,-1,-1,,
4189,Trick Dagger,11,[Dagger],-1,-1,-1,,
4188,Drama Clown,21,[Weapon Crysta],-1,-1,-1,,
4187,Mini Witch Hat,6,[Additional],1,4,2,,
4186,Mini Witch Hat,6,[Additional],1,4,2,,
4185,Radibat,20,[Normal Crysta],1,6,100,,
4184,Crow Robe,8,[Armor],-1,-1,-1,,
4183,Zarth,230,[Enhancer Crysta (Yellow)],1,6,100,,
4182,Pumpkin Mask,6,[Additional],1,6,10,,
4181,Medic Coat,8,[Armor],60,4,30,,
4180,Jeila'sSouffle,1,[Usable],1,5,2,,
4179,Zoe's Tart,1,[Usable],1,5,2,,
4178,Magical Meat Pie,1,[Usable],15,5,15,,
4177,Mini Witch Hat,6,[Additional],1,4,2,,
4176,Moving Carrot Cake,1,[Usable],15,5,15,,
4175,Shocking House Choco,1,[Usable],15,5,15,,
4174,Magical Skirt,6,[Additional],1,4,2,,
4173,Halloween Star,14,[Material],18,6,37,,
4172,Ghost Zipper,6,[Additional],-1,-1,-1,,
4171,Kity Hood Scarf,6,[Additional],-1,-1,-1,,
4170,Pumpkin Calyx,6,[Additional],-1,-1,-1,,
4169,Eyeball Ribbon,6,[Additional],-1,-1,-1,,
4168,Mummy Stole,6,[Additional],-1,-1,-1,,
4167,Raven Lance,26,[Halberd],-1,-1,-1,,
4166,Rescue Gloves,13,[Knuckles],-1,-1,-1,,
4165,Mischievous Magic Book,19,[Staff],-1,-1,-1,,
4164,Cross Espada,5,[2 Handed Sword],-1,-1,-1,,
4163,Usasama the Necromancer II,210,[Enhancer Crysta (Red)],1,6,100,,
4162,Bayonette,10,[Bowgun],-1,-1,-1,,
4161,Gerumi Head,6,[Additional],1,6,2,,
4160,Zell Bag,14,[Material],1,3,2,,
4159,Vita Plus (Alchemy),1,[Usable],10,0,0,,
4158,Revita (Alchemy),1,[Usable],1,0,0,,
4157,Gerumi,20,[Normal Crysta],1,6,2,,
4156,Zell Wooden Box,1,[Usable],10,0,0,,
4155,Dark Red Fluid,14,[Material],21,5,21,,
4154,Frenzy Viola,24,[Special Crysta],1,6,100,,
4153,Fruit Cap,6,[Additional],77,4,38,,
4152,Dragon Claw Katana,27,[Katana],165,6,82,,
4151,Crescent Blade,26,[Halberd],150,3,75,,
4150,Prism Ring,15,[Magic Device],141,6,71,,
4149,Elfin Bow,9,[Bow],150,2,75,,
4148,Rozerum,5,[2 Handed Sword],150,3,75,,
4147,Dark Dragon Fang Sword,4,[1 Handed Sword],165,6,82,,
4146,Dexterity Talisman V,18,[Special],104,2,54,,
4145,Speed Talisman V,18,[Special],103,2,53,,
4144,Stamina Talisman V,18,[Special],102,2,52,,
4143,Magic Talisman V,18,[Special],101,2,51,,
4142,Muscle Talisman V,18,[Special],100,2,50,,
4141,Big Tree Talisman,18,[Special],-1,-1,-1,,
4140,Magic Emblem,6,[Additional],85,5,42,,
4139,Archer Quiver,6,[Additional],82,2,41,,
4138,Falcon Mask,6,[Additional],82,4,41,,
4137,Dragon Claw Katana,27,[Katana],165,6,82,,
4136,Crescent Blade,26,[Halberd],150,3,75,,
4135,Prism Ring,15,[Magic Device],141,6,71,,
4134,Elfin Bow,9,[Bow],150,2,75,,
4133,Rozerum,5,[2 Handed Sword],150,3,75,,
4132,Dark Dragon Fang Sword,4,[1 Handed Sword],165,6,82,,
4131,Broken Mushroom Nail,14,[Material],18,3,18,,
4130,Corroded Mushroom Cap,14,[Material],22,5,21,,
4129,Eroded Pilz,22,[Armor Crysta],1,6,100,,
4128,Eroded Rebellion,26,[Halberd],170,6,85,,
4127,Eroded Strahl,9,[Bow],170,6,85,,
4126,Fellow Spore,14,[Material],25,5,25,,
4125,Gladiate Crystal,14,[Material],21,3,21,,
4124,Eroded Pilz Fragment,14,[Material],17,3,17,,
4123,Mushies Fam,6,[Additional],80,5,40,,
4122,Happy Mushroom,1,[Usable],19,5,19,,
4121,Kinote Slime Mold,14,[Material],17,5,17,,
4120,Poison Mushroom Spore,14,[Material],15,5,14,,
4119,Kanpuu,27,[Katana],150,3,75,,
4118,Temptation Flower,14,[Material],19,6,4,,
4117,Mysterious Skull,14,[Material],17,1,16,,
4116,Carnivorous Plant Tooth,14,[Material],15,1,15,,
4115,Shaman Staff,19,[Staff],150,2,75,,
4114,Petrified Wood,14,[Material],19,6,4,,
4113,Poisonous Leaf,14,[Material],17,5,17,,
4112,Purple Root,14,[Material],15,2,15,,
4111,Natra Bowgun,10,[Bowgun],150,3,65,,
4110,Aroma Herb,14,[Material],17,5,17,,
4109,Spoiled Herb,14,[Material],15,5,14,,
4108,Dex+6,20,[Normal Crysta],1,6,2,,
4107,Larva Silk,14,[Material],18,4,19,,
4106,Paralyzing Antenna,14,[Material],16,1,16,,
4105,Moss Tree Bark,14,[Material],14,2,14,,
4104,Fairy Hat,6,[Additional],60,4,30,,
4103,Green Lemon,14,[Material],18,5,18,,
4102,Climbing Claw,14,[Material],16,1,15,,
4101,Green Frill-Ear,14,[Material],14,1,14,,
4100,Book Holder,6,[Additional],70,4,35,,
4099,Carnivorous Plant Seed,14,[Material],18,5,18,,
4098,Ein Wood,14,[Material],16,2,16,,
4097,Tough Branch,14,[Material],14,2,14,,
4096,Sunflower,19,[Staff],1,5,2,,
4095,Moonlight Sword,4,[1 Handed Sword],155,6,77,,
4094,New Moon Naginata,26,[Halberd],155,6,77,,
4093,Moonlight Crab Butter,14,[Material],17,6,4,,
4092,Giant Moon Crab,210,[Enhancer Crysta (Red)],1,6,100,,
4091,Crab Pincers,13,[Knuckles],155,1,77,,
4090,Moonlit Night Pyroxene,14,[Material],1,6,2,,
4089,Soft Crabmeat,1,[Usable],11,5,12,,
4088,Moonlight Shield,17,[Shield],155,6,77,,
4087,Moonlight Sword,4,[1 Handed Sword],155,6,77,,
4086,New Moon Naginata,26,[Halberd],155,6,77,,
4085,Bunny Tail,6,[Additional],1,4,2,,
4084,Pestle,5,[2 Handed Sword],1,2,100,,
4083,Tuscog,200,[Enhancer Crysta (Blue)],1,6,100,,
4082,Porcupine Quills Shield,17,[Shield],170,1,85,,
4081,Porcupine Crossbow,10,[Bowgun],170,1,85,,
4080,Heinous Gaze,14,[Material],23,6,5,,
4079,Mottled Quill,14,[Material],25,1,26,,
4078,Tuscog Claw,14,[Material],21,1,20,,
4077,Tuscog Fang,14,[Material],17,1,17,,
4076,Shotel,4,[1 Handed Sword],150,3,75,,
4075,Lunar Rock,14,[Material],19,6,4,,
4074,Werewolf Fang,14,[Material],17,1,18,,
4073,Werewolf Fur,14,[Material],15,1,14,,
4072,Crescent Blade,26,[Halberd],150,3,75,,
4071,Sharp Poison Needle,14,[Material],17,3,17,,
4070,Tough Insect Wings,14,[Material],15,4,15,,
4069,Harmony Shield,17,[Shield],150,3,75,,
4068,Beautiful Tortoiseshell,14,[Material],19,6,4,,
4067,Eryldan Wood,14,[Material],17,2,17,,
4066,Shell-Attached Moss,14,[Material],15,5,16,,
4065,Explorer Canteen,6,[Additional],80,3,40,,
4064,Cilantro,14,[Material],19,5,18,,
4063,Racket Tail,14,[Material],17,1,17,,
4062,Fluffy Soft Fur,14,[Material],15,1,15,,
4061,Grimuckus,24,[Special Crysta],1,6,100,,
4060,Mortal Katar,13,[Knuckles],-1,-1,-1,,
4059,Pirate Bandana,6,[Additional],67,4,33,,
4058,Blue Fortune,14,[Material],18,6,4,,
4057,Frog Meat,1,[Usable],16,5,16,,
4056,Flabby Belly Skin,14,[Material],14,4,14,,
4055,Gem Earrings,6,[Additional],65,3,32,,
4054,Wazeero Stone,14,[Material],18,3,18,,
4053,Weird Blob,14,[Material],16,5,16,,
4052,Green Slime,14,[Material],14,5,14,,
4051,Accuracy+12,20,[Normal Crysta],1,6,2,,
4050,Tasty Honey,1,[Usable],19,5,20,,
4049,Big Tuber,14,[Material],16,2,16,,
4048,Strong Stem,14,[Material],14,2,14,,
4047,Heaven Feather Garb,8,[Armor],-1,6,80,,
4046,Katze Gloves,13,[Knuckles],150,4,75,,
4045,Shaman Staff,19,[Staff],150,2,75,,
4044,Full Beard,6,[Additional],82,1,41,,
4043,Mushies Fam,6,[Additional],80,5,40,,
4042,Heaven Feather Garb,8,[Armor],-1,6,80,,
4041,Katze Gloves,13,[Knuckles],150,4,75,,
4040,Shaman Staff,19,[Staff],150,2,75,,
4039,4th Anniv Champion Holder II,1,[Usable],300,6,35,,
4038,Takoyaki Head,6,[Additional],1,5,2,,
4037,Summer Fest Potum Mask,6,[Additional],1,5,2,,
4036,Blindfold,6,[Additional],1,4,2,,
4035,Cool Summer Yukata II,8,[Armor],150,4,75,,
4034,Bokuto,27,[Katana],1,2,2,,
4033,Float,15,[Magic Device],1,5,2,,
4032,Grilled Squid,26,[Halberd],1,5,2,,
4031,Popsicle,5,[2 Handed Sword],1,5,2,,
4030,Toy Gun,13,[Knuckles],1,5,2,,
4029,Aqua Shooter,10,[Bowgun],1,5,2,,
4028,Slingshot,9,[Bow],1,2,2,,
4027,Firework Stick,4,[1 Handed Sword],1,5,2,,
4026,[Book of Dancer],1,[Usable],-1,-1,-1,,
4025,[Book of Minstrel],1,[Usable],-1,-1,-1,,
4024,[Book of Unarmed],1,[Usable],-1,-1,-1,,
4023,Duo Additional Book,18,[Special],0,-1,0,,
4022,Additional Magic Book,18,[Special],-1,-1,-1,,
4021,Braid Extension,6,[Additional],40,4,20,,
4020,Training Gem,12,[Gem],1,0,0,,
4019,Round Glasses,6,[Additional],-1,-1,-1,,
4018,Aquamirror Arrow,7,[Arrow],-1,-1,-1,,
4017,Additional Melee Book,18,[Special],-1,-1,-1,,
4016,Dully Glowing Knife,11,[Dagger],-1,-1,-1,,
4015,Frame Helmet,6,[Additional],-1,-1,-1,,
4014,Ancient Shell Necklace,18,[Special],-1,-1,-1,,
4013,Assassin Waistcloth,6,[Additional],77,4,38,,
4012,4th Anniversary Box,1,[Usable],-1,-1,-1,,
4011,4th Anniv Hat,6,[Additional],1,4,2,,
4010,4th Anniv Headband,6,[Additional],1,4,2,,
4009,4th Anniv Champion Holder,1,[Usable],2,-1,2,,
4008,Anniversary Silk,14,[Material],1,-1,1,,
4007,Golpom 4th Anniv Medal,14,[Material],0,-1,0,,
4006,Silpom 4th Anniv Medal,14,[Material],-1,-1,-1,,
4005,Bropom 4th Anniv Medal,14,[Material],200,6,20,,
4004,Pom 4th Anniv Medal,14,[Material],150,6,15,,
4003,Gold 4th Anniv Medal,14,[Material],100,6,10,,
4002,Silver 4th Anniv Medal,14,[Material],50,6,5,,
4001,Bronze 4th Anniv Medal,14,[Material],25,6,1,,
4000,Seaweed Hat,6,[Additional],2,-1,2,,
3999,Hibiscus,6,[Additional],1,-1,1,,
3998,Resort Swimsuit,8,[Armor],0,-1,0,,
3997,Anniversary Festive Garb,8,[Armor],-1,-1,-1,,
3996,4th Anniv Katana IX,27,[Katana],175,3,87,,
3995,4th Anniv Katana VIII,27,[Katana],160,3,80,,
3994,4th Anniv Katana VII,27,[Katana],145,3,72,,
3993,4th Anniv Katana VI,27,[Katana],130,3,65,,
3992,4th Anniv Katana V,27,[Katana],110,3,55,,
3991,4th Anniv Katana IV,27,[Katana],95,3,47,,
3990,4th Anniv Katana III,27,[Katana],75,3,37,,
3989,4th Anniv Katana II,27,[Katana],50,3,25,,
3988,4th Anniv Katana,27,[Katana],25,3,12,,
3987,4th Anniv Halberd IX,26,[Halberd],175,3,87,,
3986,4th Anniv Halberd VIII,26,[Halberd],160,3,80,,
3985,4th Anniv Halberd VII,26,[Halberd],145,3,72,,
3984,4th Anniv Halberd VI,26,[Halberd],130,3,65,,
3983,4th Anniv Halberd V,26,[Halberd],110,3,55,,
3982,4th Anniv Halberd IV,26,[Halberd],95,3,47,,
3981,4th Anniv Halberd III,26,[Halberd],75,3,37,,
3980,4th Anniv Halberd II,26,[Halberd],50,3,25,,
3979,4th Anniv Halberd,26,[Halberd],25,3,12,,
3978,4th Anniv Knuckles IX,13,[Knuckles],175,3,87,,
3977,4th Anniv Knuckles VIII,13,[Knuckles],160,3,80,,
3976,4th Anniv Knuckles VII,13,[Knuckles],145,3,72,,
3975,4th Anniv Knuckles VI,13,[Knuckles],130,3,65,,
3974,4th Anniv Knuckles V,13,[Knuckles],110,3,55,,
3973,4th Anniv Knuckles IV,13,[Knuckles],95,3,47,,
3972,4th Anniv Knuckles III,13,[Knuckles],75,3,37,,
3971,4th Anniv Knuckles II,13,[Knuckles],50,3,25,,
3970,4th Anniv Knuckles,13,[Knuckles],25,3,12,,
3969,4th Anniv Wings IX,15,[Magic Device],175,6,87,,
3968,4th Anniv Wings VIII,15,[Magic Device],160,6,80,,
3967,4th Anniv Wings VII,15,[Magic Device],145,6,72,,
3966,4th Anniv Wings VI,15,[Magic Device],130,6,65,,
3965,4th Anniv Wings V,15,[Magic Device],110,6,55,,
3964,4th Anniv Wings IV,15,[Magic Device],95,6,47,,
3963,4th Anniv Wings III,15,[Magic Device],75,6,37,,
3962,4th Anniv Wings II,15,[Magic Device],50,6,25,,
3961,4th Anniv Wings,15,[Magic Device],25,6,12,,
3960,4th Anniv Staff IX,19,[Staff],175,2,87,,
3959,4th Anniv Staff VIII,19,[Staff],160,2,80,,
3958,4th Anniv Staff VII,19,[Staff],145,2,72,,
3957,4th Anniv Staff VI,19,[Staff],130,2,65,,
3956,4th Anniv Staff V,19,[Staff],110,2,55,,
3955,4th Anniv Staff IV,19,[Staff],95,2,47,,
3954,4th Anniv Staff III,19,[Staff],75,2,37,,
3953,4th Anniv Staff II,19,[Staff],50,2,25,,
3952,4th Anniv Staff,19,[Staff],25,2,12,,
3951,4th Anniv Bowgun IX,10,[Bowgun],175,2,87,,
3950,4th Anniv Bowgun VIII,10,[Bowgun],160,2,80,,
3949,4th Anniv Bowgun VII,10,[Bowgun],145,2,72,,
3948,4th Anniv Bowgun VI,10,[Bowgun],130,2,65,,
3947,4th Anniv Bowgun V,10,[Bowgun],110,2,55,,
3946,4th Anniv Bowgun IV,10,[Bowgun],95,2,47,,
3945,4th Anniv Bowgun III,10,[Bowgun],75,2,37,,
3944,4th Anniv Bowgun II,10,[Bowgun],50,2,25,,
3943,4th Anniv Bowgun,10,[Bowgun],25,2,12,,
3942,4th Anniv Bow IX,9,[Bow],175,2,87,,
3941,4th Anniv Bow VIII,9,[Bow],160,2,80,,
3940,4th Anniv Bow VII,9,[Bow],145,2,72,,
3939,4th Anniv Bow VI,9,[Bow],130,2,65,,
3938,4th Anniv Bow V,9,[Bow],110,2,55,,
3937,4th Anniv Bow IV,9,[Bow],95,2,47,,
3936,4th Anniv Bow III,9,[Bow],75,2,37,,
3935,4th Anniv Bow II,9,[Bow],50,2,25,,
3934,4th Anniv Bow,9,[Bow],25,2,12,,
3933,4th Anniv Greatsword IX,5,[2 Handed Sword],175,3,87,,
3932,4th Anniv Greatsword VIII,5,[2 Handed Sword],160,3,80,,
3931,4th Anniv Greatsword VII,5,[2 Handed Sword],145,3,72,,
3930,4th Anniv Greatsword VI,5,[2 Handed Sword],130,3,65,,
3929,4th Anniv Greatsword V,5,[2 Handed Sword],110,3,55,,
3928,4th Anniv Greatsword IV,5,[2 Handed Sword],95,3,47,,
3927,4th Anniv Greatsword III,5,[2 Handed Sword],75,3,37,,
3926,4th Anniv Greatsword II,5,[2 Handed Sword],50,3,25,,
3925,4th Anniv Greatsword,5,[2 Handed Sword],25,3,12,,
3924,4th Anniv Sword IX,4,[1 Handed Sword],175,3,87,,
3923,4th Anniv Sword VIII,4,[1 Handed Sword],160,3,80,,
3922,4th Anniv Sword VII,4,[1 Handed Sword],145,3,72,,
3921,4th Anniv Sword VI,4,[1 Handed Sword],130,3,65,,
3920,4th Anniv Sword V,4,[1 Handed Sword],110,3,55,,
3919,4th Anniv Sword IV,4,[1 Handed Sword],95,3,47,,
3918,4th Anniv Sword III,4,[1 Handed Sword],75,3,37,,
3917,4th Anniv Sword II,4,[1 Handed Sword],50,3,25,,
3916,4th Anniv Sword,4,[1 Handed Sword],25,3,12,,
3915,Anniversary Festive Garb,8,[Armor],-1,-1,-1,,
3914,4th Anniv Shield IX,17,[Shield],175,3,87,,
3913,4th Anniv Shield VIII,17,[Shield],160,3,80,,
3912,4th Anniv Shield VII,17,[Shield],145,3,72,,
3911,4th Anniv Shield VI,17,[Shield],130,3,65,,
3910,4th Anniv Shield V,17,[Shield],110,3,55,,
3909,4th Anniv Shield IV,17,[Shield],95,3,47,,
3908,4th Anniv Shield III,17,[Shield],75,3,37,,
3907,4th Anniv Shield II,17,[Shield],50,3,25,,
3906,4th Anniv Shield,17,[Shield],25,3,12,,
3905,4th Anniv Katana IX,27,[Katana],175,3,87,,
3904,4th Anniv Katana VIII,27,[Katana],160,3,80,,
3903,4th Anniv Katana VII,27,[Katana],145,3,72,,
3902,4th Anniv Katana VI,27,[Katana],130,3,65,,
3901,4th Anniv Katana V,27,[Katana],110,3,55,,
3900,4th Anniv Katana IV,27,[Katana],95,3,47,,
3899,4th Anniv Katana III,27,[Katana],75,3,37,,
3898,4th Anniv Katana II,27,[Katana],50,3,25,,
3897,4th Anniv Katana,27,[Katana],25,3,12,,
3896,4th Anniv Halberd IX,26,[Halberd],175,3,87,,
3895,4th Anniv Halberd VIII,26,[Halberd],160,3,80,,
3894,4th Anniv Halberd VII,26,[Halberd],145,3,72,,
3893,4th Anniv Halberd VI,26,[Halberd],130,3,65,,
3892,4th Anniv Halberd V,26,[Halberd],110,3,55,,
3891,4th Anniv Halberd IV,26,[Halberd],95,3,47,,
3890,4th Anniv Halberd III,26,[Halberd],75,3,37,,
3889,4th Anniv Halberd II,26,[Halberd],50,3,25,,
3888,4th Anniv Halberd,26,[Halberd],25,3,12,,
3887,4th Anniv Knuckles IX,13,[Knuckles],175,3,87,,
3886,4th Anniv Knuckles VIII,13,[Knuckles],160,3,80,,
3885,4th Anniv Knuckles VII,13,[Knuckles],145,3,72,,
3884,4th Anniv Knuckles VI,13,[Knuckles],130,3,65,,
3883,4th Anniv Knuckles V,13,[Knuckles],110,3,55,,
3882,4th Anniv Knuckles IV,13,[Knuckles],95,3,47,,
3881,4th Anniv Knuckles III,13,[Knuckles],75,3,37,,
3880,4th Anniv Knuckles II,13,[Knuckles],50,3,25,,
3879,4th Anniv Knuckles,13,[Knuckles],25,3,12,,
3878,4th Anniv Wings IX,15,[Magic Device],175,6,87,,
3877,4th Anniv Wings VIII,15,[Magic Device],160,6,80,,
3876,4th Anniv Wings VII,15,[Magic Device],145,6,72,,
3875,4th Anniv Wings VI,15,[Magic Device],130,6,65,,
3874,4th Anniv Wings V,15,[Magic Device],110,6,55,,
3873,4th Anniv Wings IV,15,[Magic Device],95,6,47,,
3872,4th Anniv Wings III,15,[Magic Device],75,6,37,,
3871,4th Anniv Wings II,15,[Magic Device],50,6,25,,
3870,4th Anniv Wings,15,[Magic Device],25,6,12,,
3869,4th Anniv Staff IX,19,[Staff],175,2,87,,
3868,4th Anniv Staff VIII,19,[Staff],160,2,80,,
3867,4th Anniv Staff VII,19,[Staff],145,2,72,,
3866,4th Anniv Staff VI,19,[Staff],130,2,65,,
3865,4th Anniv Staff V,19,[Staff],110,2,55,,
3864,4th Anniv Staff IV,19,[Staff],95,2,47,,
3863,4th Anniv Staff III,19,[Staff],75,2,37,,
3862,4th Anniv Staff II,19,[Staff],50,2,25,,
3861,4th Anniv Staff,19,[Staff],25,2,12,,
3860,4th Anniv Bowgun IX,10,[Bowgun],175,2,87,,
3859,4th Anniv Bowgun VIII,10,[Bowgun],160,2,80,,
3858,4th Anniv Bowgun VII,10,[Bowgun],145,2,72,,
3857,4th Anniv Bowgun VI,10,[Bowgun],130,2,65,,
3856,4th Anniv Bowgun V,10,[Bowgun],110,2,55,,
3855,4th Anniv Bowgun IV,10,[Bowgun],95,2,47,,
3854,4th Anniv Bowgun III,10,[Bowgun],75,2,37,,
3853,4th Anniv Bowgun II,10,[Bowgun],50,2,25,,
3852,4th Anniv Bowgun,10,[Bowgun],25,2,12,,
3851,4th Anniv Bow IX,9,[Bow],175,2,87,,
3850,4th Anniv Bow VIII,9,[Bow],160,2,80,,
3849,4th Anniv Bow VII,9,[Bow],145,2,72,,
3848,4th Anniv Bow VI,9,[Bow],130,2,65,,
3847,4th Anniv Bow V,9,[Bow],110,2,55,,
3846,4th Anniv Bow IV,9,[Bow],95,2,47,,
3845,4th Anniv Bow III,9,[Bow],75,2,37,,
3844,4th Anniv Bow II,9,[Bow],50,2,25,,
3843,4th Anniv Bow,9,[Bow],25,2,12,,
3842,4th Anniv Greatsword IX,5,[2 Handed Sword],175,3,87,,
3841,4th Anniv Greatsword VIII,5,[2 Handed Sword],160,3,80,,
3840,4th Anniv Greatsword VII,5,[2 Handed Sword],145,3,72,,
3839,4th Anniv Greatsword VI,5,[2 Handed Sword],130,3,65,,
3838,4th Anniv Greatsword V,5,[2 Handed Sword],110,3,55,,
3837,4th Anniv Greatsword IV,5,[2 Handed Sword],95,3,47,,
3836,4th Anniv Greatsword III,5,[2 Handed Sword],75,3,37,,
3835,4th Anniv Greatsword II,5,[2 Handed Sword],50,3,25,,
3834,4th Anniv Greatsword,5,[2 Handed Sword],25,3,12,,
3833,4th Anniv Sword IX,4,[1 Handed Sword],175,3,87,,
3832,4th Anniv Sword VIII,4,[1 Handed Sword],160,3,80,,
3831,4th Anniv Sword VII,4,[1 Handed Sword],145,3,72,,
3830,4th Anniv Sword VI,4,[1 Handed Sword],130,3,65,,
3829,4th Anniv Sword V,4,[1 Handed Sword],110,3,55,,
3828,4th Anniv Sword IV,4,[1 Handed Sword],95,3,47,,
3827,4th Anniv Sword III,4,[1 Handed Sword],75,3,37,,
3826,4th Anniv Sword II,4,[1 Handed Sword],50,3,25,,
3825,4th Anniv Sword,4,[1 Handed Sword],25,3,12,,
3824,Hell Reaper (Halberd),26,[Halberd],2,-1,2,,
3823,Hell Reaper (Sword),5,[2 Handed Sword],1,-1,1,,
3822,Specter of Death,24,[Special Crysta],1,6,100,,
3821,Jumpsuit,8,[Armor],-1,-1,-1,,
3820,Neo Maton Sword,21,[Weapon Crysta],1,6,100,,
3819,Dragoon Scale,14,[Material],-1,-1,-1,,
3818,Black Gold Coin,14,[Material],-1,-1,-1,,
3817,Dark Talisman (Unknown),18,[Special],-1,-1,-1,,
3816,Dark Talisman (Resist),18,[Special],-1,-1,-1,,
3815,Dark Talisman (Flash),18,[Special],-1,-1,-1,,
3814,Dark Talisman (Magic),18,[Special],-1,-1,-1,,
3813,Dark Talisman (Power),18,[Special],-1,-1,-1,,
3812,Crispy Potato,1,[Usable],-1,5,-1,,
3811,Salt Potato,1,[Usable],-1,5,-1,,
3810,Mayo Potato,1,[Usable],-1,5,-1,,
3809,Buttered Potato,1,[Usable],-1,5,-1,,
3808,Soft 'n Flaky Potato,1,[Usable],-1,5,-1,,
3807,Dark Gemstone,14,[Material],25,6,6,,
3806,Dark Dragon Fang Sword,4,[1 Handed Sword],165,6,82,,
3805,Dragon Claw Katana,27,[Katana],165,6,82,,
3804,Finstern the Dark Dragon,210,[Enhancer Crysta (Red)],1,6,100,,
3803,Suspicious Old Box,1,[Usable],-1,-1,-1,,
3802,Finstern Horns,14,[Material],25,1,26,,
3801,Finstern Claw,14,[Material],21,1,21,,
3800,Finstern Fang,14,[Material],17,1,17,,
3799,Thug Golem,22,[Armor Crysta],1,6,100,,
3798,Pancake Ice Flower,14,[Material],-1,-1,-1,,
3797,Shining Monoeye,14,[Material],-1,-1,-1,,
3796,Ancient Ingot,14,[Material],-1,-1,-1,,
3795,Critical Rate +5,20,[Normal Crysta],1,6,2,,
3794,Dark Dragon Shrine Stone,14,[Material],19,3,20,,
3793,Shining Tail,14,[Material],17,1,17,,
3792,Baby Fang,14,[Material],15,1,15,,
3791,Fading Soul,14,[Material],19,6,4,,
3790,Dusky Fabric,14,[Material],17,4,18,,
3789,Reaper Blade,14,[Material],15,3,15,,
3788,Spiky Arrow,7,[Arrow],140,2,70,,
3787,Potato,1,[Usable],19,5,20,,
3786,Young Thick Branch,14,[Material],17,2,18,,
3785,Ivy Vine,14,[Material],15,2,16,,
3784,Creeping Dread,14,[Material],19,6,4,,
3783,Jet-Black Fur,14,[Material],17,4,17,,
3782,Black Shadow Claw,14,[Material],15,1,15,,
3781,Lightning Bolt Spear,26,[Halberd],140,3,70,,
3780,Achti Bowgun,10,[Bowgun],140,3,70,,
3779,Warrior Angel Halberd,26,[Halberd],160,6,80,,
3778,Warrior Angel Armor,15,[Magic Device],160,6,80,,
3777,Tenebrosity Bow,9,[Bow],140,3,70,,
3776,Demon Mantle,6,[Additional],82,4,41,,
3775,Dragoon Mask,6,[Additional],-1,-1,-1,,
3774,Dragoon Helm,6,[Additional],-1,-1,-1,,
3773,Squirrel Tail,6,[Additional],80,1,40,,
3772,Stardust Earrings,6,[Additional],80,3,40,,
3771,Dragoon Mail,8,[Armor],-1,-1,-1,,
3770,Esca Shield,17,[Shield],140,3,70,,
3769,Warrior Angel Halberd,26,[Halberd],160,6,80,,
3768,Warrior Angel Armor,15,[Magic Device],160,6,80,,
3767,Tenebrosity Bow,9,[Bow],140,3,70,,
3766,Engagement Tiara,6,[Additional],300,6,100,,
3765,Engagement Crown,6,[Additional],300,6,100,,
3764,Split Arrow,7,[Arrow],-1,-1,-1,,
3763,Parrying Dagger ZC,11,[Dagger],-1,-1,-1,,
3762,Seiun,27,[Katana],140,3,70,,
3761,Laurel Staff,19,[Staff],140,3,70,,
3760,Zel Shooter,9,[Bow],150,3,75,,
3759,Zel Blade,5,[2 Handed Sword],150,3,75,,
3758,Calibur,4,[1 Handed Sword],140,3,70,,
3757,Seiun,27,[Katana],140,3,70,,
3756,Laurel Staff,19,[Staff],140,3,70,,
3755,Zel Shooter,9,[Bow],150,3,75,,
3754,Zel Blade,5,[2 Handed Sword],150,3,75,,
3753,Calibur,4,[1 Handed Sword],140,3,70,,
3752,Holy Knight Vest,6,[Additional],77,3,38,,
3751,Fluffy Cape,6,[Additional],75,4,37,,
3750,Laurel Crown,6,[Additional],57,2,28,,
3749,Bullet Shield,17,[Shield],120,3,60,,
3748,King Piton,230,[Enhancer Crysta (Yellow)],1,6,100,,
3747,Piton Wristband,13,[Knuckles],165,1,82,,
3746,Piton Staff,19,[Staff],165,1,82,,
3745,King Piton Fur,14,[Material],23,4,24,,
3744,White Heart,14,[Material],25,6,6,,
3743,King Piton Claw,14,[Material],21,1,20,,
3742,King Piton Fang,14,[Material],17,1,17,,
3741,Goldenia,23,[Additional Crysta],1,6,100,,
3740,Golden Stinging Hair,14,[Material],21,1,20,,
3739,Tenebrosity Bow,9,[Bow],140,3,70,,
3738,Ice Scorpion Eyes,14,[Material],19,6,4,,
3737,Scorpion Venom,14,[Material],17,5,17,,
3736,Cold Scissors,14,[Material],15,1,14,,
3735,White Bear Knuckles,13,[Knuckles],140,1,70,,
3734,Spiky Horns,14,[Material],19,1,20,,
3733,Glossy Black Leather,14,[Material],17,4,18,,
3732,Stiff Grey Fur,14,[Material],15,1,15,,
3731,Big Boa Hood,6,[Additional],77,4,38,,
3730,Elven Stone,14,[Material],19,3,20,,
3729,Assassin Waistcloth,6,[Additional],77,4,38,,
3728,Ice Wolf Fang,14,[Material],19,1,18,,
3727,Ice Wolf Mane,14,[Material],17,1,17,,
3726,Broken Long Horn,14,[Material],15,1,15,,
3725,Lop Eared Hat,6,[Additional],65,4,32,,
3724,STR+5,20,[Normal Crysta],1,6,2,,
3723,Black Deer Antlers,14,[Material],17,1,17,,
3722,Frozen Fir Tree,14,[Material],15,2,15,,
3721,Thick White Fur,14,[Material],13,1,13,,
3720,Snowland Talisman,18,[Special],75,2,37,,
3719,Garden of Ice & Snow,1,[Usable],1,6,1,,
3718,Crushed Ice,14,[Material],15,5,16,,
3717,Broken Ice Pillar,14,[Material],13,5,13,,
3716,Sakura Naginata,26,[Halberd],60,3,30,,
3715,Sakura Gloves,13,[Knuckles],60,3,30,,
3714,Sakura Staff,19,[Staff],60,2,30,,
3713,Sakura Matchlock,10,[Bowgun],60,2,30,,
3712,Sakura Edge,5,[2 Handed Sword],60,3,30,,
3711,Sakura Katana,27,[Katana],60,3,30,,
3710,Sakura Wings,15,[Magic Device],60,6,30,,
3709,Sakura Shooter,9,[Bow],60,2,30,,
3708,Sakura Kodachi,4,[1 Handed Sword],60,3,30,,
3707,Flare Volg Flesh,14,[Material],10,5,9,,
3706,Anti Melee System,18,[Special],55,3,27,,
3705,Curious Dress,8,[Armor],-1,-1,-1,,
3704,Iron Empress,22,[Armor Crysta],1,6,100,,
3703,Puck,6,[Additional],420,0,0,,
3702,Mimesia,220,[Enhancer Crysta (Green)],1,6,100,,
3701,Sakura Fan Hair Clip,6,[Additional],70,3,35,,
3700,Spring Warbler,6,[Additional],-1,-1,-1,,
3699,Sakura Princess Arrow,7,[Arrow],1,2,2,,
3698,Sakura Princess Dagger,11,[Dagger],1,3,2,,
3697,Sakura Petal,14,[Material],14,5,14,,
3696,Dusky Sakura Branch,14,[Material],12,2,11,,
3695,Hanami Box,1,[Usable],1,0,0,,
3694,Sakura Cloud Pyroxene,14,[Material],10,6,7,,
3693,Gourd Flash Hanami Wine,6,[Additional],150,6,350,,
3692,Sakura Chignon,6,[Additional],150,6,350,,
3691,Sakura Stole,6,[Additional],150,6,350,,
3690,Nodate Potum,6,[Additional],130,6,140,,
3689,Sakura Drawstring Bag,6,[Additional],130,6,140,,
3688,Cherries In Mouth,6,[Additional],110,6,70,,
3687,Sakura Lantern Katana,27,[Katana],150,3,75,,
3686,Sakura Lantern Lance,26,[Halberd],150,3,75,,
3685,Sakura Lantern Knuckles,13,[Knuckles],150,3,75,,
3684,Sakura Lantern Wings,15,[Magic Device],150,6,75,,
3683,Sakura Lantern Staff,19,[Staff],150,2,75,,
3682,Sakura Lantern Rifle,10,[Bowgun],150,2,75,,
3681,Sakura Lantern Bow,9,[Bow],150,2,75,,
3680,Sakura Lantern Greatsword,5,[2 Handed Sword],150,3,75,,
3679,Sakura Lantern Sword,4,[1 Handed Sword],150,3,75,,
3678,Small Fairy Wings,6,[Additional],70,4,35,,
3677,♪Pillar Golem,14,[Material],-1,5,10,,
3676,♪Masked Warrior,14,[Material],-1,5,10,,
3675,♪Mauez,14,[Material],-1,5,10,,
3674,♪Flare Volg,14,[Material],-1,5,10,,
3673,♪Minotaur,14,[Material],-1,5,10,,
3672,♪Boss Colon,14,[Material],-1,5,10,,
3671,Delight Gun II,10,[Bowgun],1,6,2,,
3670,Achti Bowgun,10,[Bowgun],-1,-1,-1,,
3669,White Bear Knuckles,13,[Knuckles],-1,-1,-1,,
3668,Fluck Bowgun,10,[Bowgun],150,1,75,,
3667,Fluck Sword,4,[1 Handed Sword],150,1,75,,
3666,Achti Bowgun,10,[Bowgun],-1,-1,-1,,
3665,Devil Half Mask,6,[Additional],-1,-1,-1,,
3664,Book Holder,6,[Additional],-1,-1,-1,,
3663,White Bear Knuckles,13,[Knuckles],-1,-1,-1,,
3662,Fluck Bowgun,10,[Bowgun],150,1,75,,
3661,Fluck Sword,4,[1 Handed Sword],150,1,75,,
3660,Heaven Feather Garb,8,[Armor],-1,-1,-1,,
3659,Heaven Feather Headband,6,[Additional],-1,-1,-1,,
3658,High Grade Frill Fabric,14,[Material],-1,4,-1,,
3657,Red Satin Fabric,14,[Material],21,4,22,,
3656,Messenger Feather,14,[Material],17,1,17,,
3655,Holy Knife,11,[Dagger],140,3,70,,
3654,Mystic Gemstone,14,[Material],18,6,4,,
3653,Lithograph of Age of Gods,14,[Material],16,3,17,,
3652,Carbuncle,20,[Normal Crysta],1,6,100,,
3651,Carbuncle Edge,5,[2 Handed Sword],-1,-1,-1,,
3650,Shining Mirror,14,[Material],27,6,6,,
3649,Carbuncle Claw,14,[Material],23,1,23,,
3648,Carbuncle Fur,14,[Material],19,4,20,,
3647,Elemental Stone,14,[Material],18,6,4,,
3646,Seiun,27,[Katana],140,3,70,,
3645,Divine Metal,14,[Material],18,3,18,,
3644,Stone of Godly Domain,14,[Material],16,3,16,,
3643,Guardian Armor Bit,14,[Material],14,3,14,,
3642,Skirt Belt,6,[Additional],72,4,36,,
3641,Forbidden Nut,1,[Usable],18,5,18,,
3640,Bag Bear Fur,14,[Material],16,4,16,,
3639,Bag Bear Tail,14,[Material],14,1,14,,
3638,Esca Shield,17,[Shield],140,3,70,,
3637,Hermit Heart,14,[Material],17,6,4,,
3636,Cracked Spear Tip,14,[Material],15,3,14,,
3635,Round Shield Fragment,14,[Material],13,3,13,,
3634,Knit Fabric,14,[Material],16,4,17,,
3633,Enlightened Bangle,18,[Special],70,2,35,,
3632,Enlightened Wing,14,[Material],15,4,15,,
3631,Torn Apron,14,[Material],13,4,13,,
3630,Jupiter Sword II,4,[1 Handed Sword],-1,-1,-1,,
3629,Adventurer's Knapsack,6,[Additional],0,0,0,,
3628,Prism Ring (Earth),15,[Magic Device],142,6,72,,
3627,Prism Ring (Dark),15,[Magic Device],141,6,71,,
3626,Prism Ring (Light),15,[Magic Device],140,6,70,,
3625,Seele Zauga,24,[Special Crysta],1,6,100,,
3624,Wrapping Ribbon,6,[Additional],-1,-1,-1,,
3623,Fightwear,8,[Armor],30,4,15,,
3622,Icing Sugar,14,[Material],30,6,50,,
3621,Broken Cookie,14,[Material],20,6,40,,
3620,Handmade Cookie,23,[Additional Crysta],1,6,100,,
3619,Quality Flour,14,[Material],10,6,30,,
3618,Bear Balloons,15,[Magic Device],1,6,100,,
3617,White Chocolate Eater,5,[2 Handed Sword],1,6,100,,
3616,Bear Hat,6,[Additional],1,4,2,,
3615,Heart Eyes,6,[Additional],1,6,2,,
3614,Cookie Talisman II,18,[Special],-1,-1,-1,,
3613,Cookie Ring II,18,[Special],-1,-1,-1,,
3612,Coffee Cup Hat,6,[Additional],1,3,2,,
3611,Candy Hairpin,6,[Additional],1,5,2,,
3610,Prism Ring (Water),15,[Magic Device],140,6,70,,
3609,Prism Ring (Wind),15,[Magic Device],140,6,70,,
3608,Stingy Shoulder Pads,6,[Additional],65,1,32,,
3607,Grand Pojo,23,[Additional Crysta],1,6,2,,
3606,Crystal Arrow,7,[Arrow],130,3,65,,
3605,Bubble Bogey,210,[Enhancer Crysta (Red)],1,6,100,,
3604,Fallen Angel Dagger,11,[Dagger],-1,-1,-1,,
3603,Red Fallen Angel Halo,14,[Material],21,6,5,,
3602,Crystal String,14,[Material],17,4,17,,
3601,Sparkling Purple Wing,14,[Material],15,4,15,,
3600,Shatterred Purple Crystal,14,[Material],13,3,13,,
3599,VIT+5,20,[Normal Crysta],1,6,2,,
3598,Green Crystal Fragment,14,[Material],17,6,4,,
3597,Strange Liquid,14,[Material],15,5,15,,
3596,Torn Tentacle,14,[Material],13,1,12,,
3595,Belt Eyepatch,6,[Additional],67,4,33,,
3594,Silver Claw,14,[Material],15,1,16,,
3593,Corridor Rubble,14,[Material],13,3,13,,
3592,Laurel Staff,19,[Staff],140,3,70,,
3591,Shining Stone Monument,14,[Material],18,6,4,,
3590,Luminous Green Wing,14,[Material],16,4,16,,
3589,Cracked Cube Stone,14,[Material],14,3,14,,
3588,Prism Ring (Fire),15,[Magic Device],140,6,70,,
3587,Mysterious Shiny Cloth,14,[Material],18,4,18,,
3586,Cracked Halo,14,[Material],16,3,16,,
3585,God Stone,14,[Material],14,3,15,,
3584,Calibur,4,[1 Handed Sword],140,3,70,,
3583,Green Engine Crystal,14,[Material],18,6,4,,
3582,Blessings Gods Stone,14,[Material],16,3,16,,
3581,Broken Green Shield,14,[Material],14,3,13,,
3580,Small Fairy Wings,6,[Additional],70,4,35,,
3579,Heavenly Sand,14,[Material],18,6,4,,
3578,Purple Fin,14,[Material],16,4,16,,
3577,Luminous Purple Liquid,14,[Material],14,5,14,,
3576,Mardula,210,[Enhancer Crysta (Red)],1,6,100,,
3575,Warrior Angel Armor,15,[Magic Device],160,6,80,,
3574,Warrior Angel Halberd,26,[Halberd],160,6,80,,
3573,Sacred Jewel,14,[Material],5,6,24,,
3572,Broken Holy Scale,14,[Material],21,3,21,,
3571,Mardula Wing,14,[Material],20,4,20,,
3570,Mardula Spiritual Cloth,14,[Material],16,4,16,,
3569,Lil Empress Garb,8,[Armor],145,6,72,,
3568,Lil Empress Garb,8,[Armor],145,6,72,,
3567,Crystal Lamina,27,[Katana],150,3,75,,
3566,Lightning Bolt Spear,26,[Halberd],140,3,70,,
3565,Crystal Knuckles,13,[Knuckles],150,3,75,,
3564,Plant Arm,15,[Magic Device],150,6,65,,
3563,Anemos Blade,5,[2 Handed Sword],140,3,70,,
3562,Holy Cape,6,[Additional],72,4,36,,
3561,Holy Knight Loin Guard,6,[Additional],70,4,35,,
3560,Crystal Lamina,27,[Katana],150,3,75,,
3559,Lightning Bolt Spear,26,[Halberd],140,3,70,,
3558,Crystal Knuckles,13,[Knuckles],150,3,75,,
3557,Plant Arm,15,[Magic Device],150,6,65,,
3556,Anemos Blade,5,[2 Handed Sword],140,3,70,,
3555,Korakiri,27,[Katana],130,3,66,,
3554,Korakiri,27,[Katana],130,3,65,,
3553,Juno Shield II,17,[Shield],1,6,100,,
3552,Chocolate Gifts II,13,[Knuckles],1,6,100,,
3551,Eidenliebe,23,[Additional Crysta],1,6,100,,
3550,Covenant Cacao,14,[Material],30,6,50,,
3549,Love Cacao,14,[Material],20,6,40,,
3548,Prime Chocolate Chip,14,[Material],10,6,30,,
3547,Filecia's Chocolate,1,[Usable],100,6,30,,
3546,Rose Choco Bow,9,[Bow],1,6,100,,
3545,Parasol Choco Lance,26,[Halberd],1,6,100,,
3544,Love Arrow,7,[Arrow],1,6,2,,
3543,Love Scarf,6,[Additional],1,4,2,,
3542,Heart Earmuffs,6,[Additional],1,4,2,,
3541,Chocolate Charm II,18,[Special],1,-1,-1,,
3540,Chocolate Ring II,18,[Special],1,-1,-1,,
3539,Teacup Hat,6,[Additional],1,3,2,,
3538,Dex Gem R,12,[Gem],1,0,0,,
3537,Agile Gem R,12,[Gem],1,0,0,,
3536,Vital Gem R,12,[Gem],1,0,0,,
3535,Intellectual Gem R,12,[Gem],1,0,0,,
3534,Strength Gem R,12,[Gem],1,0,0,,
3533,Oni Garb,8,[Armor],32,1,320,,
3532,Oni Horns,6,[Additional],16,1,160,,
3531,Fresh Scarf,6,[Additional],65,5,32,,
3530,Golden Pom Liquor,1,[Usable],1,0,0,,
3529,Spell Headphones,1,[Usable],-1,5,-1,,
3528,Aggro Tonic,1,[Usable],-1,5,-1,,
3527,Super Bandage,1,[Usable],-1,5,-1,,
3526,War Dead Bracelet,1,[Usable],-1,5,-1,,
3525,Cat Claw,14,[Material],15,1,15,,
3524,Mithurna Lynx,20,[Normal Crysta],1,6,100,,
3523,White Eyepatch,6,[Additional],72,4,36,,
3522,Lucid White Spirit Stone,14,[Material],19,6,19,,
3521,Lucid White Fur,14,[Material],19,4,4,,
3520,Zelbuse,240,[Enhancer Crysta (Purple)],1,6,100,,
3519,Sublime Monolith,14,[Material],21,3,22,,
3518,Zel Shooter,9,[Bow],150,3,75,,
3517,Zel Blade,5,[2 Handed Sword],150,3,75,,
3516,Cracked Celestial Sphere,14,[Material],24,6,5,,
3515,Zelbuse Wing of Light,14,[Material],20,4,20,,
3514,Zelbuse Stone Arm,14,[Material],16,3,16,,
3513,Mithurna Green Moss,14,[Material],18,5,18,,
3512,Granite,14,[Material],16,3,17,,
3511,Prince-nez Classes,6,[Additional],67,3,33,,
3510,Shining Blue Tear,14,[Material],18,6,4,,
3509,Cute Tail,14,[Material],16,1,16,,
3508,Midnight Blue Fur,14,[Material],14,4,14,,
3507,Bird Liver,14,[Material],18,5,18,,
3506,Bubo Beak,14,[Material],16,1,16,,
3505,Grey Feather,14,[Material],14,1,14,,
3504,Mithurna Stone,14,[Material],16,3,16,,
3503,Beautiful Pebble,14,[Material],14,3,14,,
3502,Cooking Apron,6,[Additional],67,4,33,,
3501,Rostrum Bowgun,10,[Bowgun],130,3,65,,
3500,Pillow Box,1,[Usable],1,6,1000,,
3499,Stone Armor Fragment,14,[Material],14,3,14,,
3498,Jeremiah Mail,8,[Armor],140,4,70,,
3497,Luminous Mushroom Staff,19,[Staff],150,2,75,,
3496,Jeremiah Mail,8,[Armor],140,4,70,,
3495,Shampy Doll,17,[Shield],150,4,75,,
3494,Luminous Mushroom Staff,19,[Staff],150,2,75,,
3493,Dress of Wish,8,[Armor],1,4,2,,
3492,Proto Clarity Rose,4,[1 Handed Sword],1,6,2,,
3491,Zodiac Boar Box,1,[Usable],1,0,0,,
3490,Zodiac Hat: Boar,6,[Additional],1,6,2,,
3489,Iradium,27,[Katana],135,1,67,,
3488,Amcrie,26,[Halberd],135,1,67,,
3486,Mad Sniper,10,[Bowgun],130,6,65,,
3485,Marble Shield,17,[Shield],70,3,35,,
3484,Blaster Bow,9,[Bow],70,3,35,,
3483,Knight Armor,8,[Armor],60,3,30,,
3482,Mad Palms,13,[Knuckles],130,6,60,,
3481,Clarity Rose,4,[1 Handed Sword],135,6,67,,
3480,Felien,24,[Special Crysta],1,6,100,,
3479,Zega III,210,[Enhancer Crysta (Red)],1,6,100,,
3478,Gapapa!,18,[Special],10000,0,0,,
3477,Altoblepas,23,[Additional Crysta],1,6,100,,
3476,Double Barrel,10,[Bowgun],-1,-1,-1,,
3475,Squawker Horn,14,[Material],-1,-1,-1,,
3474,Sacred Ice Armor,8,[Armor],-1,-1,-1,,
3473,Sacred Ice Katana,27,[Katana],-1,-1,-1,,
3472,Sacred Ice Spear,26,[Halberd],-1,-1,-1,,
3471,Sacred Ice Claws,13,[Knuckles],-1,-1,-1,,
3470,Sacred Ice Staff,19,[Staff],-1,-1,-1,,
3469,Sacred Ice Katana,27,[Katana],-1,-1,-1,,
3468,Sacred Ice Spear,26,[Halberd],-1,-1,-1,,
3467,Sacred Ice Claws,13,[Knuckles],-1,-1,-1,,
3466,Sacred Ice Staff,19,[Staff],-1,-1,-1,,
3465,Noeliel the Ice Statue,220,[Enhancer Crysta (Green)],1,6,100,,
3464,Noeliel,22,[Armor Crysta],1,6,100,,
3463,Sacred Ice Katana,27,[Katana],-1,-1,-1,,
3462,Sacred Ice Spear,26,[Halberd],-1,-1,-1,,
3461,Sacred Ice Claws,13,[Knuckles],-1,-1,-1,,
3460,Sacred Ice Staff,19,[Staff],-1,-1,-1,,
3459,Navida Talisman,18,[Special],1,6,30,,
3458,Chipped Scoop,14,[Material],17,3,18,,
3457,Torn Scarf,14,[Material],15,4,15,,
3456,Sacred Snow,14,[Material],1,6,1,,
3455,Frozen Magic Stone,14,[Material],17,6,4,,
3454,Frozen Gear,14,[Material],15,3,15,,
3453,Frozen Iron Fragment,14,[Material],13,3,13,,
3452,Elfin Sword,4,[1 Handed Sword],130,3,65,,
3451,Freezing Air,14,[Material],17,6,4,,
3450,Cold Horn,14,[Material],15,1,16,,
3449,Frozen Wood,14,[Material],13,2,13,,
3448,Noel Diamond,14,[Material],10,6,30,,
3447,Party Bow Tie,6,[Additional],-1,-1,-1,,
3446,Santa Beard,6,[Additional],-1,-1,-1,,
3445,Yule Log Bag,6,[Additional],-1,-1,-1,,
3444,Pom Sheep Ribbon,6,[Additional],-1,-1,-1,,
3443,Snowman on the Head,6,[Additional],-1,-1,-1,,
3442,Reindeer Headband,6,[Additional],-1,-1,-1,,
3441,Santa Suit IV,8,[Armor],-1,-1,-1,,
3440,Mom Fluck,220,[Enhancer Crysta (Green)],1,6,100,,
3439,Fluck Sword,4,[1 Handed Sword],150,1,75,,
3438,Fluck Bowgun,10,[Bowgun],150,1,75,,
3437,Fluck Egg,14,[Material],23,5,23,,
3436,Vivid Crest,14,[Material],20,1,20,,
3435,Blue Rock Fragment,14,[Material],24,3,24,,
3434,Mom Fluck Web,14,[Material],20,1,20,,
3433,Mom Fluck Skin,14,[Material],16,4,16,,
3432,Water Guardian Bow,9,[Bow],130,3,65,,
3431,Tadpole Tail,14,[Material],17,1,17,,
3430,Tasty Water,1,[Usable],15,5,15,,
3429,Fluck Skin,14,[Material],13,4,13,,
3428,Rock Fang Dagger,11,[Dagger],130,3,65,,
3427,Forgotten Stone,14,[Material],15,3,16,,
3426,Mysterious Stone,14,[Material],13,3,13,,
3425,Spada Lance,26,[Halberd],130,3,65,,
3424,Green Fizzwater,1,[Usable],17,5,17,,
3423,Potum Top Fin,14,[Material],15,4,16,,
3422,Mud Water,14,[Material],13,5,13,,
3421,Grape Plantlet,14,[Material],16,2,15,,
3420,Fresh Scarf,6,[Additional],65,5,32,,
3419,Rokoko Plains,1,[Usable],1,6,1,,
3418,Rokoko Grape,1,[Usable],14,5,14,,
3417,Grape Seed,14,[Material],12,5,12,,
3416,Colon Earrings,6,[Additional],62,2,31,,
3415,Ripe Nut,1,[Usable],16,5,16,,
3414,Colon Inner Skin,14,[Material],14,2,14,,
3413,Colon Big Leaf,14,[Material],12,5,12,,
3412,Camouflage Scarf,6,[Additional],67,4,33,,
3411,Red Luminescent Stone,14,[Material],16,3,16,,
3410,Moist Moss Ball,14,[Material],14,2,14,,
3409,Round Stone,14,[Material],12,3,12,,
3408,Happiness Talisman,18,[Special],62,2,31,,
3407,Small Egg,14,[Material],16,5,16,,
3406,Mithurna Wood,14,[Material],14,2,15,,
3405,Blue Feather,14,[Material],12,1,12,,
3404,HP+500,20,[Normal Crysta],1,6,2,,
3403,Cracked Hunting Horn,14,[Material],16,1,16,,
3402,Vocal Sac,14,[Material],14,4,14,,
3401,Cushy Fur,14,[Material],12,4,13,,
3400,Soldier Armor,8,[Armor],145,3,72,,
3399,Lupus Claws,13,[Knuckles],130,3,65,,
3398,Fleur Rod,19,[Staff],130,3,65,,
3397,Maton Railgun,10,[Bowgun],145,3,72,,
3396,Maton Saber,4,[1 Handed Sword],145,3,72,,
3395,Cooking Apron,6,[Additional],67,4,33,,
3394,Tail Fur,6,[Additional],67,1,33,,
3393,Wing Cape,6,[Additional],65,1,32,,
3392,Soldier Armor,8,[Armor],145,3,72,,
3391,Elfin Shield,17,[Shield],130,3,65,,
3390,Lupus Claws,13,[Knuckles],130,3,65,,
3389,Fleur Rod,19,[Staff],130,3,65,,
3388,Maton Railgun,10,[Bowgun],145,3,72,,
3387,Maton Saber,4,[1 Handed Sword],145,3,72,,
3386,Cone Knuckles III,13,[Knuckles],150,5,75,,
3385,Cone Knuckles II,13,[Knuckles],90,5,45,,
3384,Cone Knuckles,13,[Knuckles],30,5,15,,
3383,Cone Horn III,10,[Bowgun],150,5,75,,
3382,Cone Horn II,10,[Bowgun],90,5,45,,
3381,Cone Horn,10,[Bowgun],30,5,15,,
3380,Cone Sword III,4,[1 Handed Sword],150,5,75,,
3379,Cone Sword II,4,[1 Handed Sword],90,5,45,,
3378,Cone Sword,4,[1 Handed Sword],30,5,15,,
3377,Cone Knuckles III,13,[Knuckles],150,5,75,,
3376,Cone Knuckles II,13,[Knuckles],90,5,45,,
3375,Cone Knuckles,13,[Knuckles],30,5,15,,
3374,Cone Horn III,10,[Bowgun],150,5,75,,
3373,Cone Horn II,10,[Bowgun],90,5,45,,
3372,Cone Horn,10,[Bowgun],30,5,15,,
3371,Cone Sword III,4,[1 Handed Sword],150,5,75,,
3370,Cone Sword II,4,[1 Handed Sword],90,5,45,,
3369,Cone Sword,4,[1 Handed Sword],30,5,15,,
3368,Cone Face,6,[Additional],150,5,75,,
3367,Yashiro Azuki Knapsack,6,[Additional],90,4,45,,
3366,Yashiro Azuki Mask,6,[Additional],1,4,2,,
3365,Cone Hat,6,[Additional],30,5,15,,
3364,Yashiro Azuki's Mom,23,[Additional Crysta],1,6,100,,
3363,Yashiro Azuki,20,[Normal Crysta],1,6,2,,
3362,Watching Mom III,15,[Magic Device],150,5,75,,
3361,Watching Mom II,15,[Magic Device],90,5,45,,
3360,Watching Mom,15,[Magic Device],30,5,15,,
3359,Yashiro Mom Mask,6,[Additional],1,4,2,,
3358,Sacred Light Page,14,[Material],10,6,25,,
3357,Plastic Fragment,14,[Material],20,5,10,,
3356,Dark Page,14,[Material],35,6,100,,
3355,Pomie Chan,21,[Weapon Crysta],1,6,100,,
3354,Twin Eagles,13,[Knuckles],-1,-1,-1,,
3353,Hero Sword (Pom),4,[1 Handed Sword],-1,-1,-1,,
3352,Hero Shield (Pom),17,[Shield],-1,-1,-1,,
3351,Forest Spirit Powder,14,[Material],17,6,4,,
3350,White Wood,14,[Material],15,2,14,,
3349,White Tree Branch,14,[Material],13,2,14,,
3348,Mysterious Hood,6,[Additional],65,4,32,,
3347,Rare Diopside,14,[Material],23,3,23,,
3346,Crystal Knuckles,13,[Knuckles],150,3,75,,
3345,Crystal Lamina,27,[Katana],150,3,75,,
3344,Corroded Trunk,14,[Material],18,2,18,,
3343,Crystal Titan,24,[Special Crysta],1,6,100,,
3342,Titan Heart,14,[Material],23,6,5,,
3341,Corroded Stone Hand,14,[Material],19,3,20,,
3340,Corroded Titan Fragment,14,[Material],15,3,14,,
3339,Fanadon,20,[Normal Crysta],1,6,100,,
3338,Lizard Spirit Stone,14,[Material],21,6,5,,
3337,Lupus Claws,13,[Knuckles],130,3,65,,
3336,Wolf Shark Heart,14,[Material],17,6,4,,
3335,Wolf Shark Fang,14,[Material],15,1,15,,
3334,Work Shark Claw,14,[Material],13,1,13,,
3333,Fleur Rod,19,[Staff],130,3,65,,
3332,Lizard Dango,1,[Usable],19,5,19,,
3331,Split Mask,14,[Material],14,2,15,,
3330,Curved Edge,5,[2 Handed Sword],130,3,65,,
3329,Good Fertilizer,14,[Material],19,5,20,,
3328,INT+5,20,[Normal Crysta],1,6,2,,
3327,Lizard Liquor,1,[Usable],16,5,15,,
3326,Red and White Shide,14,[Material],14,2,13,,
3325,Broken Cane,14,[Material],12,2,12,,
3324,Fur Vest,6,[Additional],62,1,31,,
3323,Pompoko Meat,1,[Usable],16,5,16,,
3322,Light Red Hair,14,[Material],14,1,14,,
3321,Vertical Stripe Fur,14,[Material],12,4,12,,
3320,Strange Nut,1,[Usable],16,5,16,,
3319,Stingy Whisker,14,[Material],14,1,13,,
3318,Sharp Foretooth,14,[Material],12,1,12,,
3317,Loincloth,6,[Additional],75,4,37,,
3316,Nov Saterica,1,[Usable],1,6,1,,
3315,Pumpkin Pie,1,[Usable],1,0,0,,
3314,Spada Lance,26,[Halberd],130,3,65,,
3313,Wind Rapier,4,[1 Handed Sword],120,3,60,,
3312,Steel Machine Greatsword,5,[2 Handed Sword],120,3,60,,
3311,Elegia Staff,19,[Staff],130,3,65,,
3310,Rostrum Bowgun,10,[Bowgun],130,3,65,,
3309,Elfin Sword,4,[1 Handed Sword],130,3,65,,
3308,Lil Empress Katana,27,[Katana],145,6,72,,
3307,Lil Empress Halberd,26,[Halberd],145,6,72,,
3306,Lil Empress Knuckle,13,[Knuckles],145,6,72,,
3305,Lil Empress Magic Device,15,[Magic Device],145,6,72,,
3304,Lil Empress Staff,19,[Staff],145,6,72,,
3303,Lil Empress Bowgun,10,[Bowgun],145,6,72,,
3302,Lil Empress Bow,9,[Bow],145,6,72,,
3301,Lil Empress Greatsword,5,[2 Handed Sword],145,6,72,,
3300,Lil Empress Sword,4,[1 Handed Sword],145,6,72,,
3299,Camouflage Scarf,6,[Additional],67,4,33,,
3298,Spada Lance,26,[Halberd],130,3,65,,
3297,Wind Rapier,4,[1 Handed Sword],120,3,60,,
3296,Steel Machine Greatsword,5,[2 Handed Sword],120,3,60,,
3295,Elegia Staff,19,[Staff],120,3,60,,
3294,Rostrum Bowgun,10,[Bowgun],130,3,65,,
3293,Elfin Sword,4,[1 Handed Sword],130,3,65,,
3292,Lil Empress Katana,27,[Katana],145,6,72,,
3291,Lil Empress Halberd,26,[Halberd],145,6,72,,
3290,Lil Empress Knuckle,13,[Knuckles],145,6,72,,
3289,Lil Empress Magic Device,15,[Magic Device],145,6,72,,
3288,Lil Empress Staff,19,[Staff],145,6,72,,
3287,Lil Empress Bowgun,10,[Bowgun],145,6,72,,
3286,Lil Empress Bow,9,[Bow],145,6,72,,
3285,Lil Empress Greatsword,5,[2 Handed Sword],145,6,72,,
3284,Lil Empress Sword,4,[1 Handed Sword],145,6,72,,
3283,The Great Witch of Crow,22,[Armor Crysta],1,6,100,,
3282,Jack Orb,14,[Material],17,6,35,,
3281,Oracle Robe,8,[Armor],55,4,27,,
3280,Zoe's Wig,6,[Additional],1,6,2,,
3279,Zoe's Hat,6,[Additional],-1,-1,-1,,
3278,Zoe's Magic Book,17,[Shield],1,6,2,,
3277,Zoe,230,[Enhancer Crysta (Yellow)],1,6,100,,
3276,Pumpkin Mask,6,[Additional],1,6,10,,
3275,Witch's Hat,6,[Additional],1,6,2,,
3274,Halloween Garb II,8,[Armor],1360,6,700,,
3273,Pomu the Witch,6,[Additional],1,6,2,,
3272,Bat Waist Cape,6,[Additional],1,6,2,,
3271,Wolf Mask,6,[Additional],1,6,2,,
3270,Kitty Hat,6,[Additional],1,6,2,,
3269,Kitty Mask,6,[Additional],1,6,2,,
3268,Lilac Bow,9,[Bow],340,6,175,,
3267,Mukuro Koshirae,27,[Katana],340,6,175,,
3266,Crescent Axe,4,[1 Handed Sword],340,6,175,,
3265,Sorcery Dress,8,[Armor],-1,-1,-1,,
3264,Usasama the Necromancer,21,[Weapon Crysta],1,6,100,,
3263,Sorcery Hat,6,[Additional],1,6,2,,
3262,Caravan Cord,18,[Special],0,0,0,,
3261,Proof of Resistance,18,[Special],1,6,2,,
3260,Usami,220,[Enhancer Crysta (Green)],1,6,100,,
3259,Usakichi,22,[Armor Crysta],1,6,100,,
3258,Otsukimi Hat,6,[Additional],1,4,2,,
3257,Otsukimi Garb,8,[Armor],1,4,2,,
3256,Joshin Powder,14,[Material],10,5,20,,
3255,Gwai Reaper,26,[Halberd],135,6,67,,
3254,Water Guardian Bow,9,[Bow],130,3,65,,
3253,Order Espada,5,[2 Handed Sword],135,6,67,,
3252,Clarity Rose,4,[1 Handed Sword],135,6,67,,
3251,Belt Eyepatch,6,[Additional],67,4,33,,
3250,Mysterious Hood,6,[Additional],-1,-1,-1,,
3249,Gwai Reaper,26,[Halberd],135,6,67,,
3248,Water Guardian Bow,9,[Bow],130,3,65,,
3247,Order Espada,5,[2 Handed Sword],135,6,67,,
3246,Clarity Rose,4,[1 Handed Sword],135,6,67,,
3245,Shampy Doll,17,[Shield],150,4,75,,
3244,Otsukimi Dango,1,[Usable],-1,-1,-1,,
3243,Shampy,210,[Enhancer Crysta (Red)],1,6,100,,
3242,Solopy,230,[Enhancer Crysta (Yellow)],1,6,100,,
3241,Turnus Crystal,14,[Material],-1,3,-1,,
3240,Korakiri,27,[Katana],130,3,65,,
3239,Dragon Azul Sphere,14,[Material],16,6,4,,
3238,Light-Emitting Stone,14,[Material],15,6,4,,
3237,Medicinal Mushroom,1,[Usable],23,5,25,,
3236,Bitter Root,14,[Material],13,5,14,,
3235,HQ Monkfish Liver,14,[Material],16,5,16,,
3234,Strange Luminous Liquid,14,[Material],14,5,14,,
3233,Tasty Mushroom,14,[Material],16,5,16,,
3232,Healing Mint,1,[Usable],15,5,15,,
3231,Withered Herb,14,[Material],11,5,10,,
3230,Lantern Oil,14,[Material],13,5,14,,
3229,Broken Mushroom Hammer,14,[Material],15,1,15,,
3228,Broken Mushroom Staff,14,[Material],12,2,12,,
3227,Shampy's Fluffy Hair,14,[Material],19,1,20,,
3226,Dark-Red Twin Horns,14,[Material],14,1,14,,
3225,Stiff Hump,14,[Material],12,1,12,,
3224,Golden Sting,14,[Material],16,1,16,,
3223,Small Claw,14,[Material],14,1,13,,
3222,Sharp Scale,14,[Material],12,1,12,,
3221,Anti-Heat Membrane,14,[Material],15,1,15,,
3220,Mole Whisker,14,[Material],13,1,13,,
3219,Tough Fin,14,[Material],12,4,12,,
3218,Tweed Fabric,14,[Material],14,4,15,,
3217,Turnus Stone,14,[Material],16,3,17,,
3216,Broken Lantern,14,[Material],11,3,11,,
3215,Crushed Helmet,14,[Material],11,3,11,,
3214,Hallucination Spore,18,[Special],75,5,32,,
3213,Guidance Lantern,18,[Special],65,1,32,,
3212,Stingy Shoulder Pads,6,[Additional],65,1,32,,
3211,Mage Cape,6,[Additional],62,4,31,,
3210,Elfin Shield,17,[Shield],130,3,65,,
3209,Plant Arm,15,[Magic Device],150,6,65,,
3208,Luminous Mushroom Staff,19,[Staff],150,2,75,,
3207,DEX+5,20,[Normal Crysta],1,6,2,,
3206,Hero Potum,21,[Weapon Crysta],1,6,100,,
3205,Satan Armor,8,[Armor],-1,-1,-1,,
3204,Satan Helmet,6,[Additional],-1,-1,-1,,
3203,Heroic Butter Cake,1,[Usable],1,0,0,,
3202,Heroic Revita,1,[Usable],1,0,0,,
3201,[Book of Magic Warrior],1,[Usable],1000,0,0,,
3200,[Book of Darkness],1,[Usable],1000,0,0,,
3199,Maton Sword,22,[Armor Crysta],1,6,100,,
3198,Soldier Armor,8,[Armor],145,3,72,,
3197,Maton Railgun,10,[Bowgun],145,3,72,,
3196,Maton Saber,4,[1 Handed Sword],145,3,72,,
3195,Maton Shield,17,[Shield],145,3,72,,
3194,Slebinian Magic Torch,14,[Material],21,6,5,,
3193,Old Type Blade Material,14,[Material],19,3,20,,
3192,Chrome,14,[Material],23,3,23,,
3191,Broken Booster,14,[Material],19,3,19,,
3190,Cracked Old Type Armor,14,[Material],15,3,15,,
3189,Seraph Machina,200,[Enhancer Crysta (Blue)],1,6,100,,
3188,Angel Halo,15,[Magic Device],-1,-1,-1,,
3187,Angel Heart,14,[Material],20,6,4,,
3186,Light Emitting Cloth,14,[Material],18,4,19,,
3185,Broken Magic Device,14,[Material],16,3,16,,
3184,Thunderbolt Bow,9,[Bow],120,3,60,,
3183,Wilted Vegetable,14,[Material],16,5,15,,
3182,Hard Tree Bark,14,[Material],14,2,15,,
3181,Twisting Vine,14,[Material],12,2,12,,
3180,Guardian Dagger,11,[Dagger],120,1,60,,
3179,Turtle Meat,14,[Material],16,5,17,,
3178,Tough Jaw,14,[Material],14,1,14,,
3177,Huge Carapace,14,[Material],12,1,12,,
3176,Chakrums,13,[Knuckles],120,3,60,,
3175,Scattered Crystal,14,[Material],16,6,4,,
3174,Oily Cloth,14,[Material],14,4,14,,
3173,Broken Propeller,14,[Material],12,3,12,,
3172,Amoeba Machina,200,[Enhancer Crysta (Blue)],1,6,100,,
3171,Master's Tonfa,13,[Knuckles],155,2,77,,
3170,Crooked Nucleic Acid,14,[Material],19,5,20,,
3169,Mysterious Cube,14,[Material],17,3,17,,
3168,Soft Swollen Nail,14,[Material],15,1,15,,
3167,Iradium,27,[Katana],135,1,67,,
3166,Amcrie,26,[Halberd],135,1,67,,
3165,Pirate Bandana,6,[Additional],-1,-1,-1,,
3164,Gem Earrings,6,[Additional],65,3,32,,
3163,Lop Eared Hat,6,[Additional],65,4,32,,
3162,Iradium,27,[Katana],135,1,67,,
3161,Amcrie,26,[Halberd],135,1,67,,
3160,Seashell,8,[Armor],-1,-1,-1,,
3159,Soleil The Heat Sword,5,[2 Handed Sword],160,3,80,,
3158,Titeres,24,[Special Crysta],1,6,100,,
3157,Ritual Dress,8,[Armor],160,6,80,,
3156,Gladiator Armor,8,[Armor],50,3,25,,
3155,Megiston The Champion,21,[Weapon Crysta],1,6,100,,
3154,3rd Anniv Champion Holder,1,[Usable],300,-1,-1,,
3153,Diver's Bowgun,10,[Bowgun],1,6,2,,
3152,Fisherman's Harpoon,26,[Halberd],100,6,50,,
3151,Fish Head,6,[Additional],1,6,2,,
3150,Shaved Ice Hat,6,[Additional],1,6,2,,
3149,Cool Summer Yukata,8,[Armor],1,4,62,,
3148,Beer Mugs,13,[Knuckles],1,6,2,,
3147,BBQ Spear,26,[Halberd],1,6,2,,
3146,Fireworks,15,[Magic Device],1,6,2,,
3145,Candy Coryn Staff,19,[Staff],1,6,2,,
3144,Choco Banana Blade,5,[2 Handed Sword],1,6,2,,
3143,Marine Headband,6,[Additional],1,4,2,,
3142,Marine Visor,6,[Additional],1,4,2,,
3141,Lil Empress Garb,8,[Armor],145,6,72,,
3140,Lil Empress Crystal,14,[Material],18,6,4,,
3139,Lil Empress Arrow,7,[Arrow],145,6,72,,
3138,Lil Empress Dagger,11,[Dagger],145,6,72,,
3137,Lil Empress Shield,17,[Shield],145,6,72,,
3136,Lil Empress Horn,14,[Material],22,1,21,,
3135,Venena,24,[Special Crysta],1,6,100,,
3134,Lil Empress Katana,27,[Katana],145,6,72,,
3133,Lil Empress Halberd,26,[Halberd],145,6,72,,
3132,Lil Empress Knuckle,13,[Knuckles],145,6,72,,
3131,Lil Empress Magic Device,15,[Magic Device],145,6,72,,
3130,Lil Empress Staff,19,[Staff],145,6,72,,
3129,Lil Empress Bowgun,10,[Bowgun],145,6,72,,
3128,Lil Empress Bow,9,[Bow],145,6,72,,
3127,Lil Empress Greatsword,5,[2 Handed Sword],145,6,72,,
3126,Lil Empress Sword,4,[1 Handed Sword],145,6,72,,
3125,Lil Empress Cloth Piece,14,[Material],24,4,24,,
3124,Lil Accessory Chip,14,[Material],24,3,21,,
3123,Cracked Throne,14,[Material],16,3,16,,
3122,Dark Fear,15,[Magic Device],130,6,65,,
3121,Berserk Wind,9,[Bow],130,6,65,,
3120,Dark Fear,15,[Magic Device],130,6,65,,
3119,Berserk Wind,9,[Bow],130,6,65,,
3118,Kasakiri,27,[Katana],120,3,60,,
3117,Kasakiri,27,[Katana],120,3,60,,
3116,3rd Anniv Box,1,[Usable],3000,6,175,,
3115,2nd Anniv Weapon Box,1,[Usable],-1,-1,-1,,
3114,1st Anniv Weapon Box,1,[Usable],-1,-1,-1,,
3113,Goleps,220,[Enhancer Crysta (Green)],1,6,100,,
3112,Ribbon Charm,15,[Magic Device],70,6,35,,
3111,Hot Pebble,14,[Material],9,3,9,,
3110,3rd Anniv Headband,6,[Additional],1,4,2,,
3109,3rd Anniv Hat,6,[Additional],1,4,2,,
3108,Revita VI,1,[Usable],28,5,6,,
3107,Regera V,1,[Usable],15,5,5,,
3106,3rd Anniv Katana VII,27,[Katana],-1,3,72,,
3105,3rd Anniv Halberd VII,26,[Halberd],-1,3,72,,
3104,3rd Anniv Knuckles VII,13,[Knuckles],-1,3,72,,
3103,3rd Anniv Wings VII,15,[Magic Device],-1,6,72,,
3102,3rd Anniv Staff VII,19,[Staff],-1,2,72,,
3101,3rd Anniv Bowgun VII,10,[Bowgun],-1,2,72,,
3100,3rd Anniv Bow VII,9,[Bow],-1,2,72,,
3099,3rd Anniv Greatsword VII,5,[2 Handed Sword],-1,3,72,,
3098,3rd Anniv Sword VII,4,[1 Handed Sword],-1,3,72,,
3097,3rd Anniv Katana VI,27,[Katana],-1,3,65,,
3096,3rd Anniv Halberd VI,26,[Halberd],-1,3,65,,
3095,3rd Anniv Knuckles VI,13,[Knuckles],-1,3,65,,
3094,3rd Anniv Wings VI,15,[Magic Device],-1,6,65,,
3093,3rd Anniv Staff VI,19,[Staff],-1,2,65,,
3092,3rd Anniv Bowgun VI,10,[Bowgun],-1,2,65,,
3091,3rd Anniv Bow VI,9,[Bow],-1,2,65,,
3090,3rd Anniv Greatsword VI,5,[2 Handed Sword],-1,3,65,,
3089,3rd Anniv Sword VI,4,[1 Handed Sword],-1,3,65,,
3088,3rd Anniv Katana V,27,[Katana],-1,3,55,,
3087,3rd Anniv Halberd V,26,[Halberd],-1,3,55,,
3086,3rd Anniv Knuckles V,13,[Knuckles],-1,3,55,,
3085,3rd Anniv Wings V,15,[Magic Device],-1,6,55,,
3084,3rd Anniv Staff V,19,[Staff],-1,2,55,,
3083,3rd Anniv Bowgun V,10,[Bowgun],-1,2,55,,
3082,3rd Anniv Bow V,9,[Bow],-1,2,55,,
3081,3rd Anniv Greatsword V,5,[2 Handed Sword],-1,3,55,,
3080,3rd Anniv Sword V,4,[1 Handed Sword],-1,3,55,,
3079,3rd Anniv Katana IV,27,[Katana],-1,3,47,,
3078,3rd Anniv Halberd IV,26,[Halberd],-1,3,47,,
3077,3rd Anniv Knuckles IV,13,[Knuckles],-1,3,47,,
3076,3rd Anniv Wings IV,15,[Magic Device],-1,6,47,,
3075,3rd Anniv Staff IV,19,[Staff],-1,2,47,,
3074,3rd Anniv Bowgun IV,10,[Bowgun],-1,2,47,,
3073,3rd Anniv Bow IV,9,[Bow],-1,2,47,,
3072,3rd Anniv Greatsword IV,5,[2 Handed Sword],-1,3,47,,
3071,3rd Anniv Sword IV,4,[1 Handed Sword],-1,3,47,,
3069,3rd Anniv Halberd III,26,[Halberd],-1,3,37,,
3068,3rd Anniv Knuckles III,13,[Knuckles],-1,3,37,,
3067,3rd Anniv Wings III,15,[Magic Device],-1,6,37,,
3066,3rd Anniv Staff III,19,[Staff],-1,2,37,,
3065,3rd Anniv Bowgun III,10,[Bowgun],-1,2,37,,
3064,3rd Anniv Bow III,9,[Bow],-1,2,37,,
3063,3rd Anniv Greatsword III,5,[2 Handed Sword],-1,3,37,,
3062,3rd Anniv Sword III,4,[1 Handed Sword],-1,3,37,,
3061,3rd Anniv Katana II,27,[Katana],-1,3,25,,
3060,3rd Anniv Halberd II,26,[Halberd],-1,3,25,,
3059,3rd Anniv Knuckles II,13,[Knuckles],-1,3,25,,
3058,3rd Anniv Wings II,15,[Magic Device],-1,6,25,,
3057,3rd Anniv Staff II,19,[Staff],-1,2,25,,
3056,3rd Anniv Bowgun II,10,[Bowgun],-1,2,25,,
3055,3rd Anniv Bow II,9,[Bow],-1,2,25,,
3054,3rd Anniv Greatsword II,5,[2 Handed Sword],-1,3,25,,
3053,3rd Anniv Sword II,4,[1 Handed Sword],-1,3,25,,
3052,3rd Anniv Katana,27,[Katana],-1,3,12,,
3051,3rd Anniv Halberd,26,[Halberd],-1,3,12,,
3050,3rd Anniv Knuckles,13,[Knuckles],-1,3,12,,
3049,3rd Anniv Wings,15,[Magic Device],-1,6,12,,
3048,3rd Anniv Staff,19,[Staff],-1,2,12,,
3047,3rd Anniv Bowgun,10,[Bowgun],-1,2,12,,
3046,3rd Anniv Bow,9,[Bow],-1,2,12,,
3045,3rd Anniv Greatsword,5,[2 Handed Sword],-1,3,12,,
3044,3rd Anniv Sword,4,[1 Handed Sword],-1,3,12,,
3043,3rd Anniv Shield VII,17,[Shield],-1,3,72,,
3042,3rd Anniv Katana VII,27,[Katana],-1,3,72,,
3041,3rd Anniv Halberd VII,26,[Halberd],-1,3,72,,
3040,3rd Anniv Knuckles VII,13,[Knuckles],-1,3,72,,
3039,3rd Anniv Wings VII,15,[Magic Device],-1,6,72,,
3038,3rd Anniv Staff VII,19,[Staff],-1,2,72,,
3037,3rd Anniv Bowgun VII,10,[Bowgun],-1,2,72,,
3036,3rd Anniv Bow VII,9,[Bow],-1,2,72,,
3035,3rd Anniv Greatsword VII,5,[2 Handed Sword],-1,3,72,,
3034,3rd Anniv Sword VII,4,[1 Handed Sword],-1,3,72,,
3033,3rd Anniv Shield VI,17,[Shield],-1,3,65,,
3032,3rd Anniv Katana VI,27,[Katana],-1,3,65,,
3031,3rd Anniv Halberd VI,26,[Halberd],-1,3,65,,
3030,3rd Anniv Knuckles VI,13,[Knuckles],-1,3,65,,
3029,3rd Anniv Wings VI,15,[Magic Device],-1,6,65,,
3028,3rd Anniv Staff VI,19,[Staff],-1,2,65,,
3027,3rd Anniv Bowgun VI,10,[Bowgun],-1,2,65,,
3026,3rd Anniv Bow VI,9,[Bow],-1,2,65,,
3025,3rd Anniv Greatsword VI,5,[2 Handed Sword],-1,3,65,,
3024,3rd Anniv Sword VI,4,[1 Handed Sword],-1,3,65,,
3023,3rd Anniv Shield V,17,[Shield],-1,3,55,,
3022,3rd Anniv Katana V,27,[Katana],-1,3,55,,
3021,3rd Anniv Halberd V,26,[Halberd],-1,3,55,,
3020,3rd Anniv Knuckles V,13,[Knuckles],-1,3,55,,
3019,3rd Anniv Wings V,15,[Magic Device],-1,6,55,,
3018,3rd Anniv Staff V,19,[Staff],-1,2,55,,
3017,3rd Anniv Bowgun V,10,[Bowgun],-1,2,55,,
3016,3rd Anniv Bow V,9,[Bow],-1,2,55,,
3015,3rd Anniv Greatsword V,5,[2 Handed Sword],-1,3,55,,
3014,3rd Anniv Sword V,4,[1 Handed Sword],-1,3,55,,
3013,3rd Anniv Shield IV,17,[Shield],-1,3,47,,
3012,3rd Anniv Katana IV,27,[Katana],-1,3,47,,
3011,3rd Anniv Halberd IV,26,[Halberd],-1,3,47,,
3010,3rd Anniv Knuckles IV,13,[Knuckles],-1,3,47,,
3009,3rd Anniv Wings IV,15,[Magic Device],-1,6,47,,
3008,3rd Anniv Staff IV,19,[Staff],-1,2,47,,
3007,3rd Anniv Bowgun IV,10,[Bowgun],-1,2,47,,
3006,3rd Anniv Bow IV,9,[Bow],-1,2,47,,
3005,3rd Anniv Greatsword IV,5,[2 Handed Sword],-1,3,47,,
3004,3rd Anniv Sword IV,4,[1 Handed Sword],-1,3,47,,
3003,3rd Anniv Shield III,17,[Shield],-1,3,37,,
3002,3rd Anniv Katana III,27,[Katana],-1,3,37,,
3001,3rd Anniv Halberd III,26,[Halberd],-1,3,37,,
3000,3rd Anniv Knuckles III,13,[Knuckles],-1,3,37,,
2999,3rd Anniv Wings III,15,[Magic Device],-1,6,37,,
2998,3rd Anniv Staff III,19,[Staff],-1,2,37,,
2997,3rd Anniv Bowgun III,10,[Bowgun],-1,2,37,,
2996,3rd Anniv Bow III,9,[Bow],-1,2,37,,
2995,3rd Anniv Greatsword III,5,[2 Handed Sword],-1,3,37,,
2994,3rd Anniv Sword III,4,[1 Handed Sword],-1,3,37,,
2993,3rd Anniv Shield II,17,[Shield],-1,3,25,,
2992,3rd Anniv Katana II,27,[Katana],-1,3,25,,
2991,3rd Anniv Halberd II,26,[Halberd],-1,3,25,,
2990,3rd Anniv Knuckles II,13,[Knuckles],-1,3,25,,
2989,3rd Anniv Wings II,15,[Magic Device],-1,6,25,,
2988,3rd Anniv Staff II,19,[Staff],-1,2,25,,
2987,3rd Anniv Bowgun II,10,[Bowgun],-1,2,25,,
2986,3rd Anniv Bow II,9,[Bow],-1,2,25,,
2985,3rd Anniv Greatsword II,5,[2 Handed Sword],-1,3,25,,
2984,3rd Anniv Sword II,4,[1 Handed Sword],-1,3,25,,
2983,3rd Anniv Shield,17,[Shield],-1,3,12,,
2982,3rd Anniv Katana,27,[Katana],-1,3,12,,
2981,3rd Anniv Halberd,26,[Halberd],-1,3,12,,
2980,3rd Anniv Knuckles,13,[Knuckles],-1,3,12,,
2979,3rd Anniv Wings,15,[Magic Device],-1,6,12,,
2978,3rd Anniv Staff,19,[Staff],-1,2,12,,
2977,3rd Anniv Bowgun,10,[Bowgun],-1,2,12,,
2976,3rd Anniv Bow,9,[Bow],-1,2,12,,
2975,3rd Anniv Greatsword,5,[2 Handed Sword],-1,3,12,,
2974,3rd Anniv Sword,4,[1 Handed Sword],-1,3,12,,
2973,Golpom 3rd Anniv Medal,14,[Material],300,6,30,,
2972,Silpom 3rd Anniv Medal,14,[Material],250,6,25,,
2971,Bropom 3rd Anniv Medal,14,[Material],200,6,20,,
2970,Pom 3rd Anniv Medal,14,[Material],150,6,15,,
2969,Gold 3rd Anniv Medal,14,[Material],100,6,10,,
2968,Silver 3rd Anniv Medal,14,[Material],50,6,5,,
2967,Bronze 3rd Anniv Medal,14,[Material],25,6,1,,
2966,Elven Ear Cuffs,6,[Additional],47,3,23,,
2965,Mossy Fur,14,[Material],15,1,15,,
2964,Green Ball,14,[Material],13,2,13,,
2963,Spiral Tree Root,14,[Material],11,2,11,,
2962,ASPD+100,20,[Normal Crysta],1,6,2,,
2961,Cat Powder,14,[Material],15,2,15,,
2960,Sharp Claw,14,[Material],13,1,13,,
2959,Cat Fur,14,[Material],11,1,11,,
2958,Arrow of Penetration,7,[Arrow],120,2,60,,
2957,Snake Blood,14,[Material],15,5,15,,
2956,Long Snake Tongue,14,[Material],13,1,13,,
2955,Snake Skin,14,[Material],11,1,12,,
2954,Ornlarf,220,[Enhancer Crysta (Green)],1,6,100,,
2953,Gwai Reaper,26,[Halberd],135,6,67,,
2952,Order Espada,5,[2 Handed Sword],135,6,67,,
2951,Clarity Rose,4,[1 Handed Sword],135,6,67,,
2950,Ether Metal,14,[Material],19,3,20,,
2949,Chief BK Shoulder Armor,14,[Material],21,3,20,,
2948,Chief BK Emblem,14,[Material],20,6,4,,
2947,Chief BK Loincloth,14,[Material],19,3,19,,
2946,Chief BK Glove Bit,14,[Material],15,3,15,,
2945,Wandering Wheel,230,[Enhancer Crysta (Yellow)],1,6,100,,
2944,Magic Engine,14,[Material],18,6,4,,
2943,Mechanic Hat,6,[Additional],65,4,32,,
2942,Sticky Wax,14,[Material],16,5,16,,
2941,Heavy Wheel,14,[Material],14,3,14,,
2940,Broken Light,14,[Material],12,3,12,,
2939,Elegia Staff,19,[Staff],120,3,60,,
2938,Maintenance Oil,14,[Material],16,5,17,,
2937,Bent Screw,14,[Material],14,3,13,,
2936,Broken Bat,14,[Material],12,2,12,,
2935,Rifled Musket,10,[Bowgun],120,3,60,,
2934,Machina Blood,14,[Material],16,5,15,,
2933,Hard Beast Fang,14,[Material],14,1,15,,
2932,Hard Armor Bit,14,[Material],12,3,12,,
2931,Wind Rapier,4,[1 Handed Sword],120,3,60,,
2930,Magic Eye,14,[Material],16,6,4,,
2929,Huge Iron Wheel,14,[Material],14,3,14,,
2928,Container Material,14,[Material],12,2,13,,
2927,Mad Palms,13,[Knuckles],130,6,65,,
2926,Frost Skirt,15,[Magic Device],120,6,60,,
2925,Mad Sniper,10,[Bowgun],130,6,65,,
2924,Cat Hairband,6,[Additional],67,4,33,,
2923,Mad Palms,13,[Knuckles],130,6,65,,
2922,Frost Skirt,15,[Magic Device],120,6,60,,
2921,Mad Sniper,10,[Bowgun],130,6,65,,
2920,Iris Ark Bow,9,[Bow],-1,-1,-1,,
2919,Jewelry Tiara,6,[Additional],300,6,100,,
2918,Jewelry Crown,6,[Additional],300,6,100,,
2917,Cursed Hood of Death,6,[Additional],1,6,2,,
2916,Gespenst II,23,[Additional Crysta],1,6,100,,
2915,Evil Garb of Death,8,[Armor],1,-1,-1,,
2914,Cursed Crysta,21,[Weapon Crysta],1,6,100,,
2913,Unicorn Helm,6,[Additional],-1,-1,-1,,
2912,Empress Mail,8,[Armor],1,3,2,,
2911,Energy Package,1,[Usable],0,0,0,,
2910,P. Avatar,20,[Normal Crysta],1,6,2,,
2909,Integridar,5,[2 Handed Sword],1,6,1000,,
2908,Tolerancia (old),26,[Halberd],1,6,1000,,
2907,Modestia (old),27,[Katana],1,6,1000,,
2906,Hydrangea,14,[Material],100,5,100,,
2905,Teru Teru Bozu,14,[Material],100,6,100,,
2904,Frog Hat,6,[Additional],1,6,2,,
2903,Sauteed Butter Snails,1,[Usable],1,0,0,,
2902,Regera (Purple),1,[Usable],1,5,2,,
2901,Revita (Purple),1,[Usable],1,5,2,,
2900,Ultimate Machina,210,[Enhancer Crysta (Red)],1,6,100,,
2899,Iradium,27,[Katana],135,1,67,,
2898,Ultimate Machina Claw,14,[Material],18,1,19,,
2897,Amcrie,26,[Halberd],135,1,67,,
2896,Machina Ring,18,[Special],70,3,35,,
2895,Sealed Eyeball,14,[Material],20,6,4,,
2894,Ultimate Machina Arm,14,[Material],18,1,18,,
2893,Patched Flesh,14,[Material],14,1,14,,
2892,Devil Circlet,6,[Additional],60,3,30,,
2891,Volotur,200,[Enhancer Crysta (Blue)],1,6,100,,
2890,Cursed Secret Soul,14,[Material],-1,6,-1,,
2889,Devil Circlet,6,[Additional],60,3,30,,
2888,Biting Head,14,[Material],16,1,17,,
2887,Spiky Fang,14,[Material],14,1,14,,
2886,Executioner's Loincloth,14,[Material],12,4,12,,
2885,Kasakiri,27,[Katana],120,3,60,,
2884,Cooling Oil,14,[Material],16,5,17,,
2883,Cracked Heatproof Board,14,[Material],14,3,14,,
2882,Iron Scrap,14,[Material],12,3,13,,
2881,Media Lense,14,[Material],17,3,18,,
2880,Steel Machine Greatsword,5,[2 Handed Sword],120,3,60,,
2879,Supplement (Muscle),1,[Usable],16,5,16,,
2878,Rusted Iron Fist,14,[Material],14,3,14,,
2877,Damaged Artificial Leather,14,[Material],12,4,13,,
2876,Dodge+10,20,[Normal Crysta],1,6,2,,
2875,Floating Ghost Bit,14,[Material],15,6,4,,
2874,Black Butterfly Scale,14,[Material],13,5,12,,
2873,Cracked Stone Figure,14,[Material],11,3,11,,
2872,Bullet Shield,17,[Shield],120,3,60,,
2871,Broken Antenna,14,[Material],15,3,12,,
2870,Broken Gun Barrel,14,[Material],13,3,13,,
2869,Damp Gunpowder,14,[Material],11,3,11,,
2868,Gust Googles,6,[Additional],75,4,37,,
2867,Some Kind of Curse,14,[Material],15,6,4,,
2866,Melted Bangle,14,[Material],13,3,12,,
2865,Chipped Red Horn,14,[Material],11,1,11,,
2864,Chakrums,13,[Knuckles],120,3,60,,
2863,Rifled Musket,10,[Bowgun],120,3,60,,
2862,Zahhak Sword,4,[1 Handed Sword],130,3,65,,
2861,Loincloth,6,[Additional],75,4,37,,
2860,Charm Belt,6,[Additional],60,3,30,,
2859,Osmanthus Barrette,6,[Additional],60,2,30,,
2858,Zahhak Shield,17,[Shield],130,3,65,,
2857,Chakrums,13,[Knuckles],120,3,60,,
2856,Rifled Musket,10,[Bowgun],120,3,60,,
2855,Zahhak Sword,4,[1 Handed Sword],130,3,65,,
2854,Choiyaki Mentai,24,[Special Crysta],1,6,100,,
2853,Mentai Ice Cream,1,[Usable],-1,-1,-1,,
2852,Mentai Cookie,1,[Usable],-1,-1,-1,,
2851,Mentai Senbei,1,[Usable],-1,-1,-1,,
2850,Seared Mentaiko,1,[Usable],-1,-1,-1,,
2849,Choiyaki Box,1,[Usable],1,0,0,,
2848,2nd Anniv Brooch,6,[Additional],1,6,2000,,
2847,Waldfee,5,[2 Handed Sword],130,2,65,,
2846,Waldfee,5,[2 Handed Sword],130,2,65,,
2845,Wind Up Key,6,[Additional],75,3,37,,
2844,Plate Armor,8,[Armor],35,3,17,,
2843,Gold Ingot,14,[Material],1000,3,100,,
2842,G. Iconos,23,[Additional Crysta],1,6,100,,
2841,Lyark Master Specialist,200,[Enhancer Crysta (Blue)],1,6,100,,
2840,Caro Tesla,27,[Katana],130,2,65,,
2839,Noble Glaive,26,[Halberd],120,3,60,,
2838,Spirit's Tear,19,[Staff],130,2,65,,
2837,Thunderbolt Bow,9,[Bow],120,3,60,,
2836,Imperial Sword,4,[1 Handed Sword],110,3,55,,
2835,Soldier Leader's Badge,14,[Material],24,4,25,,
2834,Gwaimol's Huge Blade,14,[Material],18,3,18,,
2833,Gwaimol's Horn,14,[Material],18,3,18,,
2832,Priest Hat,6,[Additional],62,4,31,,
2831,Sakura Kimono III,8,[Armor],120,4,60,,
2830,Gwaimol,210,[Enhancer Crysta (Red)],1,6,100,,
2829,Dark Fear,15,[Magic Device],130,6,65,,
2828,Berserk Wind,9,[Bow],130,6,65,,
2827,Cracked Black Knight Emblem,14,[Material],22,6,5,,
2826,Lyark Alloy,14,[Material],19,3,20,,
2825,Black Knight Armor Bit,14,[Material],14,3,13,,
2824,Knight Doll Core,14,[Material],16,6,4,,
2823,Crushed Long Lance,14,[Material],14,3,14,,
2822,Squashed Helm,14,[Material],12,3,12,,
2821,Frost Skirt,15,[Magic Device],120,6,60,,
2820,Mage Doll Core,14,[Material],16,6,4,,
2819,Iron Bowl,14,[Material],14,3,14,,
2818,Thick Wood Stick,14,[Material],12,2,12,,
2817,Noble Glaive,26,[Halberd],120,3,60,,
2816,Stout Handcuffs,14,[Material],16,3,16,,
2815,Holey Glove,14,[Material],14,4,14,,
2814,Torn Officer Clothes,14,[Material],12,4,12,,
2813,Charm Belt,6,[Additional],60,3,30,,
2812,Restless Soul,14,[Material],16,6,4,,
2811,Tatterred Ghost Cloth,14,[Material],14,4,15,,
2810,Jail Stone,14,[Material],12,3,12,,
2809,Drill Bolt,7,[Arrow],110,3,55,,
2808,Mining Drill,14,[Material],15,3,16,,
2807,Wide Lens,14,[Material],13,3,13,,
2806,Cracked Iron Lid,14,[Material],11,3,10,,
2805,CSPD+100,20,[Normal Crysta],1,6,2,,
2804,Stout Tongue,14,[Material],15,1,15,,
2803,Frog Venom,14,[Material],11,5,12,,
2802,Poisonous Needles,14,[Material],11,1,10,,
2801,Hard Shell Talisman,18,[Special],57,1,28,,
2800,Green Pearl,14,[Material],15,6,4,,
2799,Curved Lance,14,[Material],13,3,12,,
2798,Cracked Spiral Shell,14,[Material],11,1,12,,
2797,Mage Cape,6,[Additional],62,4,31,,
2796,Caro Tesla,27,[Katana],130,2,65,,
2795,Noble Glaive,26,[Halberd],120,3,60,,
2794,Spirit's Tear,19,[Staff],130,2,65,,
2793,Thunderbolt Bow,9,[Bow],120,3,60,,
2792,Imperial Sword,4,[1 Handed Sword],110,3,55,,
2791,Sakura Katana,27,[Katana],60,3,30,,
2790,Cersier's Hair Ornament,6,[Additional],60,4,30,,
2789,Sakura Kimono III,8,[Armor],120,4,60,,
2788,Golden Katana,27,[Katana],1,6,10,,
2787,Golden Lance,26,[Halberd],1,6,10,,
2786,Ninja Hat,6,[Additional],50,4,20,,
2785,Deniala,240,[Enhancer Crysta (Purple)],1,6,100,,
2784,Sakura Eater Feather,14,[Material],9,6,5,,
2783,Moist Sakura Branch,14,[Material],9,2,9,,
2782,Cherry Blossom Crystal,14,[Material],10,1,9,,
2781,Dia Lamina,27,[Katana],120,3,60,,
2780,Dia Spear,26,[Halberd],120,3,60,,
2779,Dia Knuckles,13,[Knuckles],120,3,60,,
2778,Dia Wings,15,[Magic Device],120,6,60,,
2777,Dia Staff,19,[Staff],120,2,60,,
2776,Dia Bowgun,10,[Bowgun],120,2,60,,
2775,Dia Shooter,9,[Bow],120,2,60,,
2774,Dia Edge,5,[2 Handed Sword],120,3,60,,
2773,Dia Sword,4,[1 Handed Sword],120,3,60,,
2772,Wing Egg Bag,6,[Additional],1,6,2,,
2771,Easter Bunny,6,[Additional],1,6,2,,
2770,Sunny Side Beret,6,[Additional],1,6,2,,
2769,Strange Egg,14,[Material],7,5,8,,
2768,Tera Speed Potion,1,[Usable],-1,-1,-1,,
2767,Magic Proof Coat,1,[Usable],-1,-1,-1,,
2766,Protector Plate,1,[Usable],-1,-1,-1,,
2765,Anti Darkness Gloves,1,[Usable],-1,-1,-1,,
2764,Shading Handkerchief,1,[Usable],-1,-1,-1,,
2763,Third Eye,1,[Usable],-1,-1,-1,,
2762,Fighter's Red Loincloth,1,[Usable],12,5,13,,
2761,Guignol,200,[Enhancer Crysta (Blue)],1,6,100,,
2760,Mad Palms,13,[Knuckles],130,6,65,,
2759,Mad Sniper,10,[Bowgun],130,6,65,,
2758,Broken Guignol's Leg,14,[Material],-1,-1,-1,,
2757,Shattered Guignol's Arm,14,[Material],-1,-1,-1,,
2756,Squashed Guignol's Eye,14,[Material],-1,-1,-1,,
2755,Broken Driver,14,[Material],18,3,18,,
2754,Guignol's Iron Scrap,14,[Material],14,3,13,,
2753,Corroded Pot,14,[Material],16,3,15,,
2752,Stretchable Wire,14,[Material],14,3,13,,
2751,Hard Claw,14,[Material],12,3,11,,
2750,Priest Hat,6,[Additional],62,4,31,,
2749,Good Spider Silk,14,[Material],14,4,15,,
2748,Shiny Shell,14,[Material],12,1,12,,
2747,Retainer Doll Core,14,[Material],16,6,4,,
2746,Clean Wiping Cloth,14,[Material],14,4,14,,
2745,Broken Feather Duster,14,[Material],12,2,13,,
2744,Lyark Tranquilizer,1,[Usable],16,5,14,,
2743,Ox Fabric,14,[Material],14,4,15,,
2742,Broken Syringe,14,[Material],12,5,12,,
2741,Accuracy+10,20,[Normal Crysta],1,6,2,,
2739,Warped Venom Bomb,14,[Material],14,5,13,,
2738,Warped Nut,14,[Material],12,3,12,,
2737,Photosynthesis System,6,[Additional],60,5,30,,
2736,Water Repellent Oil,14,[Material],16,5,16,,
2735,Special Iron Feather,14,[Material],14,3,14,,
2734,Broken Armor Plate,14,[Material],12,3,12,,
2733,Ultimea Stone,14,[Material],15,3,15,,
2732,Red Purple Gelatin,1,[Usable],15,5,15,,
2731,Sour-Sweet Liquid,14,[Material],13,5,13,,
2730,Fluffy Scarf,14,[Material],13,4,13,,
2729,Bat Ear,14,[Material],11,1,11,,
2728,Noisy Music Note,14,[Material],15,6,4,,
2727,Broken Headphones,14,[Material],13,3,13,,
2726,Dancing Tentacle,14,[Material],11,1,10,,
2725,Shining Crystal Powder,14,[Material],12,5,12,,
2724,Blue Crystal Clot,14,[Material],10,3,10,,
2723,Blunt Knife,14,[Material],14,3,14,,
2722,Rusted Helm,14,[Material],12,3,12,,
2721,Rough Gloves,14,[Material],10,4,9,,
2720,Steel Mask,14,[Material],14,3,14,,
2719,Underground Rat Tail,14,[Material],12,1,12,,
2718,Black Rat Hair,14,[Material],10,4,10,,
2717,Zweihander,5,[2 Handed Sword],110,3,55,,
2716,Iron Fang,27,[Katana],110,3,55,,
2715,Imperial Sword,4,[1 Handed Sword],110,3,55,,
2714,Imperial Shield,17,[Shield],110,3,55,,
2713,Crystal Rod,19,[Staff],110,3,55,,
2712,Rat Knife,11,[Dagger],110,3,55,,
2711,AGI+5,20,[Normal Crysta],1,6,2,,
2710,Hair Turban,6,[Additional],57,4,28,,
2709,Mozt Armor,8,[Armor],125,1,62,,
2708,Diomedea Suit,8,[Armor],120,4,60,,
2707,Iron Fang,27,[Katana],110,3,55,,
2706,Crystal Rod,19,[Staff],110,3,55,,
2705,Metal Bowgun,10,[Bowgun],110,3,55,,
2704,Medical Bag,6,[Additional],62,4,31,,
2703,Overskirt,6,[Additional],62,4,31,,
2702,Tyrant Grievance,6,[Additional],60,3,30,,
2701,Tyrant Mask,6,[Additional],-1,-1,-1,,
2700,Mozt Armor,8,[Armor],125,1,62,,
2699,Diomedea Suit,8,[Armor],120,4,60,,
2698,Imperial Shield,17,[Shield],110,3,55,,
2697,Iron Fang,27,[Katana],110,3,55,,
2696,Crystal Rod,19,[Staff],110,3,55,,
2695,Metal Bowgun,10,[Bowgun],110,3,55,,
2694,Piercer [Katana],3,[Piercer],0,0,0,,
2693,Ultimate Expert's Hammer,2,[Refinement Support],0,0,0,,
2692,Supreme Expert's Hammer,2,[Refinement Support],0,0,0,,
2691,Neo Expert's Hammer,2,[Refinement Support],0,0,0,,
2690,Expert's Hammer,2,[Refinement Support],0,0,0,,
2689,Magic Crystal Armor,8,[Armor],30,6,15,,
2688,Crystal Earrings,6,[Additional],12,3,6,,
2687,Magic Coarse Sugar,14,[Material],20,6,50,,
2686,Candela II,230,[Enhancer Crysta (Yellow)],1,6,100,,
2685,Triple Ice Cream,13,[Knuckles],1,3,2,,
2684,Cake Knife,4,[1 Handed Sword],1,3,2,,
2683,Candy Arrow,7,[Arrow],1,5,2,,
2682,Biscuit Knife,11,[Dagger],1,5,2,,
2681,White Cap,6,[Additional],1,4,2,,
2680,Candy Ears,6,[Additional],1,5,2,,
2679,Cheek Rouge,6,[Additional],1,6,2,,
2678,Snow Rabbit,6,[Additional],1,6,2,,
2677,Snowflake Headband,6,[Additional],1,2,2,,
2676,Fur Hat,6,[Additional],1,1,2,,
2675,Iced Vita Plus,1,[Usable],1,6,40,,
2674,Zahhak Machina,21,[Weapon Crysta],1,6,100,,
2673,Twin-Head Dragon Talisman,18,[Special],65,6,32,,
2672,Zahhak Sword,4,[1 Handed Sword],130,3,65,,
2671,Twin Head Dragon Tail,14,[Material],20,1,20,,
2670,Zahhak Shield,17,[Shield],130,3,65,,
2669,Twin Head Dragon Heart,14,[Material],22,6,5,,
2668,Twin Head Dragon Claw,14,[Material],18,1,18,,
2667,Twin Head Dragon Scale,14,[Material],14,1,14,,
2666,Battle Spear,26,[Halberd],110,3,55,,
2665,Lyark Ointment,1,[Usable],15,5,14,,
2664,Broken Surgical Knife,14,[Material],13,3,13,,
2663,Torn Tool Pouch,14,[Material],11,4,10,,
2662,Iron Bear Claw,13,[Knuckles],110,3,55,,
2661,Felt Fabric,14,[Material],15,4,16,,
2660,Big Button,14,[Material],13,2,14,,
2659,Ragged Cotton,14,[Material],11,4,12,,
2658,Commander Golem,21,[Weapon Crysta],1,6,100,,
2657,Command Radar,14,[Material],-1,6,-1,,
2656,Metal Bowgun,10,[Bowgun],110,3,55,,
2655,Hard Glass,14,[Material],15,3,15,,
2654,Crimson Loincloth,14,[Material],13,4,13,,
2653,Tubular Part,14,[Material],11,3,11,,
2652,Osmanthus Barrette,6,[Additional],60,2,30,,
2651,Hard Nut,1,[Usable],12,5,12,,
2650,Colon Woodchip,14,[Material],10,2,10,,
2649,Dodge+8,20,[Normal Crysta],1,6,2,,
2648,Huge Metal Fang,14,[Material],12,3,12,,
2647,Steel Claw,14,[Material],10,3,10,,
2646,DEX+4,20,[Normal Crysta],1,6,2,,
2645,Painkiller,1,[Usable],14,5,15,,
2644,Long Thin Iron Plate,14,[Material],12,3,11,,
2643,Coarse Cloth,14,[Material],10,4,10,,
2642,Hora Diomedea,1,[Usable],1,6,1,,
2641,Partisan Gem,12,[Gem],1,0,0,,
2640,Force Gem,12,[Gem],1,0,0,,
2639,Mana Gem II,12,[Gem],1,0,0,,
2638,Normal Gem III,12,[Gem],1,0,0,,
2637,Fortuita Vestibus,8,[Armor],120,4,60,,
2636,Fortuita Vestibus,8,[Armor],120,4,60,,
2635,Iron Bear Claw,13,[Knuckles],110,3,55,,
2634,Sefeed Bow,9,[Bow],110,2,55,,
2633,Weaken Talisman,18,[Special],-1,-1,-1,,
2632,Dexterity Talisman IV,18,[Special],-1,-1,-1,,
2631,Speed Talisman IV,18,[Special],-1,-1,-1,,
2630,Stamina Talisman IV,18,[Special],-1,-1,-1,,
2629,Magic Talisman IV,18,[Special],-1,-1,-1,,
2628,Muscle Talisman IV,18,[Special],-1,-1,-1,,
2627,Iron Bear Claw,13,[Knuckles],110,3,55,,
2626,Sefeed Bow,9,[Bow],110,2,55,,
2625,Super Costero,15,[Magic Device],-1,-1,-1,,
2624,Ooze Helmet,6,[Additional],22,3,11,,
2623,Ooze Armor,8,[Armor],50,3,25,,
2622,Cacao Crystal,14,[Material],20,6,50,,
2621,Chocolate Katana,27,[Katana],1,5,2,,
2620,Cute Bowgun,10,[Bowgun],1,3,2,,
2619,Cacao Arrow,7,[Arrow],1,-1,-1,,
2618,Chocolate Knife,11,[Dagger],1,-1,-1,,
2617,Cupid Potum,6,[Additional],1,6,2,,
2616,Fountain Hat,6,[Additional],1,3,2,,
2615,Chocolate Pretzel,6,[Additional],1,5,2,,
2614,Chocolate Ooze II,230,[Enhancer Crysta (Yellow)],1,6,200,,
2613,Death Truffle,1,[Usable],18,5,18,,
2612,Onigawara Buckle,6,[Additional],-1,-1,-1,,
2611,Oni Afro,6,[Additional],-1,-1,-1,,
2610,Horns Hair Wig,6,[Additional],-1,-1,-1,,
2609,Fukumasu Potum,6,[Additional],-1,-1,-1,,
2608,Okame Mask,6,[Additional],-1,-1,-1,,
2607,Sefeed Bow,9,[Bow],110,2,55,,
2606,Onion,14,[Material],15,5,16,,
2605,Tear Liquid,14,[Material],13,5,13,,
2604,Flower Bulb Skin,14,[Material],11,2,11,,
2603,Super Death Mushroom,220,[Enhancer Crysta (Green)],1,6,100,,
2602,Lalvada,240,[Enhancer Crysta (Purple)],1,6,100,,
2601,Caro Tesla,27,[Katana],130,2,65,,
2600,Waldfee,5,[2 Handed Sword],130,2,65,,
2599,Spirit's Tear,19,[Staff],130,2,65,,
2598,Forest Spirit's Robe,14,[Material],13,4,13,,
2597,Magic Charged Rock,14,[Material],17,3,17,,
2596,Forest Spirit's Kotodama,14,[Material],21,6,5,,
2595,Mystic Crystal Stone,14,[Material],20,6,4,,
2594,Floral Light,15,[Magic Device],110,6,55,,
2593,Emergency Food,1,[Usable],15,5,15,,
2592,Tough Wood,14,[Material],13,2,13,,
2591,Tattered Robe,14,[Material],11,4,1,,
2590,Critical Rate +4,20,[Normal Crysta],1,6,2,,
2589,Plant Fang,14,[Material],13,2,13,,
2588,Tough Vine,14,[Material],11,2,11,,
2587,Laurel Crown,6,[Additional],57,2,28,,
2586,Mysterious Mushroom,1,[Usable],15,5,15,,
2585,Mushroom Venom,14,[Material],13,5,14,,
2584,Moss Log,14,[Material],11,2,11,,
2583,Holy Robe,8,[Armor],120,4,60,,
2582,Einsamkeit,26,[Halberd],120,3,60,,
2581,Battle Spear,26,[Halberd],110,3,55,,
2580,Floral Light,15,[Magic Device],110,6,55,,
2579,Fusee Trahison,10,[Bowgun],120,3,60,,
2578,Zweihander,5,[2 Handed Sword],110,3,55,,
2577,Devil Circlet,6,[Additional],60,3,30,,
2576,Fairy Hat,6,[Additional],60,4,30,,
2575,Hair Turban,6,[Additional],57,4,28,,
2574,Sombrero,6,[Additional],55,2,27,,
2573,Holy Robe,8,[Armor],120,4,60,,
2572,Einsamkeit,26,[Halberd],120,3,60,,
2571,Battle Spear,26,[Halberd],110,3,55,,
2570,Floral Light,15,[Magic Device],110,6,55,,
2569,Fusee Trahison,10,[Bowgun],120,3,60,,
2568,Zweihander,5,[2 Handed Sword],110,3,55,,
2567,Broken Gas Mask,14,[Material],19,3,20,,
2566,Fusee Trahison,10,[Bowgun],120,3,60,,
2565,Armigma,8,[Armor],37,6,45,,
2564,Aunigma,6,[Additional],42,6,21,,
2563,Clyde Luxen,8,[Armor],-1,-1,-1,,
2562,Emeldia,13,[Knuckles],-1,-1,-1,,
2561,Einsamkeit,26,[Halberd],120,3,60,,
2560,Bexiz Bowgun,10,[Bowgun],100,3,50,,
2559,Bexiz Staff,19,[Staff],100,3,50,,
2558,Jade Wings,15,[Magic Device],-1,-1,-1,,
2557,Otoshidama,14,[Material],1000,1,1000,,
2556,Otoshidama,14,[Material],1000,2,1000,,
2555,Otoshidama,14,[Material],1000,3,1000,,
2554,Otoshidama,14,[Material],1000,4,1000,,
2553,Otoshidama,14,[Material],1000,5,1000,,
2552,Osechi,1,[Usable],0,6,100,,
2551,Zodiac Hat: Dog,6,[Additional],1,6,2,,
2550,Perro,23,[Additional Crysta],1,6,2,,
2549,Zodiac Dog Box,1,[Usable],1,0,0,,
2548,Kuro Tsurubami,27,[Katana],-1,-1,-1,,
2547,Kuro Momiji,27,[Katana],-1,-1,-1,,
2546,Sumire Renkyoku,27,[Katana],-1,-1,-1,,
2545,Faldios,27,[Katana],-1,-1,-1,,
2544,Koga Koshirae,27,[Katana],-1,-1,-1,,
2543,Ooze Lamina,27,[Katana],-1,-1,-1,,
2542,Kiraboshi,27,[Katana],-1,-1,-1,,
2541,Minotaur's Katana,27,[Katana],35,1,17,,
2540,Aobato,27,[Katana],20,3,10,,
2539,Shirasaya,27,[Katana],1,3,2,,
2538,Nameless Uchigatana,27,[Katana],10,3,5,,
2537,Tatetsuba,27,[Katana],50,3,25,,
2536,Odelon Machina,20,[Normal Crysta],1,6,100,,
2535,Mafu Swordstick,27,[Katana],-1,-1,-1,,
2534,Kuwagumo,27,[Katana],30,3,15,,
2533,Shura Koshirae,27,[Katana],70,3,35,,
2532,Kuro Tsurubami,27,[Katana],-1,-1,-1,,
2531,Mafu Swordstick,27,[Katana],-1,-1,-1,,
2530,Kuro Momiji,27,[Katana],-1,-1,-1,,
2529,Ice Katana Ace,27,[Katana],-1,-1,-1,,
2528,Sumire Renkyoku,27,[Katana],-1,-1,-1,,
2527,Faldios,27,[Katana],-1,-1,-1,,
2526,Shura Koshirae,27,[Katana],70,3,35,,
2525,Koga Koshirae,27,[Katana],-1,-1,-1,,
2524,Ooze Lamina,27,[Katana],-1,-1,-1,,
2523,Tatetsuba,27,[Katana],50,3,25,,
2522,Kiraboshi,27,[Katana],-1,-1,-1,,
2521,Minotaur's Katana,27,[Katana],35,1,17,,
2520,Kuwagumo,27,[Katana],30,3,15,,
2519,Aobato,27,[Katana],20,3,10,,
2518,Nameless Uchigatana,27,[Katana],10,3,5,,
2517,Shirasaya,27,[Katana],1,3,2,,
2516,El Vento,15,[Magic Device],100,6,50,,
2515,Leve Bow,9,[Bow],110,1,55,,
2514,Leve Fang,4,[1 Handed Sword],110,1,55,,
2513,Kuro Tsurubami,27,[Katana],-1,-1,-1,,
2512,Mafu Swordstick,27,[Katana],-1,-1,-1,,
2511,Kuro Momiji,27,[Katana],-1,-1,-1,,
2510,Ice Katana Ace,27,[Katana],-1,-1,-1,,
2509,Sumire Renkyoku,27,[Katana],-1,-1,-1,,
2508,Faldios,27,[Katana],-1,-1,-1,,
2507,Shura Koshirae,27,[Katana],70,3,35,,
2506,Koga Koshirae,27,[Katana],-1,-1,-1,,
2505,Ooze Lamina,27,[Katana],-1,-1,-1,,
2504,Tatetsuba,27,[Katana],50,3,25,,
2503,Kiraboshi,27,[Katana],-1,-1,-1,,
2502,Minotaur's Katana,27,[Katana],35,1,17,,
2501,Kuwagumo,27,[Katana],30,3,15,,
2500,Aobato,27,[Katana],20,3,10,,
2499,Nameless Uchigatana,27,[Katana],10,3,5,,
2498,Shirasaya,27,[Katana],1,3,2,,
2497,El Vento,15,[Magic Device],100,6,50,,
2496,Leve Bow,9,[Bow],110,1,55,,
2495,Leve Fang,4,[1 Handed Sword],110,1,55,,
2494,Frozen Treasure Box,1,[Usable],1,0,0,,
2493,Baphomela,230,[Enhancer Crysta (Yellow)],1,6,100,,
2492,Devil Hood,6,[Additional],1,6,100,,
2491,Baphomela's Horn,14,[Material],15,1,15,,
2490,Baphomela's Scary Claw,14,[Material],10,1,10,,
2489,Baphomela's Soul,14,[Material],20,6,5,,
2488,MP+250,20,[Normal Crysta],1,6,2,,
2487,Frozen Wreath,14,[Material],15,5,16,,
2486,Unmelting Ice,14,[Material],15,6,4,,
2485,Cup Ice Cream,1,[Usable],13,5,13,,
2484,Ginpeng Skin,14,[Material],11,4,11,,
2483,Sharp Wood Arrow,7,[Arrow],85,2,42,,
2482,Crystal Cluster,6,[Additional],1,3,100,,
2481,Navida Stone,14,[Material],11,3,12,,
2480,Spirit Shield Navida,17,[Shield],-1,-1,-1,,
2479,Potum Helmet,6,[Additional],1,4,2,,
2478,Party Glasses,6,[Additional],1,3,2,,
2477,Big Ribbon,6,[Additional],1,4,2,,
2476,Santa Suit III,8,[Armor],1,6,20,,
2475,Snowman Head,6,[Additional],1,6,2,,
2474,Snowman Garb,8,[Armor],1,6,20,,
2473,Snow Cookie,14,[Material],10,6,30,,
2472,Gold Pom Refine,2,[Refinement Support],-1,0,0,,
2471,Silver Pom Refine,2,[Refinement Support],-1,0,0,,
2470,Bronze Pom Refine,2,[Refinement Support],2,0,0,,
2469,Grecia,21,[Weapon Crysta],1,6,100,,
2468,Fortistra,8,[Armor],1,6,100,,
2467,Mozto Machina,210,[Enhancer Crysta (Red)],1,6,100,,
2466,Chimera's Evil Eye,14,[Material],21,6,5,,
2465,Chimera Hard Horn,14,[Material],19,1,20,,
2464,Chimera Claw,14,[Material],17,1,17,,
2463,Chaos Knife,11,[Dagger],125,1,62,,
2462,Chimera Arrow,7,[Arrow],125,1,62,,
2461,Mozt Armor,8,[Armor],125,1,62,,
2460,Chimera Scale,14,[Material],13,1,13,,
2459,Magic Lens,14,[Material],18,6,4,,
2458,Lezvie,5,[2 Handed Sword],145,6,72,,
2457,Priest Mace,19,[Staff],100,3,50,,
2456,Mysterious Luminary,14,[Material],15,6,4,,
2455,Evil Horn,14,[Material],13,1,13,,
2454,Iron Carapace,14,[Material],11,3,11,,
2453,Sombrero,6,[Additional],55,2,27,,
2452,Flame Gunpowder,14,[Material],15,5,15,,
2451,Broken Magazine,14,[Material],13,3,14,,
2450,Huge Screw,14,[Material],11,3,12,,
2449,Paladin Spear,26,[Halberd],100,3,50,,
2448,Huge Eyeball,14,[Material],15,1,14,,
2447,Tough Tentacle,14,[Material],13,1,13,,
2446,Strange Skin,14,[Material],11,4,12,,
2445,MP+200,20,[Normal Crysta],1,6,2,,
2444,Tar Oil,14,[Material],13,5,14,,
2443,Bitter Gelatin,1,[Usable],11,5,11,,
2442,Sticky Liquid,14,[Material],9,5,9,,
2441,Spike Shield,17,[Shield],100,3,50,,
2440,Huge Raw Meat,14,[Material],13,5,13,,
2439,Broken Iron Stick,14,[Material],11,3,11,,
2438,Tattered Loincloth,14,[Material],9,4,9,,
2437,Beast Fang Talisman,18,[Special],50,2,25,,
2436,Energy Bottle,1,[Usable],13,6,3,,
2435,Steel Horn,14,[Material],11,3,11,,
2434,Coarse Beast Fur,14,[Material],9,1,9,,
2433,Wrath of Vulcan,15,[Magic Device],110,6,55,,
2432,Vulcan Staff,19,[Staff],110,6,55,,
2431,Bayonet,10,[Bowgun],100,3,50,,
2430,Skeleton Bow,9,[Bow],100,3,50,,
2429,Top Hat,6,[Additional],52,4,26,,
2428,Vulcan Shield,17,[Shield],110,6,55,,
2427,Wrath of Vulcan,15,[Magic Device],110,6,55,,
2426,Vulcan Staff,19,[Staff],110,6,55,,
2425,Bayonet,10,[Bowgun],100,3,50,,
2424,Skeleton Bow,9,[Bow],100,3,50,,
2423,Dusk Machina,23,[Additional Crysta],1,6,100,,
2422,Crimson Huge Bone,14,[Material],16,1,17,,
2421,Dragon Witch,24,[Special Crysta],1,6,100,,
2420,Tyrant Mask,6,[Additional],-1,-1,-1,,
2419,Tyrant Machina,210,[Enhancer Crysta (Red)],1,6,100,,
2418,Tentacle's Roar,6,[Additional],62,5,31,,
2417,Giant Machina's Heart,14,[Material],21,6,5,,
2416,Giant Machina's Tentacle,14,[Material],17,1,17,,
2415,Patchwork Skin,14,[Material],13,4,13,,
2414,Tyrant Grievance,6,[Additional],60,3,30,,
2413,Epetal,13,[Knuckles],100,3,50,,
2412,Giant Hand Print,14,[Material],14,6,3,,
2411,Monster's Big Arm,14,[Material],12,1,12,,
2410,Huge Bone,14,[Material],10,1,10,,
2409,Top Hat,6,[Additional],52,4,26,,
2408,Broken Self-Destruct Button,14,[Material],14,6,3,,
2407,Torn Black Coat,14,[Material],12,4,12,,
2406,Broken Leather Shoes,14,[Material],10,4,10,,
2405,Skeleton Bow,9,[Bow],100,3,50,,
2404,Ball Bearing,14,[Material],14,3,14,,
2403,Curved Blade,14,[Material],12,3,12,,
2402,Torn Chain,14,[Material],10,3,9,,
2401,INT+4,20,[Normal Crysta],1,6,2,,
2400,Rotten Petal,14,[Material],11,5,11,,
2399,Withered Root,14,[Material],9,2,9,,
2398,Phetor Hat,6,[Additional],50,4,25,,
2397,Stun Mushroom,14,[Material],13,5,13,,
2396,Aromatic Leaf,14,[Material],11,5,12,,
2395,Fusty Wood Tip,14,[Material],9,2,9,,
2394,ASPD+80,20,[Normal Crysta],1,6,2,,
2393,Peligro Landfill,14,[Material],1,6,1,,
2392,Peligro Wood,14,[Material],11,2,12,,
2391,Contaminated Wood,14,[Material],9,2,9,,
2390,Zaif Sadik,13,[Knuckles],110,3,55,,
2389,Priest Mace,19,[Staff],100,3,50,,
2388,Sinergatis,5,[2 Handed Sword],110,3,55,,
2387,Soldier Sword,4,[1 Handed Sword],100,3,50,,
2386,Circle of Order,6,[Additional],-1,-1,-1,,
2385,Beak Mask,6,[Additional],47,1,23,,
2384,Spike Shield,17,[Shield],100,3,50,,
2383,Zaif Sadik,13,[Knuckles],110,3,55,,
2382,Priest Mace,19,[Staff],100,3,50,,
2381,Sinergatis,5,[2 Handed Sword],110,3,55,,
2380,Soldier Sword,4,[1 Handed Sword],100,3,50,,
2379,Jeila,230,[Enhancer Crysta (Yellow)],1,6,100,,
2378,Pumpkin Ring,18,[Special],-1,-1,-1,,
2377,Lil Devil Barrette,6,[Additional],-1,-1,-1,,
2376,Lil Devil Horn,6,[Additional],-1,-1,-1,,
2375,Lil Devil Garb,8,[Armor],-1,-1,-1,,
2374,Coffin Shield,17,[Shield],-1,-1,-1,,
2373,Lil Devil Lance,26,[Halberd],-1,-1,-1,,
2372,Ghost Puppets,13,[Knuckles],-1,-1,-1,,
2371,Heated Pumpkin Axe,5,[2 Handed Sword],-1,-1,-1,,
2370,Butcher's Knife,4,[1 Handed Sword],-1,-1,-1,,
2369,Pumpkin Diamond,14,[Material],15,6,30,,
2368,Evil Claw Crystal Bottle,1,[Usable],1,0,0,,
2367,Goldoon,22,[Armor Crysta],1,6,100,,
2366,Fighter Uniform,8,[Armor],-1,-1,-1,,
2365,Headgear,6,[Additional],1,4,2,,
2364,Magical Dagger,11,[Dagger],-1,-1,-1,,
2363,Flash Volt,7,[Arrow],70,3,35,,
2362,Potolo's Pot-Au-Feu,1,[Usable],1,0,0,,
2361,Ring of Universe,18,[Special],-1,-1,-1,,
2360,Persimmon Coryn Helmet,6,[Additional],1,5,2,,
2359,Grape Jelly,1,[Usable],1,6,10,,
2358,Pear Tart,1,[Usable],1,6,10,,
2357,Builder Golem,210,[Enhancer Crysta (Red)],1,6,100,,
2356,Mysterious Magic Lantern,14,[Material],17,6,4,,
2355,Useless Part,14,[Material],1,3,20,,
2354,Powered Gear,18,[Special],-1,-1,-1,,
2353,Shield Plus,18,[Special],-1,-1,-1,,
2352,Phalanx (Shield),17,[Shield],-1,-1,-1,,
2351,Phalanx (Armor),8,[Armor],-1,-1,-1,,
2350,Phalanx (Helm),6,[Additional],-1,-1,-1,,
2349,York,200,[Enhancer Crysta (Blue)],1,6,100,,
2348,York's Pendant,6,[Additional],60,3,30,,
2347,Holy Robe,8,[Armor],120,4,60,,
2346,Einsamkeit,26,[Halberd],120,3,60,,
2345,Energy Core,14,[Material],20,6,4,,
2344,Fusee Trahison,10,[Bowgun],120,3,60,,
2343,Launcher Arm,14,[Material],19,3,20,,
2342,York's Memo Paper,14,[Material],16,2,16,,
2341,Magic Cannon Part,14,[Material],12,3,12,,
2340,Bayonet,10,[Bowgun],100,3,50,,
2339,Cracked Mask,14,[Material],14,6,3,,
2338,Silk Glove,14,[Material],12,4,13,,
2337,Dirty Robe,14,[Material],10,4,10,,
2336,Sealing Blade,5,[2 Handed Sword],100,3,50,,
2335,Unstoppable Clock Hand,14,[Material],14,3,14,,
2334,Loud Bell,14,[Material],12,3,12,,
2333,Cracked Clock Face,14,[Material],10,2,11,,
2332,Strange Tool Box,1,[Usable],1,3,2,,
2331,Cracked Lense,14,[Material],14,3,13,,
2330,Big Spanner,14,[Material],12,3,13,,
2329,Rusted Iron Plate,14,[Material],10,3,10,,
2328,Beak Mask,6,[Additional],47,1,23,,
2327,Chicken Thigh,1,[Usable],13,5,13,,
2326,Brown Beak,14,[Material],11,1,11,,
2325,Fluffy Tail Feather,14,[Material],9,1,9,,
2324,AGI+4,20,[Normal Crysta],1,6,2,,
2323,Bee Thin Wing,14,[Material],11,4,11,,
2322,Soft Tree Bark,14,[Material],9,2,10,,
2321,Jiangshi Hat,6,[Additional],47,4,23,,
2320,Mud Dumpling,14,[Material],13,5,13,,
2319,Plant Mane,14,[Material],11,2,11,,
2318,Muddy Wood Tip,14,[Material],9,2,9,,
2317,Monster Pot,1,[Usable],10,5,11,,
2316,Sticky Dumpling,1,[Usable],10,5,11,,
2315,Power Candy,1,[Usable],10,5,11,,
2314,Fortistra,8,[Armor],105,6,52,,
2313,Paladin Spear,26,[Halberd],100,3,50,,
2312,Epetal,13,[Knuckles],100,3,50,,
2311,Beast Collar,6,[Additional],57,4,28,,
2310,Fortistra,8,[Armor],105,6,52,,
2309,Paladin Spear,26,[Halberd],100,3,50,,
2308,Epetal,13,[Knuckles],100,3,50,,
2307,Platinum Potum,200,[Enhancer Crysta (Blue)],1,6,100,,
2306,Queen Staff (Potum),19,[Staff],1,6,1000,,
2305,Cracked Tiara,14,[Material],25,6,25,,
2304,Platinum Potum Hat,6,[Additional],1,3,2,,
2303,Potum's Jewelry Box,1,[Usable],100,6,100,,
2302,Bunny Ear Hood,6,[Additional],-1,-1,-1,,
2301,Greatly Evil Blade,14,[Material],22,6,5,,
2300,Evil Magic Sword,21,[Weapon Crysta],1,6,100,,
2299,Leve Bow,9,[Bow],110,1,55,,
2298,Leve Fang,4,[1 Handed Sword],110,1,55,,
2297,Ancient Fabric,14,[Material],18,4,19,,
2296,Beast Talisman,18,[Special],55,1,27,,
2295,Proto Leon's Hammer Bit,14,[Material],13,3,14,,
2294,Savage Beast Mane,14,[Material],20,1,20,,
2293,Crystalized Huge Claw,14,[Material],16,3,16,,
2292,Crystal Lion Fang,14,[Material],12,1,11,,
2291,Proto Leon,230,[Enhancer Crysta (Yellow)],1,6,100,,
2290,El Vento,15,[Magic Device],100,6,50,,
2289,Octopus Ink,14,[Material],14,5,15,,
2288,Huge Suction Cup,14,[Material],10,1,10,,
2287,Slippery Fin,14,[Material],10,4,10,,
2286,Soldier Sword,4,[1 Handed Sword],100,3,50,,
2285,Evil Blade,14,[Material],14,6,3,,
2284,Crooked Blade,14,[Material],12,3,12,,
2283,Cracked Sword Tip,14,[Material],10,3,9,,
2282,Enigmatic Lithograph,14,[Material],14,6,3,,
2281,Hard Stone Horn,14,[Material],12,1,13,,
2280,Cracked Stone Skin,14,[Material],10,3,10,,
2279,Pointed Ore Arrow,7,[Arrow],90,3,45,,
2278,Smoked Cheese,1,[Usable],14,5,14,,
2277,Long Thin Tail,14,[Material],12,1,12,,
2276,Broken Dagger,14,[Material],10,3,9,,
2275,VIT+4,20,[Normal Crysta],1,6,2,,
2274,Potum Ear,14,[Material],13,1,12,,
2273,Pine Cone,14,[Material],11,2,13,,
2272,Dirty Potum Hair,14,[Material],9,1,9,,
2271,Lost Ring,18,[Special],45,3,22,,
2270,Lump of Garbage,14,[Material],9,5,7,,
2269,Rugged Stone,14,[Material],11,3,12,,
2268,Filthy Cloth,14,[Material],9,4,9,,
2267,Ninja Hat,6,[Additional],50,4,25,,
2266,Damaged Fruit,1,[Usable],13,5,13,,
2265,Dirty Tail,14,[Material],11,1,10,,
2264,Rat Whisker,14,[Material],9,1,9,,
2263,Sealing Blade,5,[2 Handed Sword],100,3,50,,
2262,Dark General's Sword,4,[1 Handed Sword],100,3,50,,
2261,2nd Anniv Zega Holder,14,[Material],300,6,35,,
2260,Phetor Hat,6,[Additional],50,4,25,,
2259,Nightcap,6,[Additional],50,4,25,,
2258,Dark General's Shield,17,[Shield],100,3,50,,
2257,Sealing Blade,5,[2 Handed Sword],100,3,50,,
2256,Dark General's Sword,4,[1 Handed Sword],100,3,50,,
2254,Bunny Ears,6,[Additional],1,6,2,,
2253,Magiadd V,1,[Usable],-1,5,-1,,
2252,Vita Plus V,1,[Usable],-1,5,-1,,
2251,Daddy Soul,14,[Material],-1,6,-1,,
2250,Daddy Finpen,220,[Enhancer Crysta (Green)],1,6,100,,
2249,Zega II,210,[Enhancer Crysta (Red)],1,6,100,,
2248,Finpen Mask,6,[Additional],1,4,30,,
2247,Chemical Ring,13,[Knuckles],1,6,1000,,
2246,Festival Spear,26,[Halberd],1,6,1000,,
2245,Festival Sword,4,[1 Handed Sword],1,6,1000,,
2244,Finpen Wet Suit,8,[Armor],1,4,100,,
2243,Salamander,200,[Enhancer Crysta (Blue)],1,6,100,,
2242,Assassin Garb,8,[Armor],100,4,50,,
2241,Anniversary Cloth,14,[Material],1,4,2,,
2240,Golpom 2nd Anniv Medal,14,[Material],300,6,35,,
2239,Silpom 2nd Anniv Medal,14,[Material],300,6,30,,
2238,Gold 2nd Anniv Medal,14,[Material],300,6,25,,
2237,Silver 2nd Anniv Medal,14,[Material],30,6,5,,
2236,Bronze 2nd Anniv Medal,14,[Material],3,6,1,,
2235,Pollaxe,26,[Halberd],90,3,45,,
2234,Devil Claws,13,[Knuckles],90,1,45,,
2233,Bexiz Staff,19,[Staff],100,3,50,,
2232,Bexiz Bowgun,10,[Bowgun],100,3,50,,
2231,Double Strings,10,[Bowgun],90,2,45,,
2230,Anniversary Dress,8,[Armor],100,4,50,,
2229,2nd Anniv Halberd V,26,[Halberd],110,3,55,,
2228,2nd Anniv Halberd IV,26,[Halberd],95,3,47,,
2227,2nd Anniv Halberd III,26,[Halberd],75,3,37,,
2226,2nd Anniv Halberd II,26,[Halberd],50,3,25,,
2225,2nd Anniv Halberd,26,[Halberd],25,3,12,,
2224,2nd Anniv Knuckles V,13,[Knuckles],110,3,55,,
2223,2nd Anniv Knuckles IV,13,[Knuckles],95,3,47,,
2222,2nd Anniv Knuckles III,13,[Knuckles],75,3,37,,
2221,2nd Anniv Knuckles II,13,[Knuckles],50,3,25,,
2220,2nd Anniv Knuckles,13,[Knuckles],25,3,12,,
2219,2nd Anniv Wings V,15,[Magic Device],110,6,55,,
2218,2nd Anniv Wings IV,15,[Magic Device],95,6,47,,
2217,2nd Anniv Wings III,15,[Magic Device],75,6,37,,
2216,2nd Anniv Wings II,15,[Magic Device],50,6,25,,
2215,2nd Anniv Wings,15,[Magic Device],25,6,12,,
2214,2nd Anniv Staff V,19,[Staff],110,2,55,,
2213,2nd Anniv Staff IV,19,[Staff],95,2,47,,
2212,2nd Anniv Staff III,19,[Staff],75,2,37,,
2211,2nd Anniv Staff II,19,[Staff],50,2,25,,
2210,2nd Anniv Staff,19,[Staff],25,2,12,,
2209,2nd Anniv Bowgun V,10,[Bowgun],110,2,55,,
2208,2nd Anniv Bowgun IV,10,[Bowgun],95,2,47,,
2207,2nd Anniv Bowgun III,10,[Bowgun],75,2,37,,
2206,2nd Anniv Bowgun II,10,[Bowgun],50,2,25,,
2205,2nd Anniv Bowgun,10,[Bowgun],25,2,12,,
2204,2nd Anniv Bow V,9,[Bow],110,2,55,,
2203,2nd Anniv Bow IV,9,[Bow],95,2,47,,
2202,2nd Anniv Bow III,9,[Bow],75,2,37,,
2201,2nd Anniv Bow II,9,[Bow],50,2,25,,
2200,2nd Anniv Bow,9,[Bow],25,2,12,,
2199,2nd Anniv Greatsword V,5,[2 Handed Sword],110,3,55,,
2198,2nd Anniv Greatsword IV,5,[2 Handed Sword],95,3,47,,
2197,2nd Anniv Greatsword III,5,[2 Handed Sword],75,3,37,,
2196,2nd Anniv Greatsword II,5,[2 Handed Sword],50,3,25,,
2195,2nd Anniv Greatsword,5,[2 Handed Sword],25,3,12,,
2194,2nd Anniv Sword V,4,[1 Handed Sword],110,3,55,,
2193,2nd Anniv Sword IV,4,[1 Handed Sword],95,3,47,,
2192,2nd Anniv Sword III,4,[1 Handed Sword],75,3,37,,
2191,2nd Anniv Sword II,4,[1 Handed Sword],50,3,25,,
2190,2nd Anniv Sword,4,[1 Handed Sword],25,3,12,,
2189,Anniversary Dress,8,[Armor],100,4,50,,
2188,2nd Anniv Shield V,17,[Shield],110,3,55,,
2187,2nd Anniv Shield IV,17,[Shield],95,3,47,,
2186,2nd Anniv Shield III,17,[Shield],75,3,37,,
2185,2nd Anniv Shield II,17,[Shield],50,3,25,,
2184,2nd Anniv Shield,17,[Shield],25,3,12,,
2183,2nd Anniv Halberd V,26,[Halberd],110,3,55,,
2182,2nd Anniv Halberd IV,26,[Halberd],95,3,47,,
2181,2nd Anniv Halberd III,26,[Halberd],75,3,37,,
2180,2nd Anniv Halberd II,26,[Halberd],50,3,25,,
2179,2nd Anniv Halberd,26,[Halberd],25,3,12,,
2178,2nd Anniv Knuckles V,13,[Knuckles],110,3,55,,
2177,2nd Anniv Knuckles IV,13,[Knuckles],95,3,47,,
2176,2nd Anniv Knuckles III,13,[Knuckles],75,3,37,,
2175,2nd Anniv Knuckles II,13,[Knuckles],50,3,25,,
2174,2nd Anniv Knuckles,13,[Knuckles],25,3,12,,
2173,2nd Anniv Wings V,15,[Magic Device],110,6,55,,
2172,2nd Anniv Wings IV,15,[Magic Device],95,6,47,,
2171,2nd Anniv Wings III,15,[Magic Device],75,6,37,,
2170,2nd Anniv Wings II,15,[Magic Device],50,6,25,,
2169,2nd Anniv Wings,15,[Magic Device],25,6,12,,
2168,2nd Anniv Staff V,19,[Staff],110,2,55,,
2167,2nd Anniv Staff IV,19,[Staff],95,2,47,,
2166,2nd Anniv Staff III,19,[Staff],75,2,37,,
2165,2nd Anniv Staff II,19,[Staff],50,2,25,,
2164,2nd Anniv Staff,19,[Staff],25,2,12,,
2163,2nd Anniv Bowgun V,10,[Bowgun],110,2,55,,
2162,2nd Anniv Bowgun IV,10,[Bowgun],95,2,47,,
2161,2nd Anniv Bowgun III,10,[Bowgun],75,2,37,,
2160,2nd Anniv Bowgun II,10,[Bowgun],50,2,25,,
2159,2nd Anniv Bowgun,10,[Bowgun],25,2,12,,
2158,2nd Anniv Bow V,9,[Bow],110,2,55,,
2157,2nd Anniv Bow IV,9,[Bow],95,2,47,,
2156,2nd Anniv Bow III,9,[Bow],75,2,37,,
2155,2nd Anniv Bow II,9,[Bow],50,2,25,,
2154,2nd Anniv Bow,9,[Bow],25,2,12,,
2153,2nd Anniv Greatsword V,5,[2 Handed Sword],110,3,55,,
2152,2nd Anniv Greatsword IV,5,[2 Handed Sword],95,3,47,,
2151,2nd Anniv Greatsword III,5,[2 Handed Sword],75,3,37,,
2150,2nd Anniv Greatsword II,5,[2 Handed Sword],50,3,25,,
2149,2nd Anniv Greatsword,5,[2 Handed Sword],25,3,12,,
2148,2nd Anniv Sword V,4,[1 Handed Sword],110,3,55,,
2147,2nd Anniv Sword IV,4,[1 Handed Sword],95,3,47,,
2146,2nd Anniv Sword III,4,[1 Handed Sword],75,3,37,,
2145,2nd Anniv Sword II,4,[1 Handed Sword],50,3,25,,
2144,2nd Anniv Sword,4,[1 Handed Sword],25,3,12,,
2143,Pollaxe,26,[Halberd],90,3,45,,
2142,Devil Claws,13,[Knuckles],90,1,45,,
2141,Bexiz Staff,19,[Staff],100,3,50,,
2140,Bexiz Bowgun,10,[Bowgun],100,3,50,,
2139,Double Strings,10,[Bowgun],90,2,45,,
2138,2nd Anniv Headband,6,[Additional],1,4,2,,
2137,2nd Anniv Hat,6,[Additional],1,4,2,,
2136,2nd Anniv Box,1,[Usable],3000,6,150,,
2135,Ifrid,22,[Armor Crysta],1,6,100,,
2134,Vulcan Staff,19,[Staff],110,6,55,,
2133,Scorching Heart,14,[Material],20,6,4,,
2132,Vulcan Shield,17,[Shield],110,6,55,,
2131,Wrath of Vulcan,15,[Magic Device],110,6,55,,
2130,Broken Robot Arm,14,[Material],18,3,19,,
2129,Ifrid's Robot Leg,14,[Material],16,3,16,,
2128,Ifrid's Heated Horn,14,[Material],12,1,12,,
2127,Ignis Horns,6,[Additional],50,1,25,,
2126,Layered Magic System,15,[Magic Device],90,6,45,,
2125,Hot Fang,14,[Material],11,1,11,,
2124,Burning Tentacle,14,[Material],9,1,8,,
2123,Scorching Scale,14,[Material],16,1,17,,
2122,Graben Crystal,14,[Material],13,6,3,,
2121,Scorched Dragon Skin,14,[Material],11,4,12,,
2120,Hot Pebble,14,[Material],9,3,9,,
2119,Bardiche,26,[Halberd],30,3,15,,
2118,Prime Piercer [HAL],3,[Piercer],0,0,0,,
2117,Prime Piercer [KN],3,[Piercer],0,0,0,,
2116,Prime Piercer [MD],3,[Piercer],0,0,0,,
2115,Prime Piercer [STF],3,[Piercer],0,0,0,,
2114,Prime Pierer [BWG],3,[Piercer],0,0,0,,
2113,Prime Piercer [BW],3,[Piercer],0,0,0,,
2112,Prime Piercer [THS],3,[Piercer],0,0,0,,
2111,Prime Piercer [OHS],3,[Piercer],0,0,0,,
2110,Steeplejack Talisman,18,[Special],32,2,16,,
2109,Intruder,26,[Halberd],100,3,50,,
2108,Gardien,13,[Knuckles],-1,-1,-1,,
2107,Aranea Ore,15,[Magic Device],100,6,50,,
2106,Death Eater,9,[Bow],100,1,50,,
2105,Panzer Bow,9,[Bow],90,3,45,,
2104,Wind Plunder,5,[2 Handed Sword],100,3,50,,
2103,Indigo Sword,4,[1 Handed Sword],90,3,45,,
2102,Kukri,11,[Dagger],85,3,42,,
2101,Indigo Shield,17,[Shield],90,3,45,,
2100,Intruder,26,[Halberd],100,3,50,,
2099,Gardien,13,[Knuckles],-1,-1,-1,,
2098,Aranea Ore,15,[Magic Device],100,6,50,,
2097,Death Eater,9,[Bow],100,1,50,,
2096,Panzer Bow,9,[Bow],90,3,45,,
2095,Wind Plunder,5,[2 Handed Sword],100,3,50,,
2094,Indigo Sword,4,[1 Handed Sword],90,3,45,,
2093,Magic Crystal Wing Fragment,14,[Material],-1,3,-1,,
2092,Citrine,14,[Material],1,6,3,,
2091,Peridot,14,[Material],1,6,3,,
2090,Lapiz Lazuli,14,[Material],1,6,3,,
2089,Red Agate,14,[Material],1,6,3,,
2088,Adel Cape,6,[Additional],47,4,23,,
2087,Grilled Lamb,1,[Usable],13,5,12,,
2086,Hot Horn,14,[Material],11,1,11,,
2085,Stiff Fur,14,[Material],9,4,10,,
2084,Sage Staff,19,[Staff],90,3,45,,
2083,Scorching Grass,1,[Usable],13,5,13,,
2082,High Heat Tail,14,[Material],11,1,12,,
2081,Charcoal,14,[Material],9,2,10,,
2080,Ignis Horns,6,[Additional],50,1,25,,
2079,Scorching Orange,1,[Usable],13,5,13,,
2078,Heated Sword Fin,14,[Material],11,1,10,,
2077,Dragon Nail,14,[Material],6,1,6,,
2076,Tapir,240,[Enhancer Crysta (Purple)],1,6,100,,
2075,Tapir Hood,6,[Additional],60,4,30,,
2074,Fortuita Vestibus,8,[Armor],120,4,60,,
2073,Delicious Fruit,1,[Usable],18,5,20,,
2072,Dreaming Bead,14,[Material],21,6,5,,
2071,Super Fluffy Coat Bit,14,[Material],17,4,18,,
2070,Tapir Fur,14,[Material],13,4,13,,
2069,Iconos,220,[Enhancer Crysta (Green)],1,6,100,,
2068,Sinergatis,5,[2 Handed Sword],110,3,55,,
2067,Zaif Sadik,13,[Knuckles],110,3,55,,
2066,Iconos Core,14,[Material],18,6,4,,
2065,Repair Tool Kit,14,[Material],19,6,4,,
2064,Fuel Pipe,14,[Material],15,3,16,,
2063,Iconos Metal Bit,14,[Material],11,3,11,,
2062,HP+400,20,[Normal Crysta],1,6,2,,
2061,Condensed Heavy Oil,14,[Material],12,5,13,,
2060,Broken Scope,14,[Material],10,3,10,,
2059,Old Pedestal,14,[Material],8,3,8,,
2058,Demi Knife,11,[Dagger],90,3,45,,
2057,Hidden Huge Blade,14,[Material],12,3,11,,
2056,Dirty Silk Hat,14,[Material],10,4,9,,
2055,Torn Cape,14,[Material],8,4,8,,
2054,Panzer Bow,9,[Bow],90,3,45,,
2053,Anti-Rust Oil,14,[Material],12,5,12,,
2052,Sharp Iron Feather,14,[Material],10,3,10,,
2051,Rusted Iron Claw,14,[Material],8,3,8,,
2050,Einklang,1,[Usable],1,6,1,,
2049,Sauted Mushroom,1,[Usable],1,0,0,,
2048,Bow Thimble ZC,18,[Special],1,4,20,,
2047,Sailor's Talisman,18,[Special],30,2,15,,
2046,Ancient Empress II,230,[Enhancer Crysta (Yellow)],1,6,100,,
2045,Glow Ray Soup,1,[Usable],1,0,0,,
2044,Toss Bouquet (Traded),1,[Usable],3000,6,300,,
2043,Marriage Gift (Traded),1,[Usable],3000,6,300,,
2042,Caro Crown,6,[Additional],300,6,100,,
2041,Dragon Steak,1,[Usable],1,0,0,,
2040,Marriage Gift,14,[Material],3,6,3,,
2039,Toss Bouquet,14,[Material],3,6,3,,
2038,Sauteed Lonogo Shrimp,1,[Usable],1,0,0,,
2037,Cara Tiara,6,[Additional],300,6,100,,
2036,Dark Truffle,1,[Usable],1,0,0,,
2035,Wedding Wine,1,[Usable],1,0,0,,
2034,Groom Box,1,[Usable],-1,-1,-1,,
2033,Bride Box,1,[Usable],-1,-1,-1,,
2032,Imitacia,21,[Weapon Crysta],1,6,100,,
2031,Fortistra,8,[Armor],105,6,52,,
2030,Grecia Mask,6,[Additional],52,6,26,,
2029,Goddess's Dagger,11,[Dagger],100,6,50,,
2028,Copied Goddess's Cloth,14,[Material],15,4,15,,
2027,Goddess's Jewel,14,[Material],19,6,4,,
2026,Copied Goddess's Helm Fragment,14,[Material],11,3,12,,
2025,Copied Goddess's Robe,14,[Material],17,4,18,,
2024,Memecoleous,240,[Enhancer Crysta (Purple)],1,6,100,,
2023,Gothic Hat,6,[Additional],42,4,21,,
2022,Evil Beast Mane,14,[Material],18,1,18,,
2021,Evil Beast Arrow,7,[Arrow],100,1,50,,
2020,Indigo Sword,4,[1 Handed Sword],90,3,45,,
2019,Jet-Black Shield Fragment,14,[Material],11,3,11,,
2018,Jet-Black Helm Fragment,14,[Material],9,3,9,,
2017,Pollaxe,26,[Halberd],90,3,45,,
2016,Cracked Platinum Armguard,14,[Material],13,3,13,,
2015,Cracked Platinum Armor,14,[Material],9,3,9,,
2014,Collapsed Stone Pillar,14,[Material],11,3,11,,
2013,Gothic Hat,6,[Additional],42,4,21,,
2012,Hard Paw Pad,14,[Material],13,1,13,,
2011,Evil Beast Fang,14,[Material],11,1,11,,
2010,Evil Beast Fur,14,[Material],9,4,9,,
2009,Deformed Blade,14,[Material],13,3,14,,
2008,Dark Knight Amulet,18,[Special],47,3,23,,
2007,Dark Castle Stone,14,[Material],11,3,12,,
2006,Double Strings,10,[Bowgun],90,2,45,,
2005,Shadow Scale,14,[Material],13,5,13,,
2004,Dark Shadow Feather,14,[Material],9,4,9,,
2003,Dark Fighter Bangle,18,[Special],47,3,23,,
2002,Remnant of Eternal Darkness,14,[Material],13,6,3,,
2001,Corroded Armor Fragment,14,[Material],9,3,9,,
2000,Deformed Fist,14,[Material],11,3,10,,
1999,Elven Ear Cuffs,6,[Additional],47,3,23,,
1998,Jiangshi Hat,6,[Additional],47,4,23,,
1997,Adel Cape,6,[Additional],47,4,23,,
1996,Layered Magic System,15,[Magic Device],90,6,45,,
1995,Deseperanza,5,[2 Handed Sword],90,3,45,,
1994,Layered Magic System,15,[Magic Device],90,6,45,,
1993,Deseperanza,5,[2 Handed Sword],90,3,45,,
1992,Inspiration Scarf,1,[Usable],9,5,10,,
1991,Shiny Powder,1,[Usable],9,5,10,,
1990,Blade Oil,1,[Usable],9,5,10,,
1989,Magic Absorption Stone,1,[Usable],10,5,11,,
1988,Half Face Mask,6,[Additional],-1,-1,-1,,
1987,Corroded Knight Captain,23,[Additional Crysta],1,6,100,,
1986,Torn Captain Crest,14,[Material],17,6,4,,
1985,Refinement Ticket (150%),2,[Refinement Support],0,0,0,,
1984,Beginner Smith's Hammer,2,[Refinement Support],0,0,0,,
1983,Legendary Needle,3,[Piercer],0,0,0,,
1982,Legendary Ornament,3,[Piercer],0,0,0,,
1981,Insurance Ticket (95%),2,[Refinement Support],0,0,0,,
1980,Hyper Magic Hammer,2,[Refinement Support],-1,-1,-1,,
1979,Super Magic Hammer,2,[Refinement Support],-1,-1,-1,,
1978,Hyper Refinement Powder,2,[Refinement Support],-1,-1,-1,,
1977,Hyper Anti-Degradation,2,[Refinement Support],-1,-1,-1,,
1976,Super Anti-Degradation,2,[Refinement Support],-1,-1,-1,,
1975,Imitator,21,[Weapon Crysta],1,6,100,,
1974,Fake General's Helm,14,[Material],17,3,18,,
1973,High-Purity Magic Crystal,14,[Material],19,6,4,,
1972,Dark General's Sword,4,[1 Handed Sword],100,3,50,,
1971,Dark General's Shield,17,[Shield],100,3,50,,
1970,Broken Dark Great Sword,14,[Material],15,3,15,,
1969,Fake General's Armor Bit,14,[Material],11,3,11,,
1968,Pulsing Skin,14,[Material],8,4,8,,
1967,Paralyzing Powder,14,[Material],12,5,12,,
1966,Blood-Draining Tentacle,14,[Material],10,1,11,,
1965,Mermaid Ears,6,[Additional],42,1,21,,
1964,One Eye Mask,6,[Additional],42,3,21,,
1963,Dully Glowing Stone,14,[Material],10,3,11,,
1962,Cracked Crystal Core,14,[Material],8,6,3,,
1961,Cracked Crystal Bit,14,[Material],10,3,8,,
1960,Deseperanza,5,[2 Handed Sword],90,3,45,,
1959,Strange Essence,14,[Material],13,5,14,,
1958,Wriggling Skin,14,[Material],11,4,11,,
1957,Weird Creature Cell,14,[Material],9,1,9,,
1956,Jelly Beans,1,[Usable],12,5,6,,
1955,Slimy Fin,14,[Material],10,4,10,,
1954,Jelly Like Skin,14,[Material],8,4,8,,
1953,Dark Manor,1,[Usable],1,6,1,,
1952,CSPD+80,20,[Normal Crysta],1,6,2,,
1951,Dark Page,14,[Material],11,2,11,,
1950,Torn Book Cover,14,[Material],9,4,9,,
1949,Indigo Shield,17,[Shield],90,3,45,,
1948,Stimulant,1,[Usable],13,5,12,,
1947,Sharp Shield Bit,14,[Material],9,3,9,,
1946,Corroded Feet Armor,14,[Material],11,3,11,,
1945,Manor Decoration,14,[Material],13,6,3,,
1944,Devil Claws,13,[Knuckles],90,1,45,,
1943,Corroded Iron Arm,14,[Material],11,3,11,,
1942,Fancy Armor Bit,14,[Material],9,3,9,,
1941,Twilight Dress,8,[Armor],95,4,47,,
1940,Sage Staff,19,[Staff],90,3,45,,
1939,Viola Horns,6,[Additional],45,1,22,,
1938,Forehead Guard,6,[Additional],42,4,21,,
1937,Sunglasses,6,[Additional],37,3,18,,
1936,Twilight Dress,8,[Armor],95,4,47,,
1935,Sage Staff,19,[Staff],90,3,45,,
1934,Magic Crystal Spear,26,[Halberd],25,6,12,,
1933,Knight Lance,26,[Halberd],70,3,35,,
1932,Trident,26,[Halberd],40,3,20,,
1931,Heavy Spear,26,[Halberd],-1,-1,-1,,
1930,Spear,26,[Halberd],1,2,2,,
1929,Easter Eggs,6,[Additional],1,6,100,,
1928,Sakura Regera,1,[Usable],1,0,0,,
1927,Tricolor Dango II,1,[Usable],1,0,0,,
1926,Yozakura Gemstone,14,[Material],10,6,3,,
1925,Cerabes,22,[Armor Crysta],1,6,100,,
1924,Yozakura Bangle,18,[Special],1,6,2,,
1923,Super Night Mushroom,20,[Normal Crysta],1,6,100,,
1922,Night Mushroom Mask,6,[Additional],1,6,2,,
1921,Marchitar,21,[Weapon Crysta],1,6,100,,
1920,Mana Clod,14,[Material],10,6,30,,
1919,Cerabes Fang,14,[Material],6,1,6,,
1918,Broken Yozakura Branch,14,[Material],6,2,6,,
1917,Sakura Kimono,8,[Armor],60,4,30,,
1916,Sakura Kimono II,8,[Armor],90,4,45,,
1915,Sakura Naginata,26,[Halberd],60,3,30,,
1914,Sakura Cheek,6,[Additional],1,6,2,,
1913,Yummy Dango,6,[Additional],70,6,60,,
1912,Sakura Ribbon,6,[Additional],70,6,60,,
1911,Sakura Branch Horns,6,[Additional],80,6,150,,
1910,Sandogasa,6,[Additional],90,6,300,,
1909,Hanami Lanterns,6,[Additional],90,6,300,,
1908,Sakura Kimono II,8,[Armor],90,4,45,,
1907,Easter Balloons,6,[Additional],1,6,2,,
1906,Eggshell Pants,6,[Additional],1,6,2,,
1905,Eggshell Hat,6,[Additional],1,6,2,,
1904,Lapin The Necromancer,21,[Weapon Crysta],1,6,2,,
1903,Lapin's Soul,14,[Material],21,6,2,,
1902,Necromancer Hood,6,[Additional],60,4,30,,
1901,Bexiz,24,[Special Crysta],1,6,2,,
1900,Magic Energy Core,14,[Material],19,6,4,,
1899,Bexiz Magic Cannon,14,[Material],15,3,15,,
1898,Bexiz Bowgun,10,[Bowgun],100,3,50,,
1897,Bexiz Staff,19,[Staff],100,3,50,,
1896,Broken Floating Stone,14,[Material],19,3,20,,
1895,Bexiz Stone Shell,14,[Material],11,3,11,,
1894,Cursed Emblem,14,[Material],11,6,3,,
1893,Pet Cage (Used),14,[Material],0,0,0,,
1892,Pet Cage,14,[Material],1,3,75,,
1891,Sitting Beemo,6,[Additional],0,6,10000,,
1890,STR+4,20,[Normal Crysta],1,6,2,,
1889,Forehead Guard,6,[Additional],42,4,21,,
1888,Moxiz Strap,18,[Special],45,3,22,,
1887,Aurora Crystal,14,[Material],12,6,3,,
1886,Smooth Stone,14,[Material],10,3,10,,
1885,Mysterious Metal Bit,14,[Material],8,3,8,,
1884,Grand Horn Bow,9,[Bow],80,1,40,,
1883,Tough Lamb Meat,1,[Usable],12,5,12,,
1882,Crystalized Fur,14,[Material],8,4,8,,
1881,Transparent Tail,14,[Material],10,1,10,,
1880,Floating Cloth,14,[Material],10,4,10,,
1879,Bloody Scarf,14,[Material],12,4,13,,
1878,Rusty Huge Axe,14,[Material],8,3,7,,
1877,Grudge of Soldier,14,[Material],12,6,3,,
1876,Kukri,11,[Dagger],85,3,42,,
1875,Broken Stone of Bridge,14,[Material],7,3,7,,
1874,Knight Loincloth,14,[Material],9,4,10,,
1873,One-Winged Headband,6,[Additional],42,1,21,,
1872,Cracked Skull,14,[Material],11,1,11,,
1871,Soft Paw,14,[Material],9,1,9,,
1870,Torn Robe,14,[Material],7,4,7,,
1869,Black Mushroom Crystal,14,[Material],9,3,9,,
1868,Darkness Mushroom,14,[Material],9,5,9,,
1867,Dried Twig,14,[Material],7,2,7,,
1866,Blueberry,1,[Usable],11,5,11,,
1865,Tiny Claw,14,[Material],9,1,9,,
1864,Two-Headed Snake Crown,6,[Additional],42,3,21,,
1863,Small Beast Ear,14,[Material],7,1,7,,
1862,Thunder Spear,26,[Halberd],80,3,40,,
1861,Plasma Gun,10,[Bowgun],80,3,40,,
1860,Ilwoon,4,[1 Handed Sword],80,3,40,,
1859,Praetor Suit,8,[Armor],90,4,45,,
1858,Thunder Spear,26,[Halberd],80,3,40,,
1857,Plasma Gun,10,[Bowgun],80,3,40,,
1856,Ilwoon,4,[1 Handed Sword],80,3,40,,
1855,Praetor Suit,8,[Armor],90,4,45,,
1854,Assassin Garb,8,[Armor],100,4,50,,
1853,Assassin Mask,6,[Additional],50,4,25,,
1852,Ultra High Grade Candy,1,[Usable],300,6,10,,
1851,Mysterious Fruit,14,[Material],15,6,50,,
1850,Candy Fragment,14,[Material],10,6,10,,
1849,Candela,23,[Additional Crysta],1,6,2,,
1848,Cookie Talisman,18,[Special],1,-1,-1,,
1847,Cookie Ring,18,[Special],1,-1,-1,,
1846,Rose in Mouth,6,[Additional],1,6,100,,
1845,Azure Rose,26,[Halberd],1,6,100,,
1844,Sweet Spoon,19,[Staff],1,6,100,,
1843,Cupid Bow,9,[Bow],1,6,100,,
1842,Ear Cuff,6,[Additional],40,3,20,,
1841,Stone of Sublimation,14,[Material],12,3,12,,
1840,Aranea,20,[Normal Crysta],1,6,2,,
1839,Aranea Ore,15,[Magic Device],100,6,50,,
1838,Intruder,26,[Halberd],100,3,50,,
1837,Aranea Silk,14,[Material],15,4,16,,
1836,Crystal Spider Fang,14,[Material],11,1,11,,
1835,Crystal Spider Leg Shell,14,[Material],17,1,16,,
1834,Crystal Compound Eyes,14,[Material],19,6,4,,
1833,Devil's Staff,19,[Staff],80,1,40,,
1832,Accuracy+8,20,[Normal Crysta],1,6,2,,
1831,Glossy Skin,14,[Material],8,4,8,,
1830,Small Spider Silk,14,[Material],10,4,11,,
1829,Chipped Crystal Stone,14,[Material],12,6,3,,
1828,Thunder Spear,26,[Halberd],80,3,40,,
1827,Garden Green Moss,14,[Material],10,5,11,,
1826,Gemstone of Sublimation,14,[Material],12,6,3,,
1825,Splendor Crystal,14,[Material],12,6,3,,
1824,Glittering Powder,14,[Material],10,5,10,,
1823,Spirit Tree Bangle,18,[Special],42,2,21,,
1822,Strange Mask,14,[Material],12,6,3,,
1821,Charmed Cloth,14,[Material],10,4,10,,
1820,Cute Horn,14,[Material],8,1,8,,
1819,Huge Vine,14,[Material],10,2,11,,
1818,Ilwoon,4,[1 Handed Sword],80,3,40,,
1816,Wind Plunder,5,[2 Handed Sword],100,3,50,,
1815,Zolban,21,[Weapon Crysta],1,6,2,,
1814,Windblast Gemstone,14,[Material],18,6,4,,
1813,Broken Swordstick,14,[Material],10,2,10,,
1812,Crest of Dark Captain,14,[Material],14,3,14,,
1811,Flame Arrow,7,[Arrow],75,6,37,,
1810,Shining Lake Water,14,[Material],11,5,11,,
1809,Heated Stone,14,[Material],9,3,10,,
1808,Sunglasses,6,[Additional],37,3,18,,
1807,Hot Thorn,14,[Material],9,1,9,,
1806,Insulated Skin,14,[Material],7,4,7,,
1805,Broiled Puffer Fish Meat,1,[Usable],11,5,10,,
1804,Fermented Revita,1,[Usable],1,5,2,,
1803,Burning Bulb,14,[Material],9,2,9,,
1802,Burning Root,14,[Material],7,2,7,,
1801,Scorching Onion,1,[Usable],11,5,9,,
1800,Flame Blade,5,[2 Handed Sword],80,3,40,,
1799,Armigma,8,[Armor],37,6,45,,
1798,Flame Blade,5,[2 Handed Sword],80,3,40,,
1797,Gothic Hat,6,[Additional],42,4,21,,
1796,Dark Hood,6,[Additional],42,4,21,,
1795,Armigma,8,[Armor],37,6,45,,
1794,Cross Shield,17,[Shield],80,3,40,,
1793,Straw Grilled Chicken,1,[Usable],1,0,0,,
1792,Blade Lance,26,[Halberd],50,3,25,,
1791,Chocolate Charm,18,[Special],1,-1,-1,,
1790,Chocolate Ring,18,[Special],1,-1,-1,,
1789,Chocolate Scarf,6,[Additional],1,4,10,,
1788,Chocolate Beret,6,[Additional],1,4,10,,
1787,Valentia,15,[Magic Device],1,6,100,,
1786,Chocolate Eater,5,[2 Handed Sword],1,6,100,,
1785,Glaive,26,[Halberd],-1,-1,-1,,
1784,Floral Lance,26,[Halberd],70,5,35,,
1783,Mauez's Pole,26,[Halberd],50,2,25,,
1782,Mezraq,26,[Halberd],60,3,30,,
1781,Chocolate Chip,14,[Material],10,6,10,,
1780,Mysterious Cacao,14,[Material],15,6,50,,
1779,Chocolate Ooze,23,[Additional Crysta],1,6,2,,
1778,Lefina's Chocolate,1,[Usable],100,6,25,,
1777,Refinement Ticket (+9),2,[Refinement Support],0,0,0,,
1776,Refinement Ticket (+8),2,[Refinement Support],0,0,0,,
1775,Refinement Ticket (+7),2,[Refinement Support],0,0,0,,
1774,Refinement Ticket (+6),2,[Refinement Support],0,0,0,,
1773,Otoshidama,1,[Usable],1000,-1,-1,,
1772,Zodiac Hat: Rooster,6,[Additional],-1,6,2,,
1770,Flame Blade,5,[2 Handed Sword],80,3,40,,
1769,Pointed Blade,14,[Material],10,3,10,,
1768,Plasma Gun,10,[Bowgun],80,3,40,,
1767,Huge Gemstone,14,[Material],12,6,3,,
1766,Rainbow Glass,14,[Material],10,3,10,,
1765,Wavering Cloth,14,[Material],8,4,8,,
1764,Fin Knife,11,[Dagger],80,1,40,,
1763,Clean Water,14,[Material],12,5,12,,
1762,Yellow Beak,14,[Material],10,1,10,,
1761,Soft Fin,14,[Material],8,4,8,,
1760,Toy Hammer,4,[1 Handed Sword],-1,-1,-1,,
1759,Nightmare Potum,21,[Weapon Crysta],1,6,2,,
1758,Toughness Bangle,18,[Special],35,3,17,,
1757,Strong-looking Fist,14,[Material],10,3,11,,
1756,ASPD+60,20,[Normal Crysta],1,6,2,,
1755,Refinement Ticket (+5),2,[Refinement Support],0,0,0,,
1754,Victory Gem,16,[Ore],0,0,0,,
1753,Garden of Beginning,1,[Usable],1,6,2,,
1752,AGI+3,20,[Normal Crysta],1,6,2,,
1751,Corroded Fur,14,[Material],7,4,7,,
1750,Corroded Beast Nail,14,[Material],9,1,10,,
1749,Cross Shield,17,[Shield],80,3,40,,
1748,Corroded Spear,14,[Material],9,3,9,,
1747,Corroded Shield,14,[Material],7,2,7,,
1746,Neck Warmer,6,[Additional],35,4,17,,
1745,Dark Crystal Stone,14,[Material],11,6,3,,
1744,Corroded Huge Arm,14,[Material],9,3,10,,
1743,Corroded Armor Bit,14,[Material],7,3,7,,
1742,Cerberus,22,[Armor Crysta],1,6,2,,
1741,Gardien,13,[Knuckles],-1,-1,-1,,
1740,Death Eater,9,[Bow],100,1,50,,
1739,Cerberus Head Crystal,14,[Material],16,6,4,,
1738,Chain of Purgatory,14,[Material],18,6,4,,
1737,Cerberus Hell Claw,14,[Material],14,1,15,,
1736,Cerberus Crystal Shell,14,[Material],10,3,10,,
1735,Katar,13,[Knuckles],80,3,40,,
1734,La Lluvia,15,[Magic Device],80,6,40,,
1733,Grand Horn Bow,9,[Bow],80,1,40,,
1732,Black Sword of Delusion,4,[1 Handed Sword],80,6,40,,
1731,Pom Pom Hat,6,[Additional],42,4,21,,
1730,One-Winged Headband,6,[Additional],42,1,21,,
1729,Monocle,6,[Additional],-3,-1,-3,,
1728,Two-Headed Snake Crown,6,[Additional],42,3,21,,
1727,Black Shield Of Delusion,17,[Shield],80,6,40,,
1726,Katar,13,[Knuckles],80,3,40,,
1725,La Lluvia,15,[Magic Device],80,6,40,,
1724,Grand Horn Bow,9,[Bow],80,1,40,,
1723,Black Sword of Delusion,4,[1 Handed Sword],80,6,40,,
1722,Golden Potum Hat,6,[Additional],1,3,2,,
1721,Potum Hat,6,[Additional],2,4,2,,
1720,Adventurer's Garb,8,[Armor],1,4,1,,
1719,Magiadd IV,1,[Usable],9,5,8,,
1718,Vita Plus IV,1,[Usable],7,5,8,,
1717,Regera IV,1,[Usable],13,5,4,,
1716,Revita V,1,[Usable],16,5,5,,
1715,Brutal Dragon Sword,4,[1 Handed Sword],35,1,17,,
1714,Ooze Staff,19,[Staff],45,3,22,,
1713,Ooze Helmet,6,[Additional],22,3,11,,
1712,Ooze Shield,17,[Shield],45,3,22,,
1711,Ooze Armor,8,[Armor],50,3,25,,
1710,Empress Mail,8,[Armor],-1,-1,-1,,
1709,Empress Bowgun,10,[Bowgun],65,3,32,,
1708,Empress Soul,15,[Magic Device],65,6,32,,
1707,Brutal Dragon Armor,8,[Armor],35,1,17,,
1706,Brutal Dragon Crown,6,[Additional],17,1,8,,
1705,Brutal Dragon Cape,6,[Additional],17,4,8,,
1704,Boss Gob Sword,5,[2 Handed Sword],35,3,17,,
1703,B.B. Garb,8,[Armor],60,1,30,,
1702,Gold Megiston Box,1,[Usable],1,6,100,,
1701,Silver Megiston Box,1,[Usable],1,6,50,,
1700,Bronze Megiston Box,1,[Usable],1,6,25,,
1699,Revita Box,1,[Usable],1,0,0,,
1698,Piercer [Halberd],3,[Piercer],0,0,0,,
1697,Ice Spear Glaso,26,[Halberd],85,6,42,,
1696,Floral Lance,26,[Halberd],70,5,35,,
1695,Mauez's Pole,26,[Halberd],50,2,25,,
1694,Magic Crystal Spear,26,[Halberd],25,6,12,,
1693,Iceclaw Snow,13,[Knuckles],85,6,42,,
1692,Icecrystal Icicle,15,[Magic Device],85,6,42,,
1691,Icestaff Frigus,19,[Staff],85,6,42,,
1690,Ice Gun Hail,10,[Bowgun],85,6,42,,
1689,Icebow Verglas,9,[Bow],85,6,42,,
1688,Frostbrand Rime,5,[2 Handed Sword],85,6,42,,
1687,Icebrand Glacier,4,[1 Handed Sword],85,6,42,,
1686,Ice Spear Glaso,26,[Halberd],85,6,42,,
1685,Floral Lance,26,[Halberd],70,5,35,,
1684,Mauez's Pole,26,[Halberd],50,2,25,,
1683,Magic Crystal Spear,26,[Halberd],25,6,12,,
1682,Iceclaw Snow,13,[Knuckles],85,6,42,,
1681,Icecrystal Icicle,15,[Magic Device],85,6,42,,
1680,Icestaff Frigus,19,[Staff],85,6,42,,
1679,Ice Gun Hail,10,[Bowgun],85,6,42,,
1678,Icebow Verglas,9,[Bow],85,6,42,,
1677,Frostbrand Rime,5,[2 Handed Sword],85,6,42,,
1676,Icebrand Glacier,4,[1 Handed Sword],85,6,42,,
1675,Knight Lance,26,[Halberd],70,3,35,,
1674,Mezraq,26,[Halberd],60,3,30,,
1673,Blade Lance,26,[Halberd],-1,-1,-1,,
1672,Trident,26,[Halberd],40,3,20,,
1671,Bardiche,26,[Halberd],30,3,15,,
1670,Heavy Spear,26,[Halberd],-1,-1,-1,,
1669,Glaive,26,[Halberd],-1,-1,-1,,
1668,Spear,26,[Halberd],1,3,2,,
1667,Knight Lance,26,[Halberd],70,3,35,,
1666,Mezraq,26,[Halberd],60,3,30,,
1665,Blade Lance,26,[Halberd],-1,-1,-1,,
1664,Trident,26,[Halberd],40,3,20,,
1663,Bardiche,26,[Halberd],30,3,15,,
1662,Heavy Spear,26,[Halberd],-1,-1,-1,,
1661,Glaive,26,[Halberd],-1,-1,-1,,
1660,Spear,26,[Halberd],1,3,2,,
1659,Brigandine,8,[Armor],80,3,40,,
1658,Scrader Mace,19,[Staff],80,3,40,,
1657,Holy Earrings,6,[Additional],-1,-1,-1,,
1656,Dragon Horns,6,[Additional],-1,-1,-1,,
1655,Unicorn Helm,6,[Additional],-1,-1,-1,,
1654,Ribbon Hairband,6,[Additional],-1,-1,-1,,
1653,Fur Ten Gallon,6,[Additional],-1,-1,-1,,
1652,Pretty Ribbon T,6,[Additional],-1,-1,-1,,
1651,Brigandine,8,[Armor],80,3,40,,
1650,Scrader Mace,19,[Staff],80,3,40,,
1649,Twilight Dragon,23,[Additional Crysta],1,6,2,,
1648,Twilight Dress,8,[Armor],95,4,47,,
1647,Twilight Arrow,7,[Arrow],90,6,45,,
1646,Twilight Dagger,11,[Dagger],90,6,45,,
1645,Twilight Dragon Wing,14,[Material],11,4,12,,
1644,Twilight Gemstone,14,[Material],14,6,3,,
1643,Ice Rose,14,[Material],1,6,10,,
1642,Twilight Dragon Claw,14,[Material],12,1,11,,
1641,Jet-Black Wing,14,[Material],10,4,10,,
1640,Agios' Hat,6,[Additional],1,6,1000,,
1639,Sacred Sword Xmas,4,[1 Handed Sword],1,6,1000,,
1638,Santa Suit II,8,[Armor],1,6,10,,
1637,Reindeer Suit,8,[Armor],1,4,10,,
1636,Reindeer Mask,6,[Additional],1,4,2,,
1635,Pie Face,6,[Additional],1,5,2,,
1634,Yummy Chicken,6,[Additional],1,1,2,,
1633,Snow Dome,6,[Additional],1,3,2,,
1632,Knitted Scarf,6,[Additional],1,4,2,,
1631,Snow Spirit Gem,14,[Material],1000,6,1000,,
1630,Snow Doll,14,[Material],10,6,30,,
1629,Iced Revita,1,[Usable],1,6,2,,
1628,Stardust Magic Potion (Cool),1,[Usable],1,6,40,,
1627,Speed Potion (Cool),1,[Usable],1,6,40,,
1626,Snow Wine,1,[Usable],1,0,0,,
1625,Cream Stew,1,[Usable],1,0,0,,
1624,Glory Gem,12,[Gem],0,0,0,,
1623,Knapsack,6,[Additional],-1,-1,-1,,
1622,Ear Muff,6,[Additional],-1,-1,-1,,
1621,Cat Tail,6,[Additional],-1,-1,-1,,
1620,Tri Claws,13,[Knuckles],70,3,35,,
1619,Magic Brooch,15,[Magic Device],70,6,32,,
1618,Devil's Staff,19,[Staff],-1,-1,-1,,
1617,Assault Barrel,10,[Bowgun],70,2,35,,
1616,Desert Mentum,9,[Bow],75,2,37,,
1615,Hammerfall,5,[2 Handed Sword],70,3,35,,
1614,Desert Anfel,5,[2 Handed Sword],-1,-1,-1,,
1613,Tri Claws,13,[Knuckles],70,3,35,,
1612,Magic Brooch,15,[Magic Device],70,6,32,,
1611,Devil's Staff,19,[Staff],-1,-1,-1,,
1610,Assault Barrel,10,[Bowgun],70,2,35,,
1609,Desert Mentum,9,[Bow],75,2,37,,
1608,Hammerfall,5,[2 Handed Sword],70,3,35,,
1607,Desert Anfel,5,[2 Handed Sword],-1,-1,-1,,
1606,Marriage Tiara,6,[Additional],300,6,100,,
1605,Marriage Crown,6,[Additional],300,6,100,,
1604,Cracked Magic Spear,14,[Material],-1,-1,-1,,
1603,Inzanio's Shoulder Pad,14,[Material],-1,-1,-1,,
1602,Inzanio's Armor Bit,14,[Material],-1,-1,-1,,
1601,Inzanio Cape,6,[Additional],-1,-1,-1,,
1600,Inzanio,20,[Normal Crysta],1,6,2,,
1599,Inzanio Helm,6,[Additional],-1,-1,-1,,
1598,Inzanio Plate Armor,6,[Additional],-1,-1,-1,,
1597,Praetor Suit,8,[Armor],90,4,45,,
1596,Dark Knight Emblem,14,[Material],-1,-1,-1,,
1595,Don Yeti,24,[Special Crysta],1,6,2,,
1594,HP+300,20,[Normal Crysta],1,6,2,,
1593,Broken Spear,14,[Material],12,3,12,,
1592,Broken Shield,14,[Material],10,2,10,,
1591,Torn Green Cloth,14,[Material],8,4,8,,
1590,La Lluvia,15,[Magic Device],80,6,40,,
1589,Wood Board,14,[Material],8,2,9,,
1588,Dead's Backbone,14,[Material],12,1,12,,
1587,Old Helem,14,[Material],10,3,9,,
1586,Katar,13,[Knuckles],80,3,40,,
1585,Goblin's Big Nail,14,[Material],12,1,13,,
1584,Frozen Twig,14,[Material],8,2,8,,
1583,Snow Crystal,14,[Material],12,6,3,,
1582,Ice Fragment,14,[Material],10,5,10,,
1581,Ear Cuff,6,[Additional],40,3,20,,
1580,Thick Cloth,14,[Material],8,4,8,,
1579,Goblin's Fang,14,[Material],10,1,9,,
1578,Mysterious Snowball,14,[Material],10,6,3,,
1577,Ear Muff,6,[Additional],37,4,18,,
1576,Sweet Potato,1,[Usable],10,5,9,,
1575,Ring Bow,9,[Bow],70,3,35,,
1574,Tough Horn,14,[Material],8,1,8,,
1573,Cold Nut,14,[Material],10,5,10,,
1572,Snow Potum Doll,18,[Special],35,5,17,,
1571,Potum's White Hair,14,[Material],6,4,6,,
1570,Hot Milk,1,[Usable],8,5,8,,
1569,Frill Cape,6,[Additional],37,4,18,,
1568,Fleecy Fur,14,[Material],6,4,6,,
1567,Woolly Tail,14,[Material],8,1,8,,
1566,Ear Muff,6,[Additional],37,4,18,,
1565,Cracked Big Axe,14,[Material],10,3,10,,
1564,Thick Fur,14,[Material],8,4,8,,
1563,Cold Wood Stick,14,[Material],6,2,6,,
1562,Tomato Juice,14,[Material],11,5,10,,
1561,Hot Tomato Juice,1,[Usable],8,5,9,,
1560,Earth Protection Charm,1,[Usable],8,5,9,,
1559,Wind Protection Charm,1,[Usable],8,5,9,,
1558,Water Protection Charm,1,[Usable],8,5,9,,
1557,Fire Protection Charm,1,[Usable],8,5,9,,
1556,Muscle Oil,1,[Usable],7,5,8,,
1555,Magic Amplifier,1,[Usable],-1,-1,-1,,
1554,Gloves of Aiming,1,[Usable],-1,-1,-1,,
1553,Soul of the Evil Spirit,14,[Material],11,6,3,,
1552,Starlight Potion,1,[Usable],8,5,9,,
1551,Mad Doctor Garb,8,[Armor],1,6,10,,
1550,Big Paper Charm,14,[Material],11,6,3,,
1549,Ancient Big Tree,14,[Material],13,2,13,,
1548,Critical Rate+3,20,[Normal Crysta],1,6,2,,
1547,Crystal Wand,19,[Staff],70,3,35,,
1546,Blitz Sword,4,[1 Handed Sword],70,3,35,,
1545,Dexterity Talisman III,18,[Special],50,2,50,,
1544,Speed Talisman III,18,[Special],50,2,50,,
1543,Stamina Talisman III,18,[Special],50,2,50,,
1542,Magic Talisman III,18,[Special],50,2,50,,
1541,Muscle Talisman III,18,[Special],50,2,50,,
1540,Skull Cape,6,[Additional],-1,-1,-1,,
1539,Knife Belt,6,[Additional],-1,-1,-1,,
1538,Crystal Wand,19,[Staff],70,3,35,,
1537,Blitz Sword,4,[1 Handed Sword],70,3,35,,
1536,Surprise Tomahawk,6,[Additional],1,-1,-1,,
1535,Kanzashi Lollipop,6,[Additional],0,-1,-1,,
1534,Candy Bouquet,6,[Additional],-1,-1,-1,,
1533,Vaccine III,1,[Usable],3,5,3,,
1532,Strengthened Armor,14,[Material],17,3,17,,
1531,Eyepatch (Cat),6,[Additional],45,4,22,,
1530,Grylle,23,[Additional Crysta],1,6,2,,
1529,Evil Crystal Beast,21,[Weapon Crysta],1,6,2,,
1528,Armigma,8,[Armor],37,6,45,,
1527,Aunigma,6,[Additional],42,6,21,,
1526,Evil Crystal Beast Claw,14,[Material],16,1,16,,
1525,Evil Crystal Beast Horns,14,[Material],14,1,14,,
1524,Crystalized Skin,14,[Material],10,3,10,,
1523,Core of Magic Crystal Beast,14,[Material],14,6,3,,
1522,Tri Claws,13,[Knuckles],70,3,35,,
1521,Scribbled Bandage,14,[Material],7,4,7,,
1520,Thin Fabric of Netherworld,14,[Material],9,4,10,,
1519,Fur Ten Gallon,6,[Additional],37,1,18,,
1518,Bat Patagium,14,[Material],9,4,9,,
1517,Moist Twig,14,[Material],7,2,7,,
1516,Blitz Sword,4,[1 Handed Sword],70,3,35,,
1515,Soul of the Dead,14,[Material],11,6,3,,
1514,Huge Scythe Helve,14,[Material],7,2,6,,
1513,Broken Huge Scythe,14,[Material],9,3,10,,
1512,Assault Barrel,10,[Bowgun],70,2,35,,
1511,Evil Spirit Claw,14,[Material],9,1,9,,
1510,Evil Spirit Fang,14,[Material],7,1,7,,
1509,Hideous Skin,14,[Material],10,4,7,,
1508,Potum Talisman,18,[Special],35,2,17,,
1507,Unknown Luminous Object,14,[Material],10,6,3,,
1506,Potum's Soul,14,[Material],10,6,3,,
1505,Filthy Bandage,14,[Material],6,4,6,,
1504,Purification Salt,14,[Material],8,5,8,,
1503,Shell Buckler,17,[Shield],70,1,35,,
1502,Inextinguishable Candle,14,[Material],8,5,9,,
1501,Broken Glass,14,[Material],6,3,5,,
1500,Pumpking,23,[Additional Crysta],1,6,2,,
1499,[Treat] Book,14,[Material],20,6,40,,
1498,[Or] Book,14,[Material],19,6,40,,
1497,[Trick] Book,14,[Material],18,6,40,,
1496,Pumpkin Soup,1,[Usable],7,6,2,,
1495,Zombie Cake,1,[Usable],6,6,2,,
1494,Pumpkin Candy,1,[Usable],5,6,2,,
1493,Barmbrack,1,[Usable],4,6,2,,
1492,Jack Pudding,1,[Usable],3,6,2,,
1491,Ginger Cake,1,[Usable],2,6,2,,
1490,Pumpkin Cookie,1,[Usable],1,6,2,,
1489,Spooky Mask,6,[Additional],-1,-1,-1,,
1488,Sweet Basket,6,[Additional],1,6,2,,
1483,Ring Bow,9,[Bow],70,3,35,,
1482,Jade Wings,15,[Magic Device],-1,-1,-1,,
1481,Emeldia,13,[Knuckles],-1,-1,-1,,
1480,Pretty Ribbon R,6,[Additional],32,4,16,,
1479,Pretty Ribbon L,6,[Additional],32,4,16,,
1478,Fake Mustache,6,[Additional],-1,-1,-1,,
1477,Blood Drain Knife,11,[Dagger],70,3,35,,
1476,Mithril Arrow,7,[Arrow],70,3,35,,
1475,Heavy Bolt,7,[Arrow],70,2,35,,
1474,Ring Bow,9,[Bow],70,3,35,,
1473,Jade Wings,15,[Magic Device],-1,-1,-1,,
1472,Emeldia,13,[Knuckles],-1,-1,-1,,
1471,Shell Buckler,17,[Shield],-1,-1,-1,,
1470,Black Knight of Delusion,21,[Weapon Crysta],1,6,2,,
1469,Black Sword of Delusion,4,[1 Handed Sword],-1,-1,-1,,
1468,Black Shield of Delusion,17,[Shield],80,6,40,,
1467,Evil Energy of Delusion,14,[Material],15,6,4,,
1466,Ominous Crystal,14,[Material],17,6,4,,
1465,Magic Sword Fragment,14,[Material],9,3,10,,
1464,Fractured Magic Armor,14,[Material],13,3,13,,
1463,Sweets Box,1,[Usable],1000,0,0,,
1462,Pumpkin Soul,14,[Material],10,6,20,,
1461,Granny,24,[Special Crysta],2,6,2,,
1460,Bloom of Peace,19,[Staff],1,5,2,,
1459,Crystal Wand,19,[Staff],70,3,35,,
1458,Tree Spirit Soul,14,[Material],11,6,3,,
1457,Magic Charged Branch,14,[Material],9,2,10,,
1456,Old Wood,14,[Material],7,2,7,,
1455,Hammerfall,5,[2 Handed Sword],70,3,35,,
1454,Ancient Shell,14,[Material],11,6,3,,
1453,Sludgy Liquid,14,[Material],9,5,9,,
1452,Sharp Tentacle,14,[Material],7,1,6,,
1451,INT+3,20,[Normal Crysta],1,6,2,,
1450,Hard Leaf,14,[Material],11,5,10,,
1449,Twisted Vine,14,[Material],9,2,9,,
1448,Growing Root,14,[Material],7,2,7,,
1447,Magic Brooch,15,[Magic Device],70,6,32,,
1446,Ancient Moss,14,[Material],11,5,11,,
1445,Tough Carapace,14,[Material],9,1,9,,
1444,Cracked Carapace,14,[Material],7,1,6,,
1443,DEX+3,20,[Normal Crysta],1,6,2,,
1442,Fractured Rock,14,[Material],6,3,6,,
1441,Small Cotyledon,14,[Material],8,5,8,,
1440,Flower Nectar (Bouquet),1,[Usable],5,5,3,,
1439,Insect Antenna,14,[Material],6,1,6,,
1438,Thin Insect Wing,14,[Material],8,4,8,,
1437,Knapsack,6,[Additional],32,4,16,,
1436,Hard Hoof,14,[Material],8,1,9,,
1435,Heated Horn,14,[Material],10,1,10,,
1434,Goat Fur,14,[Material],6,4,6,,
1433,Fallen in Fall,14,[Material],10,6,10,,
1432,Ginkgo Nut Rice,1,[Usable],1,6,10,,
1431,Matsutake Soup,1,[Usable],1,6,10,,
1430,Mashed Sweet Potato,1,[Usable],1,6,10,,
1429,Salt-Grilled Saury,1,[Usable],1,6,10,,
1428,Baked Sweet Potato,1,[Usable],1,6,10,,
1427,Dried Persimon,1,[Usable],1,6,10,,
1426,Time Warp Watch,18,[Special],-1,-1,-1,,
1425,Snake Head Slough,14,[Material],10,1,10,,
1424,Legendary Silk,3,[Piercer],0,0,0,,
1423,Legendary Piercer,3,[Piercer],0,0,0,,
1422,Scimitar,4,[1 Handed Sword],60,3,30,,
1421,Outerworld Armor,8,[Armor],65,6,32,,
1420,Storm Staff,19,[Staff],60,2,30,,
1419,Flamberge,5,[2 Handed Sword],60,3,30,,
1418,Traveler's Cape,6,[Additional],35,4,17,,
1417,Scimitar,4,[1 Handed Sword],60,3,30,,
1416,Albero Shield,17,[Shield],60,2,30,,
1415,Iron Mask,6,[Additional],-1,-1,-1,,
1414,Gear Wings,6,[Additional],35,3,17,,
1413,Outerworld Armor,8,[Armor],65,6,32,,
1412,Storm Staff,19,[Staff],60,2,30,,
1411,Flamberge,5,[2 Handed Sword],60,3,30,,
1410,Knuckle Gem,12,[Gem],1,0,0,,
1409,Wing Gem,12,[Gem],1,0,0,,
1408,Staff Gem,12,[Gem],1,0,0,,
1407,Bowgun Gem,12,[Gem],1,0,0,,
1406,Bow Gem,12,[Gem],1,0,0,,
1405,Blade Gem,12,[Gem],1,0,0,,
1404,Sword Gem,12,[Gem],1,0,0,,
1403,Normal Gem II,12,[Gem],1,0,0,,
1402,CSPD+60,20,[Normal Crysta],1,6,2,,
1401,Flexible Tongue,14,[Material],10,1,10,,
1400,Thick Eyebrow,14,[Material],8,1,9,,
1399,Scrader,20,[Normal Crysta],1,6,100,,
1398,Brigandine,8,[Armor],-1,-1,-1,,
1397,Scrader Barrel,10,[Bowgun],80,3,40,,
1396,Brigan Helm,6,[Additional],40,3,20,,
1395,Scrader Mace,19,[Staff],80,3,40,,
1394,Scrader Crystal,14,[Material],17,6,4,,
1393,Strange Head Part,14,[Material],15,3,-1,,
1392,Unknown Part,14,[Material],13,3,-1,,
1391,Big Scrap,14,[Material],9,3,-1,,
1390,Iron Thorns,13,[Knuckles],-1,-1,-1,,
1389,Tattered Cloth,14,[Material],7,4,7,,
1388,Big Dust,14,[Material],9,5,8,,
1387,Ribbon Charm,15,[Magic Device],70,6,35,,
1386,Magic Arrow,7,[Arrow],-1,-1,-1,,
1385,Broken Watch,18,[Special],-1,-1,-1,,
1384,Handless Watch,18,[Special],1,6,2,,
1383,Antique Knife,11,[Dagger],-1,-1,-1,,
1382,Dust Gemstone,14,[Material],30,6,10,,
1381,Dirty Antique,1,[Usable],1,6,2,,
1380,Broken Clock Hand,14,[Material],9,3,9,,
1379,Magic Gear,14,[Material],10,6,9,,
1378,Big Pendulum,14,[Material],7,3,7,,
1377,Huge Steel Bow,9,[Bow],60,3,30,,
1376,Iron Hat Fragment,14,[Material],10,3,11,,
1375,Tough Tail,14,[Material],9,1,9,,
1374,Big Bolt,14,[Material],7,3,7,,
1373,Edged Bowgun,10,[Bowgun],60,3,30,,
1372,Fermented Cheese,14,[Material],10,5,10,,
1371,Porous Branch,14,[Material],7,2,7,,
1370,Small Foretooth,14,[Material],9,1,9,,
1369,Magic Waste,14,[Material],10,6,3,,
1368,Greasy Liquid,14,[Material],7,5,7,,
1367,Orange Gelatin,1,[Usable],9,5,9,,
1366,Albero Shield,17,[Shield],60,2,30,,
1365,Stagnant Rainwater,14,[Material],10,5,9,,
1364,Flabby Skin,14,[Material],6,4,6,,
1363,Paralytic Tentacle,14,[Material],8,1,8,,
1362,Elsand,15,[Magic Device],60,6,30,,
1361,Old Snake Slough,14,[Material],6,4,6,,
1360,Snake Scale,14,[Material],8,1,8,,
1359,Trinity Earrings,6,[Additional],-1,-1,-1,,
1358,Small Stump,14,[Material],10,2,10,,
1357,Delicious Mushroom,14,[Material],8,2,6,,
1356,Thin Branch,14,[Material],6,2,6,,
1355,El Scaro,1,[Usable],1,6,2,,
1354,Sand Pyroxene,14,[Material],16,6,4,,
1353,1st Anniv Box,14,[Material],-1,6,125,,
1352,Proof of Victory,18,[Special],0,0,0,,
1351,Explorer's Hat,6,[Additional],0,0,0,,
1350,Sofys Talisman,18,[Special],0,0,0,,
1349,Throwing Knife,11,[Dagger],0,0,0,,
1348,Fairy Silk,3,[Piercer],0,0,0,,
1347,Sailor's Dagger,11,[Dagger],-1,-1,-1,,
1346,Bear Meat Jelly Soup,1,[Usable],-1,-1,-1,,
1345,Misanga,18,[Special],-1,-1,-1,,
1344,Caravan Talisman,18,[Special],0,0,0,,
1343,Caravan Arrow,7,[Arrow],0,0,0,,
1342,Beast Pack (L),14,[Material],25,1,25,,
1341,Beast Pack (M),14,[Material],5,1,5,,
1340,Beast Pack (S),14,[Material],1,1,1,,
1339,Gladiator's Helm,6,[Additional],-1,3,-1,,
1338,Zega,21,[Weapon Crysta],1,6,2,,
1337,Killer Coat,8,[Armor],60,4,30,,
1336,Huge Steel Bow,9,[Bow],60,3,30,,
1335,Huge Steel Bow,9,[Bow],60,3,30,,
1334,Summer Shell,14,[Material],10,6,10,,
1333,Pliable Neck Bone,14,[Material],11,1,12,,
1332,Flamberge,5,[2 Handed Sword],60,3,30,,
1331,Akaku Flower,6,[Additional],207,0,0,,
1330,Monkfish Liver,14,[Material],11,5,12,,
1329,MP+150,20,[Normal Crysta],1,6,2,,
1328,Growing Vine,14,[Material],7,2,8,,
1327,Thick Root,14,[Material],5,2,5,,
1326,Fruit Skin,14,[Material],5,4,5,,
1325,Soft Twig,14,[Material],5,2,6,,
1324,Green Apple,14,[Material],9,5,9,,
1323,STR+3,20,[Normal Crysta],1,6,2,,
1322,Magic Oil,14,[Material],9,5,10,,
1321,Tough Iron Plate,14,[Material],5,3,5,,
1320,Small Gun Barrel,14,[Material],7,3,7,,
1319,Goovua,24,[Special Crysta],1,6,2,,
1318,Desert Mentum,9,[Bow],75,2,37,,
1317,Desert Anfel,5,[2 Handed Sword],-1,-1,-1,,
1316,Torn Cloak,14,[Material],13,4,14,,
1315,Goovua's Mask Fragment,14,[Material],15,2,15,,
1314,Broken Dual Edge,14,[Material],9,3,9,,
1313,Goovua's Shoulder Pad,14,[Material],17,3,18,,
1312,Metal Stinger,20,[Normal Crysta],1,6,2,,
1311,Shining Antena,14,[Material],9,1,10,,
1310,Storm Staff,19,[Staff],60,2,30,,
1309,Big Fin,14,[Material],7,4,8,,
1308,Traveler's Cape,6,[Additional],35,4,17,,
1307,Frog Ointment,14,[Material],11,1,10,,
1306,Stretchy Tongue,14,[Material],9,1,9,,
1305,Cool Skin,14,[Material],7,4,7,,
1304,Akaku Sand,14,[Material],9,3,9,,
1303,Mottled Skin,14,[Material],7,4,6,,
1302,Quicksand Crystal,14,[Material],11,6,3,,
1301,Elsand,15,[Magic Device],-1,-1,-1,,
1300,Elsand,15,[Magic Device],-1,-1,-1,,
1299,Medic Coat,8,[Armor],60,4,30,,
1298,Folium Staff,19,[Staff],70,2,35,,
1297,Phyto Blade,4,[1 Handed Sword],70,3,35,,
1296,Neck Warmer,6,[Additional],35,4,17,,
1295,Pretty Ribbon,6,[Additional],32,4,16,,
1294,Artisan Arrow,7,[Arrow],60,2,30,,
1293,Medic Coat,8,[Armor],60,4,30,,
1292,Folium Staff,19,[Staff],70,2,35,,
1291,Phyto Blade,4,[1 Handed Sword],70,3,35,,
1290,Soda Swimsuit,8,[Armor],1,4,100,,
1289,Straw Hat,6,[Additional],1,2,30,,
1288,Ice Candy,6,[Additional],1,2,10,,
1287,Magiadd III,1,[Usable],7,5,6,,
1286,Vita Plus III,1,[Usable],5,5,6,,
1285,Regera III,1,[Usable],10,5,3,,
1284,Forehead Protector,6,[Additional],17,4,8,,
1283,Sunlight Potum,23,[Additional Crysta],1,6,2,,
1282,Iron Thorns,13,[Knuckles],-1,-1,-1,,
1280,Edged Bowgun,10,[Bowgun],60,3,30,,
1279,Blaster Bow,9,[Bow],70,3,35,,
1278,Knight Armor,8,[Armor],60,3,30,,
1277,Trinity Earrings,6,[Additional],-1,-1,-1,,
1276,Bandage Eyepatch,6,[Additional],-1,-1,-1,,
1275,Marble Shield,17,[Shield],70,3,35,,
1274,Iron Thorns,13,[Knuckles],-1,-1,-1,,
1272,Edged Bowgun,10,[Bowgun],60,3,30,,
1271,Blaster Bow,9,[Bow],70,3,35,,
1270,Knight Armor,8,[Armor],60,3,30,,
1269,Megiston,20,[Normal Crysta],1,6,2,,
1268,Gladiator Armor,8,[Armor],-1,-1,-1,,
1267,1st Anniv Shield III,17,[Shield],75,3,37,,
1266,1st Anniv Shield II,17,[Shield],50,3,25,,
1265,1st Anniv Shield,17,[Shield],20,3,12,,
1264,Gold 1st Anniv Medal,14,[Material],300,6,25,,
1263,Silver 1st Anniv Medal,14,[Material],30,6,5,,
1262,Copper 1st Anniv Medal,14,[Material],3,6,1,,
1261,1st Anniv Knuckles III,13,[Knuckles],75,3,37,,
1260,1st Anniv Knuckles II,13,[Knuckles],50,3,25,,
1259,1st Anniv Knuckles,13,[Knuckles],25,3,12,,
1258,1st Anniv Wings III,15,[Magic Device],75,6,37,,
1257,1st Anniv Wings II,15,[Magic Device],50,6,25,,
1256,1st Anniv Wings,15,[Magic Device],25,6,12,,
1255,1st Anniv Staff III,19,[Staff],75,2,37,,
1254,1st Anniv Staff II,19,[Staff],50,2,23,,
1253,1st Anniv Staff,19,[Staff],25,2,12,,
1252,1st Anniv Bowgun III,10,[Bowgun],75,2,37,,
1251,1st Anniv Bowgun II,10,[Bowgun],50,2,25,,
1250,1st Anniv Bowgun,10,[Bowgun],25,2,12,,
1249,1st Anniv Bow III,9,[Bow],75,2,37,,
1248,1st Anniv Bow II,9,[Bow],50,2,25,,
1247,1st Anniv Bow,9,[Bow],25,2,12,,
1246,1st Anniv Greatsword III,5,[2 Handed Sword],75,3,37,,
1245,1st Anniv Greatsword II,5,[2 Handed Sword],50,3,25,,
1244,1st Anniv Greatsword,5,[2 Handed Sword],25,3,12,,
1243,1st Anniv Sword III,4,[1 Handed Sword],75,3,37,,
1242,1st Anniv Sword II,4,[1 Handed Sword],50,3,25,,
1241,1st Anniv Sword,4,[1 Handed Sword],25,3,12,,
1240,1st Anniv Knuckles III,13,[Knuckles],75,3,37,,
1239,1st Anniv Knuckles II,13,[Knuckles],50,3,25,,
1238,1st Anniv Knuckles,13,[Knuckles],25,3,12,,
1237,1st Anniv Wings III,15,[Magic Device],75,6,37,,
1236,1st Anniv Wings II,15,[Magic Device],50,6,25,,
1235,1st Anniv Wings,15,[Magic Device],25,6,12,,
1234,1st Anniv Staff III,19,[Staff],75,2,37,,
1233,1st Anniv Staff II,19,[Staff],50,2,23,,
1232,1st Anniv Staff,19,[Staff],25,2,12,,
1231,1st Anniv Bowgun III,10,[Bowgun],75,2,37,,
1230,1st Anniv Bowgun II,10,[Bowgun],50,2,25,,
1229,1st Anniv Bowgun,10,[Bowgun],25,2,12,,
1228,1st Anniv Bow III,9,[Bow],75,2,37,,
1227,1st Anniv Bow II,9,[Bow],50,2,25,,
1226,1st Anniv Bow,9,[Bow],25,2,12,,
1225,1st Anniv Greatsword III,5,[2 Handed Sword],75,3,37,,
1224,1st Anniv Greatsword II,5,[2 Handed Sword],50,3,25,,
1223,1st Anniv Greatsword,5,[2 Handed Sword],25,3,12,,
1222,1st Anniv Sword III,4,[1 Handed Sword],75,3,37,,
1221,1st Anniv Sword II,4,[1 Handed Sword],50,3,25,,
1220,1st Anniv Sword,4,[1 Handed Sword],25,3,12,,
1219,Carrot Soda Soup,1,[Usable],1,0,0,,
1218,Knife Shaft,11,[Dagger],-1,-1,-1,,
1217,Tricorn,6,[Additional],20,4,10,,
1216,Shock Absorbing Cream,1,[Usable],-1,-1,-1,,
1215,Magic Barrier Wand,1,[Usable],-1,-1,-1,,
1214,Stab-Proof Sheet,1,[Usable],-1,-1,-1,,
1213,Mana Supply Stone,1,[Usable],-1,-1,-1,,
1212,Jade Raptor,22,[Armor Crysta],1,6,2,,
1211,Jade Wings,15,[Magic Device],-1,-1,-1,,
1210,Emeldia,13,[Knuckles],-1,-1,-1,,
1209,Jade Raptor Horn,14,[Material],12,1,12,,
1208,Jade Raptor Beak,14,[Material],-1,-1,-1,,
1207,Jade Raptor Armor Fur,14,[Material],8,3,8,,
1206,Scimitar,4,[1 Handed Sword],60,3,30,,
1205,Hard Scissor,14,[Material],8,1,8,,
1204,Scorpion Shell,14,[Material],6,3,7,,
1203,Scorpion Tail,14,[Material],10,1,10,,
1202,Nekomimi,6,[Additional],32,1,16,,
1200,Twisted Wood Stick,14,[Material],8,2,9,,
1199,Worn-out Hemp Cloth,14,[Material],6,4,7,,
1198,White Petal,14,[Material],10,5,9,,
1197,Shining Beak,14,[Material],8,1,9,,
1196,Geometric Feather,14,[Material],6,1,6,,
1195,Ghilly Sheet,18,[Special],25,4,12,,
1194,Leaf Mold,14,[Material],9,5,10,,
1193,Withered Branch,14,[Material],7,2,8,,
1192,Large Withered Leaf,14,[Material],5,2,5,,
1191,Dodge+6,20,[Normal Crysta],1,6,2,,
1190,Squirrel Fur,14,[Material],5,4,5,,
1189,Bushy Tail,14,[Material],7,1,8,,
1188,Dried Walnut,1,[Usable],9,5,9,,
1187,Leather Helmet,6,[Additional],25,4,12,,
1186,Immature Claw,14,[Material],7,1,6,,
1185,Small Feather,14,[Material],9,4,8,,
1184,Hard Eggshell,14,[Material],5,3,6,,
1183,Death Colon,21,[Weapon Crysta],1,6,2,,
1182,Sparkling Dragon Eye,14,[Material],8,6,2,,
1181,Magic Swordsman's Garb,8,[Armor],-1,-1,-1,,
1180,Berserker Cestuses,13,[Knuckles],-1,-1,-1,,
1179,Fortis Blade,5,[2 Handed Sword],50,3,25,,
1178,Berserker Blade,5,[2 Handed Sword],-1,-1,-1,,
1177,White Clover Headband,6,[Additional],27,5,13,,
1176,Mushroom Cap,6,[Additional],-1,-1,-1,,
1175,Dragon Ears,6,[Additional],-1,-1,-1,,
1174,Magic Swordsman's Coat,6,[Additional],-1,-1,-1,,
1173,Magic Swordsman's Garb,8,[Armor],-1,-1,-1,,
1172,Lightweight Knife,11,[Dagger],-1,-1,-1,,
1171,Berserker Cestuses,13,[Knuckles],-1,-1,-1,,
1170,Fortis Blade,5,[2 Handed Sword],50,3,25,,
1169,Berserker Blade,5,[2 Handed Sword],-1,-1,-1,,
1168,Space Wolf Claw,14,[Material],6,1,6,,
1167,Space Wolf Horn,14,[Material],10,1,10,,
1166,Space Wolf Fur,14,[Material],8,4,9,,
1165,Afro Wig,6,[Additional],40,4,20,,
1164,Nurethoth,20,[Normal Crysta],1,6,2,,
1163,Nurethoth Mask,6,[Additional],32,3,16,,
1162,Shooting Star Arrow,7,[Arrow],60,6,30,,
1161,Odd-Shaped Knife,11,[Dagger],60,6,30,,
1160,Outerworld Armor,8,[Armor],65,6,32,,
1159,Outer World Universe,14,[Material],20,6,5,,
1158,Nurethoth's Hard Claw,14,[Material],13,1,14,,
1157,Cracked Face Stone,14,[Material],12,3,12,,
1156,Shining Soul Stone,14,[Material],16,6,4,,
1155,Outer World Pebble,14,[Material],8,3,8,,
1154,Oracle Robe,8,[Armor],55,4,27,,
1153,Curled Horns,6,[Additional],30,1,15,,
1152,Outer World Nail,14,[Material],8,1,7,,
1151,Shining Shooting Star,14,[Material],10,6,3,,
1150,Star Sand,14,[Material],6,3,6,,
1149,Scale Shield,17,[Shield],50,1,25,,
1148,Outer World Planet,14,[Material],10,6,3,,
1147,Outer World Arm,14,[Material],8,1,8,,
1146,Star Fragment,14,[Material],6,3,6,,
1145,Steel Leaf Bow,9,[Bow],50,3,25,,
1144,Outer World Tail,14,[Material],10,1,9,,
1143,Ray Fin,14,[Material],9,5,10,,
1142,Vivid Skin,14,[Material],6,4,6,,
1141,Wizard Hat,6,[Additional],25,4,12,,
1140,Mysterious Sphere,14,[Material],9,6,2,,
1139,Huge Mouth,14,[Material],7,1,7,,
1138,Outer World Skin,14,[Material],5,4,5,,
1137,Cold Sphere,14,[Material],9,6,2,,
1136,Uncanny Hide,14,[Material],5,4,4,,
1135,Outer World Crystal,14,[Material],7,3,8,,
1134,Outer World Sand,14,[Material],9,3,10,,
1133,White Gelatin,1,[Usable],5,5,7,,
1132,Outer World Liquid,14,[Material],7,5,7,,
1131,Maze Gem,12,[Gem],1,0,0,,
1130,Headband,6,[Additional],10,4,5,,
1129,Ribbon,6,[Additional],2,4,2,,
1128,Mage Hat,6,[Additional],7,4,3,,
1127,Adventurer's Garb,8,[Armor],1,4,1,,
1125,Golden Apple,14,[Material],100,0,0,,
1124,Feather Hat,6,[Additional],20,4,10,,
1123,Eyepatch,6,[Additional],27,4,13,,
1122,VIT+3,20,[Normal Crysta],1,6,2,,
1121,Green Mushroom,1,[Usable],10,5,5,,
1120,Super Refinement Powder,2,[Refinement Support],0,0,0,,
1119,Grass Dragon Yelb,23,[Additional Crysta],1,6,2,,
1118,Folium Staff,19,[Staff],70,2,35,,
1117,Phyto Blade,4,[1 Handed Sword],70,3,35,,
1116,Grass Dragon's Petal,14,[Material],16,2,16,,
1115,Grass Dragon's Scale,14,[Material],12,1,13,,
1114,Grass Dragon's Skin,14,[Material],8,4,8,,
1113,Hard Knuckles,13,[Knuckles],50,3,25,,
1112,Mossy Ore,14,[Material],8,3,8,,
1111,Old Stone,14,[Material],6,3,6,,
1110,Fire Staff,19,[Staff],50,2,25,,
1109,Moving Eyeball,14,[Material],10,1,10,,
1108,Huge Sinister Tooth,14,[Material],8,1,8,,
1107,Hideous Skin,14,[Material],6,4,7,,
1106,Withered Leaf,14,[Material],10,5,10,,
1105,Rotten Colon Skin,14,[Material],8,2,8,,
1104,Decayed Branch,14,[Material],6,2,7,,
1103,Gemstone Heart,14,[Material],8,6,2,,
1102,Sharp Webbed Foot,14,[Material],6,1,6,,
1101,Transparent Skin,14,[Material],4,4,4,,
1100,Fortis Blade,5,[2 Handed Sword],50,3,25,,
1099,Aged Sap,14,[Material],8,5,8,,
1098,Crimson Wood,14,[Material],6,2,6,,
1097,Hard Twig,14,[Material],4,2,4,,
1096,HP+200,20,[Normal Crysta],1,6,2,,
1095,Dusky Ore,14,[Material],6,3,6,,
1094,Tough Dragon Skin,14,[Material],6,4,6,,
1093,Empress Soul,15,[Magic Device],65,6,32,,
1092,Fairy Peace,15,[Magic Device],50,6,25,,
1091,Empress Bowgun,10,[Bowgun],65,3,32,,
1090,Unsheathe Bangle,18,[Special],35,3,17,,
1089,Adroit Mage's Bangle,18,[Special],-1,-1,-1,,
1088,Adroit Warrior's Bangle,18,[Special],-1,-1,-1,,
1087,Curled Horns,6,[Additional],30,1,15,,
1086,Empress Soul,15,[Magic Device],65,6,32,,
1085,Fairy Peace,15,[Magic Device],50,6,25,,
1084,Empress Bowgun,10,[Bowgun],65,3,32,,
1083,Carp Streamer Hat,6,[Additional],1,4,2,,
1082,Origami Kabuto,6,[Additional],1,5,2,,
1081,Golden Fake Greatsword,6,[Additional],1,6,10,,
1080,Golden Greatsword,5,[2 Handed Sword],1,6,10,,
1079,Refinement Ticket (1000%),2,[Refinement Support],0,0,0,,
1078,Viscum,24,[Special Crysta],1,6,2,,
1077,Adventurer's Garb,8,[Armor],1,4,1,,
1076,Sakura Crystal Fragment,14,[Material],-1,3,-1,,
1075,Broken Sakura Branch,14,[Material],-1,2,-1,,
1074,Sakura Hair Ornament,6,[Additional],1,4,2,,
1073,Sakura Kimono,8,[Armor],60,4,30,,
1072,Sakura Gloves,13,[Knuckles],60,3,30,,
1071,Sakura Wings,15,[Magic Device],60,6,30,,
1070,Sakura Staff,19,[Staff],60,2,30,,
1069,Sakura Matchlock,10,[Bowgun],60,2,30,,
1068,Sakura Shooter,9,[Bow],60,2,30,,
1067,Sakura Edge,5,[2 Handed Sword],60,3,30,,
1066,Sakura Kodachi,4,[1 Handed Sword],60,3,30,,
1065,Toram Liquor,1,[Usable],1,-1,1,,
1064,Tricolor Dango,1,[Usable],0,-1,0,,
1063,Sakuramochi,1,[Usable],-1,-1,-1,,
1062,Sakura Gemstone,14,[Material],10,6,1,,
1061,Special Vita Plus,1,[Usable],0,0,0,,
1060,Pillar Golem Magic Lantern,14,[Material],16,6,4,,
1059,Pillar Golem Stake,14,[Material],12,3,13,,
1058,Pillar Golem Fragment,14,[Material],8,3,8,,
1057,Shining Copper Ore,14,[Material],13,3,13,,
1056,Honey Cookie,1,[Usable],-1,5,-1,,
1055,Iron Arrow,7,[Arrow],50,3,25,,
1054,Revolver,10,[Bowgun],-1,-1,-1,,
1053,Marble Shield,17,[Shield],70,3,35,,
1052,Shining Gentleman,24,[Special Crysta],1,6,2,,
1051,Pillar Golem,21,[Weapon Crysta],1,6,2,,
1050,Knight Armor,8,[Armor],60,3,30,,
1049,Blaster Bow,9,[Bow],70,3,35,,
1048,Lost Footstep,14,[Material],9,6,2,,
1047,Oracle Hat,6,[Additional],25,4,12,,
1046,Contaminated Fang,14,[Material],5,1,6,,
1045,Arched Bowgun,10,[Bowgun],50,3,25,,
1044,Rapier,4,[1 Handed Sword],50,3,25,,
1043,Lost Cane,14,[Material],5,2,5,,
1042,Ice Crystal Ring,18,[Special],22,3,11,,
1041,Ethos Fortress,1,[Usable],1,6,1,,
1040,Blue Crystal Fragment,14,[Material],4,3,4,,
1038,Dead Beast's Horn,14,[Material],8,1,9,,
1037,Cursed Dagger,11,[Dagger],-1,-1,-1,,
1036,Cracked Rib,14,[Material],6,1,5,,
1035,Strange Fur,14,[Material],4,4,4,,
1034,Knight Feather Helm,6,[Additional],25,3,12,,
1033,Worn-out Shoulder Pad,14,[Material],8,3,8,,
1032,Bone Fragment,14,[Material],7,1,7,,
1031,Mace of Destruction,19,[Staff],60,3,30,,
1030,Steel Leaf Bow,9,[Bow],50,3,25,,
1029,Mace of Destruction,19,[Staff],60,3,30,,
1028,Steel Leaf Bow,9,[Bow],50,3,25,,
1027,Crystal Powder,14,[Material],6,5,5,,
1026,Dark Gray Metal Plate,14,[Material],-1,-1,-1,,
1025,Polyester Cloth,14,[Material],7,4,7,,
1024,Parasite Crystal,14,[Material],9,6,2,,
1023,Killer Coat,8,[Armor],60,4,30,,
1022,Arched Bowgun,10,[Bowgun],50,3,25,,
1021,Fox Ears,6,[Additional],22,1,11,,
1020,Knight Cape,6,[Additional],27,4,13,,
1019,Gas Mask,6,[Additional],25,3,11,,
1018,Killer Coat,8,[Armor],60,4,30,,
1017,Blade Arrow,7,[Arrow],50,3,25,,
1016,Thin Sharp Arrow,7,[Arrow],50,2,25,,
1015,Scale Shield,17,[Shield],50,1,25,,
1014,Arched Bowgun,10,[Bowgun],50,3,25,,
1013,Cape,6,[Additional],5,4,2,,
1012,Pendulum,18,[Special],1,-1,-1,,
1011,Rugio Medal,6,[Additional],1,-1,-1,,
1010,Aristocrat Ring,18,[Special],0,-1,-1,,
1009,Potum Hat,6,[Additional],-1,-1,-1,,
1008,Spirit Needle,3,[Piercer],0,0,0,,
1007,Magic Crystal Armor,8,[Armor],30,6,15,,
1006,Forest Wolf Garb,8,[Armor],25,4,13,,
1005,Oracle Robe,8,[Armor],55,4,27,,
1004,Scale Armor,8,[Armor],50,1,25,,
1003,Ooze Armor,8,[Armor],50,3,25,,
1002,Aqua Garb,8,[Armor],45,6,22,,
1001,Green Dragon Garb,8,[Armor],40,4,20,,
1000,Plate Armor,8,[Armor],35,3,17,,
999,Fightwear,8,[Armor],30,4,15,,
998,Brutal Dragon Armor,8,[Armor],35,1,17,,
997,Straye Garb,8,[Armor],-1,-1,-1,,
996,Hunter's Garb,8,[Armor],20,1,10,,
995,Mage Robe,8,[Armor],15,4,7,,
994,Warrior Mail,8,[Armor],15,3,7,,
993,Leather Armor,8,[Armor],10,4,5,,
992,Adventurer's Garb,8,[Armor],1,4,1,,
991,Hard Knuckles,13,[Knuckles],50,3,25,,
990,Jamadhar,13,[Knuckles],40,3,20,,
989,Volcanic Claws,13,[Knuckles],40,1,20,,
988,Claws,13,[Knuckles],30,3,15,,
987,Knuckle Duster,13,[Knuckles],20,3,10,,
986,Iron Knuckles,13,[Knuckles],10,3,5,,
985,Knuckles,13,[Knuckles],1,3,2,,
984,Vita Cores,15,[Magic Device],50,6,25,,
983,Metal Wings,15,[Magic Device],40,6,20,,
982,Elflame,15,[Magic Device],30,6,15,,
981,Whirlwind,15,[Magic Device],30,6,15,,
980,Magi Vein,15,[Magic Device],20,6,10,,
979,Magic Feather,15,[Magic Device],10,6,5,,
978,Magi Klug,15,[Magic Device],1,6,2,,
977,Fire Staff,19,[Staff],50,2,25,,
976,Rock Staff,19,[Staff],40,2,20,,
975,Ooze Staff,19,[Staff],45,3,22,,
974,Water Staff,19,[Staff],30,2,15,,
973,Mage Rod,19,[Staff],20,3,10,,
972,Wind Staff,19,[Staff],10,2,5,,
971,Rod,19,[Staff],1,2,2,,
970,Magic Bowgun,10,[Bowgun],50,6,25,,
969,War Bowgun,10,[Bowgun],50,1,25,,
968,Axe Bowgun,10,[Bowgun],40,3,20,,
967,Hunter Bowgun,10,[Bowgun],30,2,15,,
966,Short Musket,10,[Bowgun],-1,-1,-1,,
965,Iron Barrel,10,[Bowgun],20,3,10,,
964,Sword Bowgun,10,[Bowgun],10,2,5,,
963,Bowgun,10,[Bowgun],1,2,2,,
962,Forest Wolf Bow,9,[Bow],35,1,17,,
961,Iron Exoskeleton Bow,9,[Bow],55,1,27,,
960,Metal Horn Bow,9,[Bow],40,3,20,,
959,Iron Bow,9,[Bow],30,3,15,,
958,Long Bow,9,[Bow],20,2,10,,
957,Hard Wood Bow,9,[Bow],10,2,5,,
956,Bow,9,[Bow],1,2,2,,
955,Iron Exoskeleton Sword,5,[2 Handed Sword],55,1,27,,
954,Bone Blade,5,[2 Handed Sword],40,1,20,,
953,Volcanic Sword,5,[2 Handed Sword],40,1,20,,
952,Longblade,5,[2 Handed Sword],30,3,15,,
951,Great Sword,5,[2 Handed Sword],20,3,10,,
950,Heavy Blade,5,[2 Handed Sword],10,3,5,,
949,Iron Blade,5,[2 Handed Sword],1,3,2,,
948,Sword of Sin,4,[1 Handed Sword],55,3,27,,
947,Rapier,4,[1 Handed Sword],50,3,25,,
946,Adel Sword,4,[1 Handed Sword],40,3,20,,
945,Brutal Dragon Sword,4,[1 Handed Sword],35,1,17,,
944,Sabre,4,[1 Handed Sword],30,3,15,,
943,Gladius,4,[1 Handed Sword],20,3,10,,
942,Longsword,4,[1 Handed Sword],10,3,5,,
941,Shortsword,4,[1 Handed Sword],1,3,2,,
940,Jack O' Lantern,14,[Material],1,0,0,,
939,Santa Doll,14,[Material],0,0,0,,
938,Red Wrapping Ribbon,14,[Material],10,0,0,,
937,Champagne,1,[Usable],1,0,1,,
936,Xmas Stocking,14,[Material],0,0,0,,
935,Xmas Star,14,[Material],0,0,0,,
934,Heart Chocolate (traded),1,[Usable],0,0,0,,
933,Heart Chocolate,1,[Usable],0,0,0,,
932,High-Grade Ornament,3,[Piercer],0,0,0,,
931,Training Notebook,1,[Usable],0,0,0,,
930,Cloth Box I,14,[Material],50,4,100,,
929,Beast Box I,14,[Material],50,1,100,,
928,Wood Box I,14,[Material],50,2,100,,
927,Medicine Box I,14,[Material],50,5,100,,
926,Metal Box I,14,[Material],50,3,100,,
925,Delight Gun,10,[Bowgun],1,6,2,,
924,Yummy Cookie,6,[Additional],1,6,2,,
923,Jupiter Sword,4,[1 Handed Sword],1,6,2,,
922,Special Regera,1,[Usable],1,0,0,,
921,Special Revita,1,[Usable],1,0,0,,
920,Blue Wrapping Ribbon,1,[Usable],10,0,0,,
919,Heart Cookie (traded),1,[Usable],0,0,0,,
918,Heart Cookie,1,[Usable],100,0,0,,
917,Orb Shard,14,[Material],0,0,0,,
916,Medicine Box II,14,[Material],100,5,200,,
915,Beast Box II,14,[Material],100,1,200,,
914,Cloth Box II,14,[Material],100,4,200,,
913,Metal Box II,14,[Material],100,3,200,,
912,Wood Box II,14,[Material],100,2,200,,
911,Orichalcum Ore,16,[Ore],16,3,24,,
910,Talisman,18,[Special],1,0,0,,
909,Vital Gem +,12,[Gem],0,0,0,,
908,Wood Sword,4,[1 Handed Sword],1,2,2,,
907,Aquamarine,14,[Material],1,6,3,,
906,Giga Speed Potion,1,[Usable],5,5,6,,
905,Shooting Star Potion,1,[Usable],5,5,6,,
904,Renowned Archer's Beard,1,[Usable],5,5,6,,
903,Power Essence,1,[Usable],4,5,5,,
902,Revita IV,1,[Usable],8,5,4,,
901,Magical Stadiometer,14,[Material],-1,6,-1,,
900,Eye Catalog,14,[Material],-1,6,-1,,
899,Face Catalog,14,[Material],-1,6,-1,,
898,Hairstyle: Tail (Long),14,[Material],-1,6,-1,,
897,Hairstyle: Tail (Medium),14,[Material],-1,6,-1,,
896,Hairstyle: Tail (Short),14,[Material],-1,6,-1,,
895,Hairstyle: Back (Long),14,[Material],-1,6,-1,,
894,Hairstyle: Back (Medium),14,[Material],-1,6,-1,,
893,Hairstyle: Back (Short),14,[Material],-1,6,-1,,
892,Hairstyle: Bangs (Long),14,[Material],-1,6,-1,,
891,Hairstyle: Bangs (Medium),14,[Material],-1,6,-1,,
890,Hairstyle: Bangs (Short),14,[Material],-1,6,-1,,
889,Beryl,14,[Material],1,6,3,,
888,Amethyst,14,[Material],1,6,3,,
887,Rose Quartz,14,[Material],1,6,3,,
886,Tourmaline,14,[Material],1,6,3,,
885,Emerald,14,[Material],1,6,3,,
884,Topaz,14,[Material],1,6,3,,
883,Zircon,14,[Material],1,6,3,,
882,Sapphire,14,[Material],1,6,3,,
881,Onyx,14,[Material],1,6,3,,
880,Garnet,14,[Material],1,6,3,,
879,Ruby,14,[Material],1,6,3,,
878,Moonstone,14,[Material],1,6,3,,
877,Sunstone,14,[Material],1,6,3,,
876,Pearl,14,[Material],1,6,3,,
875,Diamond,14,[Material],1,6,3,,
874,Obsidian,14,[Material],1,6,3,,
873,Metal Pack (L),14,[Material],25,3,25,,
872,Metal Pack (M),14,[Material],5,3,5,,
871,Metal Pack (S),14,[Material],1,3,1,,
870,Wood Pack (L),14,[Material],25,2,25,,
869,Wood Pack (M),14,[Material],5,2,5,,
868,Wood Pack (S),14,[Material],1,2,1,,
867,Fabric Pack (L),14,[Material],25,4,25,,
866,Fabric Pack (M),14,[Material],5,4,5,,
865,Fabric Pack (S),14,[Material],1,4,1,,
864,Medicine Pack (L),14,[Material],25,5,25,,
863,Medicine Pack (M),14,[Material],5,5,5,,
862,Medicine Pack (S),14,[Material],1,5,1,,
861,Potum Gold Coin,14,[Material],25,6,25,,
860,Potum Silver Coin,14,[Material],5,6,5,,
859,Potum Bronze Coin,14,[Material],5,6,5,,
858,Golden Potum,24,[Special Crysta],1,6,2,,
856,Aegis Gem,12,[Gem],1,0,0,,
855,Protection Gem,12,[Gem],1,0,0,,
854,Dark Gem,12,[Gem],1,0,0,,
853,Light Gem,12,[Gem],1,0,0,,
852,Earth Gem,12,[Gem],1,0,0,,
851,Wind Gem,12,[Gem],1,0,0,,
850,Water Gem,12,[Gem],1,0,0,,
849,Fire Gem,12,[Gem],1,0,0,,
848,Calm Earring,6,[Additional],17,3,8,,
847,Wizard Hat,6,[Additional],25,4,12,,
846,White Silver Necklace,6,[Additional],20,3,10,,
845,Soda Potum Hat,6,[Additional],25,4,12,,
844,Relief Shield,17,[Shield],55,3,27,,
843,Fire Staff,19,[Staff],50,2,25,,
842,Sword of Sin,4,[1 Handed Sword],55,3,27,,
841,Pumpkin Mask,6,[Additional],-1,0,-1,,
840,Lollipop Staff,19,[Staff],-1,0,-1,,
839,Halloween Bat,15,[Magic Device],-1,0,-1,,
838,Halloween Garb,8,[Armor],-1,-1,-1,,
837,Cat-Ear Hood,6,[Additional],12,4,25,,
836,B.B. Garb,8,[Armor],60,1,30,,
835,Dyed Reinforced Cloth,14,[Material],9,4,10,,
834,Broken Bone Accessory,14,[Material],17,1,18,,
832,B.B. Goblin,20,[Normal Crysta],1,6,2,,
831,Chicken Tender,1,[Usable],9,5,8,,
830,Violaccoon,24,[Special Crysta],1,6,2,,
829,Sharp Bear Claw,14,[Material],13,1,13,,
828,Bear Fur,14,[Material],9,4,10,,
827,Hero Scarf,6,[Additional],32,4,16,,
826,Berserker Mask,6,[Additional],32,4,16,,
825,Berserker Blade,5,[2 Handed Sword],-1,-1,-1,,
824,Great Sword Fragment,14,[Material],15,3,16,,
823,Berserker Cestuses,13,[Knuckles],-1,-1,-1,,
822,Adventurer's Garb,8,[Armor],1,4,1,,
821,Philosopher's Ring,18,[Special],25,6,12,,
820,Hunter's Garb,8,[Armor],20,1,10,,
819,Fur Cape,6,[Additional],25,1,12,,
818,Fluffy Tail,6,[Additional],17,1,8,,
817,Google Hat,6,[Additional],20,4,10,,
816,Mithril Ore,16,[Ore],8,3,13,,
815,Broken Mask,14,[Material],7,4,7,,
814,Heavy Tough Chain,14,[Material],11,3,12,,
813,Masked Warrior,20,[Normal Crysta],1,6,2,,
812,Roost,14,[Material],7,2,7,,
811,Owl Feather,14,[Material],9,4,10,,
810,Yellow Green Potum Hair,14,[Material],5,1,5,,
809,Wooden Doll,14,[Material],9,2,10,,
808,Lime,1,[Usable],7,5,7,,
807,Hard Bird Feather,14,[Material],5,4,5,,
806,INT+2,20,[Normal Crysta],1,6,2,,
805,Deep-Fried Bean Curd,1,[Usable],8,5,7,,
804,Fox Tail,14,[Material],6,1,6,,
803,Fox Fur,14,[Material],4,4,5,,
802,Golden Honey,14,[Material],8,5,8,,
801,Sweet Bee Larva,14,[Material],6,5,6,,
800,Bee Wing,14,[Material],4,4,4,,
799,Accuracy+4,20,[Normal Crysta],1,6,2,,
798,Broken Woodsman Axe,14,[Material],8,3,9,,
797,Dried Straw,14,[Material],4,2,4,,
796,Hard Wood,14,[Material],6,2,6,,
795,Jamadhar,13,[Knuckles],40,3,20,,
794,Volcanic Claws,13,[Knuckles],40,1,20,,
793,Claws,13,[Knuckles],30,3,15,,
792,Knuckle Duster,13,[Knuckles],20,3,10,,
791,Iron Knuckles,13,[Knuckles],10,3,5,,
790,Knuckles,13,[Knuckles],1,3,2,,
789,Vita Cores,15,[Magic Device],50,6,25,,
788,Metal Wings,15,[Magic Device],40,6,20,,
787,Elflame,15,[Magic Device],30,6,15,,
786,Whirlwind,15,[Magic Device],30,6,15,,
785,Magi Vein,15,[Magic Device],20,6,10,,
784,Magic Feather,15,[Magic Device],10,6,5,,
783,Magi Klug,15,[Magic Device],1,6,2,,
782,Libra,19,[Staff],1,4,2,,
781,Rock Staff,19,[Staff],40,2,20,,
780,Ooze Staff,19,[Staff],45,3,22,,
779,Water Staff,19,[Staff],30,2,15,,
778,Mage Rod,19,[Staff],20,3,10,,
777,Wind Staff,19,[Staff],10,2,5,,
776,Rod,19,[Staff],1,2,2,,
775,Magic Bowgun,10,[Bowgun],50,6,25,,
774,War Bowgun,10,[Bowgun],50,1,25,,
773,Axe Bowgun,10,[Bowgun],40,3,20,,
772,Hunter Bowgun,10,[Bowgun],30,2,15,,
771,Short Musket,10,[Bowgun],-1,0,-1,,
770,Iron Barrel,10,[Bowgun],20,3,10,,
769,Sword Bowgun,10,[Bowgun],10,2,5,,
768,Bowgun,10,[Bowgun],1,2,2,,
767,Stone Bow,9,[Bow],-1,0,-1,,
766,Gear Bow,9,[Bow],1,3,2,,
765,Forest Wolf Bow,9,[Bow],35,1,17,,
764,Iron Exoskeleton Bow,9,[Bow],55,1,27,,
763,Metal Horn Bow,9,[Bow],40,3,20,,
762,Iron Bow,9,[Bow],30,3,15,,
761,Long Bow,9,[Bow],20,2,10,,
760,Hard Wood Bow,9,[Bow],10,2,5,,
759,Bow,9,[Bow],1,2,2,,
758,Stubborn Hammer,5,[2 Handed Sword],-1,0,-1,,
757,Iron Exoskeleton Sword,5,[2 Handed Sword],55,1,27,,
756,Bone Blade,5,[2 Handed Sword],40,1,20,,
755,Volcanic Sword,5,[2 Handed Sword],40,1,20,,
754,Longblade,5,[2 Handed Sword],30,3,15,,
753,Great Sword,5,[2 Handed Sword],20,3,10,,
752,Heavy Blade,5,[2 Handed Sword],10,3,5,,
751,Iron Blade,5,[2 Handed Sword],1,3,2,,
750,Accordion-fold Sword,4,[1 Handed Sword],-1,0,-1,,
749,Rapier,4,[1 Handed Sword],50,3,25,,
748,Adel Sword,4,[1 Handed Sword],40,3,20,,
747,Brutal Dragon Sword,4,[1 Handed Sword],35,1,17,,
746,Sabre,4,[1 Handed Sword],30,3,15,,
745,Gladius,4,[1 Handed Sword],20,3,10,,
744,Longsword,4,[1 Handed Sword],10,3,5,,
743,Shortsword,4,[1 Handed Sword],1,3,2,,
742,Chocolate Headband,6,[Additional],1,6,2,,
741,Chocolate Gifts,13,[Knuckles],1,6,2,,
740,Juno Shield,17,[Shield],1,6,2,,
739,Bow Thimble,18,[Special],-1,0,-1,,
738,Ring of Greed,18,[Special],-1,0,-1,,
737,Dexterity Talisman II,18,[Special],25,2,25,,
736,Speed Talisman II,18,[Special],25,2,25,,
735,Stamina Talisman II,18,[Special],25,2,25,,
734,Magic Talisman II,18,[Special],25,2,25,,
733,Muscle Talisman II,18,[Special],25,2,25,,
732,Magic Swordsman's Ring,18,[Special],-1,0,-1,,
731,Magician's Ring,18,[Special],-1,0,-1,,
730,Spy's Talisman,18,[Special],15,2,16,,
729,Knight's Talisman,18,[Special],15,2,16,,
728,Hard Arm Guard,18,[Special],-1,0,-1,,
727,Magician's Bangle,18,[Special],-1,0,-1,,
726,Warrior's Bangle,18,[Special],10,3,11,,
725,Dexterity Talisman,18,[Special],5,2,5,,
724,Speed Talisman,18,[Special],5,2,5,,
723,Stamina Talisman,18,[Special],5,2,5,,
722,Magic Talisman,18,[Special],5,2,5,,
721,Muscle Talisman,18,[Special],5,2,5,,
720,Cat-Ear Hood,6,[Additional],12,4,25,,
719,Oracle Hat,6,[Additional],-1,0,-1,,
718,Needle Helmet,6,[Additional],22,3,11,,
717,Fighter Chignon Cap,6,[Additional],20,4,10,,
716,Nun Hat,6,[Additional],20,4,10,,
715,Stier,6,[Additional],22,3,11,,
714,Spiky Bandana,6,[Additional],20,4,10,,
713,Green Wyvern Cape,6,[Additional],-1,0,-1,,
712,Magic Scarf,6,[Additional],20,4,10,,
711,Circlet,6,[Additional],17,3,8,,
710,Fluffy Tail,6,[Additional],17,1,8,,
709,Forehead Protector,6,[Additional],17,4,8,,
708,Flower Headband,6,[Additional],15,5,7,,
707,Butterfly Ribbon,6,[Additional],15,4,7,,
706,Bonnet,6,[Additional],15,4,7,,
705,Sallet,6,[Additional],15,3,7,,
704,Dog Ears,6,[Additional],15,1,7,,
703,Brutal Dragon Cape,6,[Additional],17,4,8,,
702,Hood,6,[Additional],7,4,3,,
701,Forest Wolf Cape,6,[Additional],-1,0,-1,,
700,Iron Helm,6,[Additional],-1,0,-1,,
699,Bandana,6,[Additional],12,4,6,,
698,Hunter's Cap,6,[Additional],-1,0,-1,,
697,Leather Cap,6,[Additional],10,4,5,,
696,Headband,6,[Additional],10,4,5,,
695,Market Hat,6,[Additional],10,4,5,,
694,Hair Band,6,[Additional],7,4,3,,
693,Dawn Hat,6,[Additional],7,4,3,,
692,Feather,6,[Additional],7,1,3,,
691,Scholar's Glasses,6,[Additional],7,3,3,,
690,Belt Pouch,6,[Additional],7,4,3,,
689,Warrior Helm,6,[Additional],7,3,3,,
688,Mage Hat,6,[Additional],7,4,3,,
687,Colon Met,6,[Additional],7,2,3,,
686,Pointed Hat,6,[Additional],2,4,2,,
685,Hachimaki,6,[Additional],2,4,2,,
684,Hachigane,6,[Additional],2,3,2,,
683,Scarf,6,[Additional],2,4,2,,
682,Ribbon,6,[Additional],2,4,2,,
681,Magic Crystal Armor,8,[Armor],30,6,15,,
680,Forest Wolf Garb,8,[Armor],25,4,13,,
679,Oracle Robe,8,[Armor],55,4,27,,
678,Scale Armor,8,[Armor],50,1,25,,
677,Ooze Armor,8,[Armor],50,3,25,,
676,Aqua Garb,8,[Armor],45,6,22,,
675,Green Dragon Garb,8,[Armor],40,4,20,,
674,Plate Armor,8,[Armor],35,3,17,,
673,Fightwear,8,[Armor],30,4,15,,
672,Brutal Dragon Armor,8,[Armor],35,1,17,,
671,Straye Garb,8,[Armor],-1,0,-1,,
670,Hunter's Garb,8,[Armor],20,1,10,,
669,Mage Robe,8,[Armor],15,4,7,,
668,Warrior Mail,8,[Armor],15,3,7,,
667,Leather Armor,8,[Armor],-1,0,-1,,
666,Adventurer's Garb,8,[Armor],1,4,1,,
665,Fire Arrow,7,[Arrow],1,6,2,,
664,Ice Arrow,7,[Arrow],40,6,20,,
663,Tempest Arrow,7,[Arrow],35,2,17,,
662,Hunter's Arrow,7,[Arrow],30,2,15,,
661,Wind Slash Arrow,7,[Arrow],-1,0,-1,,
660,Hardwood Arrow,7,[Arrow],10,2,5,,
659,Wooden Arrow,7,[Arrow],-1,0,-1,,
658,Army Knife,11,[Dagger],-1,0,-1,,
657,Bush Knife,11,[Dagger],-1,0,-1,,
656,Parrying Dagger,11,[Dagger],-1,0,-1,,
655,Magic Dagger,11,[Dagger],30,6,15,,
654,Heavy Knife,11,[Dagger],-1,0,-1,,
653,Dagger,11,[Dagger],-1,0,-1,,
652,Power Knife,11,[Dagger],-1,0,-1,,
651,Caravan Dagger,11,[Dagger],-1,0,-1,,
650,Ooze Shield,17,[Shield],45,3,22,,
649,Hard Buckler,17,[Shield],40,2,20,,
648,Iron Shield,17,[Shield],30,3,15,,
647,Kite Shield,17,[Shield],20,2,10,,
646,Light Shield,17,[Shield],10,3,5,,
645,Buckler,17,[Shield],1,2,2,,
644,Cat Paws,13,[Knuckles],-1,0,-1,,
643,Hard Knuckles,13,[Knuckles],50,3,25,,
642,Santa Suit,8,[Armor],1,6,10,,
641,Ancient Empress,23,[Additional Crysta],1,6,2,,
640,Empress Soul,15,[Magic Device],65,6,32,,
639,Empress Bowgun,10,[Bowgun],65,3,32,,
638,Empress Hair Accessory,14,[Material],15,6,4,,
637,Empress Aura,14,[Material],11,6,3,,
636,Empress Medal,14,[Material],7,3,7,,
635,Strange Shining Powder,14,[Material],6,5,6,,
633,Nightmare Crystal,14,[Material],8,6,2,,
632,Caspy,20,[Normal Crysta],1,6,2,,
630,Fairy Peace,15,[Magic Device],50,6,25,,
628,Sheeting Fabric,14,[Material],6,4,7,,
627,Spiritual Gem,14,[Material],8,6,2,,
626,Black Gelatin,1,[Usable],7,5,8,,
625,Black Liquid Ink,14,[Material],4,5,4,,
624,High-Purity Oil,14,[Material],8,5,9,,
623,Knight Helmet,6,[Additional],22,3,11,,
622,Dark Gray Metal Plate,14,[Material],6,3,6,,
621,Dragon Bone,14,[Material],4,1,4,,
620,Ancient Empress's Tomb,1,[Usable],1,6,1,,
619,Aromatic Bangle,18,[Special],22,2,11,,
618,Spider Silk,14,[Material],5,4,6,,
617,Pomum Hard Leaf,14,[Material],3,5,3,,
616,Poisonous-looking Nut,1,[Usable],7,5,8,,
615,High-Quality Wood Arrow,7,[Arrow],40,2,20,,
614,Tree Dragon Branch,14,[Material],3,2,4,,
613,Tree Dragon Bark,14,[Material],5,2,6,,
612,Feather Hat,6,[Additional],20,4,10,,
611,Flaxen Mane,14,[Material],3,4,3,,
610,Tough Huge Horn,14,[Material],5,1,6,,
609,Big Nose,14,[Material],7,1,7,,
608,Proof of Unity,1,[Usable],100,0,0,,
607,Stardust Magic Potion,1,[Usable],4,5,5,,
606,Mega Speed Potion,1,[Usable],3,5,4,,
605,Speed Potion,1,[Usable],2,5,3,,
604,Black Mist Candy,1,[Usable],-1,-1,-1,,
603,Overheat Potion,1,[Usable],3,5,4,,
602,Guard Potion,1,[Usable],-1,-1,-1,,
601,Butterfly Float,1,[Usable],-1,-1,-1,,
600,Magic Fragrant Wood,1,[Usable],4,5,5,,
599,Fairy Eye Drop,1,[Usable],-1,-1,-1,,
598,Grape Chewing Gum,1,[Usable],-1,-1,-1,,
597,Muscle Mushroom,1,[Usable],-1,-1,-1,,
596,Accuracy Potion,1,[Usable],-1,-1,-1,,
595,Vita Plus II,1,[Usable],3,5,4,,
594,Vita Plus I,1,[Usable],2,5,2,,
593,Vaccine II,1,[Usable],-1,-1,-1,,
592,Vaccine I,1,[Usable],1,5,1,,
591,Special Magiadd,1,[Usable],0,0,0,,
590,Roast Chicken,1,[Usable],0,0,0,,
589,Revita III,1,[Usable],4,5,3,,
588,Revita II,1,[Usable],2,5,2,,
587,Regera II,1,[Usable],7,5,2,,
586,Practice Revita,1,[Usable],1,0,0,,
585,Magiadd II,1,[Usable],-1,-1,-1,,
584,Ice Cream Cake,1,[Usable],0,0,0,,
583,Fruit Cake,1,[Usable],0,0,0,,
582,Cheese Cake,1,[Usable],0,0,0,,
581,Chocolate Cake,1,[Usable],0,0,0,,
580,Chicken Salad,1,[Usable],-1,-1,-1,,
579,Wind Staff,19,[Staff],10,2,5,,
578,White Silver Necklace,6,[Additional],20,3,10,,
577,Whirlwind,15,[Magic Device],30,6,15,,
576,Water Staff,19,[Staff],30,2,15,,
575,Warrior's Bangle,18,[Special],10,3,11,,
574,Warrior Mail,8,[Armor],15,3,7,,
573,Warrior Helm,6,[Additional],7,3,3,,
572,War Helmet,6,[Additional],25,1,12,,
571,War Bowgun,10,[Bowgun],50,1,25,,
570,Volcanic Sword,5,[2 Handed Sword],40,1,20,,
569,Volcanic Claws,13,[Knuckles],40,1,20,,
568,Vita Cores,15,[Magic Device],50,6,25,,
567,Vampire Cape,6,[Additional],20,1,10,,
566,Twin Ribbon,6,[Additional],5,4,2,,
565,Tomahawk,4,[1 Handed Sword],1,3,2,,
564,Thorny Twig,11,[Dagger],25,2,12,,
563,Tempest Arrow,7,[Arrow],35,2,17,,
562,Sword of Sin,4,[1 Handed Sword],55,3,27,,
561,Sword Bowgun,10,[Bowgun],10,2,5,,
560,Storm Dagger,11,[Dagger],35,3,17,,
559,Stier,6,[Additional],22,3,11,,
558,Stier,6,[Additional],22,3,11,,
557,Spy's Talisman,18,[Special],15,2,16,,
556,Spiky Bandana,6,[Additional],20,4,10,,
555,Soda Potum Hat,6,[Additional],25,4,12,,
554,Shortsword,4,[1 Handed Sword],1,3,2,,
553,Shell Shield,17,[Shield],35,1,17,,
552,Scholar's Glasses,6,[Additional],7,3,3,,
551,Scholar's Glasses,6,[Additional],7,3,3,,
550,Scarf,6,[Additional],2,4,2,,
549,Scale Armor,8,[Armor],50,1,25,,
548,Sand Veil Ring,18,[Special],22,3,11,,
547,Sallet,6,[Additional],15,3,7,,
546,Sabre,4,[1 Handed Sword],30,3,15,,
545,Rod,19,[Staff],1,2,2,,
544,Rock Staff,19,[Staff],40,2,20,,
543,Ribbon,6,[Additional],2,4,2,,
542,Relief Shield,17,[Shield],55,3,27,,
541,Relic Sword,4,[1 Handed Sword],40,3,20,,
540,Relic Shield,17,[Shield],40,3,20,,
539,Pointed Hat,6,[Additional],2,4,2,,
538,Plate Armor,8,[Armor],35,3,17,,
537,Ooze Staff,19,[Staff],45,3,22,,
536,Ooze Shield,17,[Shield],45,3,22,,
535,Ooze Helmet,6,[Additional],22,3,11,,
534,Ooze Armor,8,[Armor],50,3,25,,
533,Old Cloak,6,[Additional],2,4,2,,
532,Old Cloak,6,[Additional],2,4,2,,
531,Nun Hat,6,[Additional],20,4,10,,
530,Needle Helmet,6,[Additional],22,3,11,,
529,Mushroom Arrow,7,[Arrow],10,5,2,,
528,Morning Star,19,[Staff],1,3,2,,
527,Mole Eyes,6,[Additional],25,6,12,,
526,Mochelo Hat,6,[Additional],20,4,10,,
525,Mistletoe Talisman,18,[Special],17,2,17,,
524,Mirror Shield,17,[Shield],40,6,20,,
523,Minotaur Staff,19,[Staff],30,1,15,,
522,Minotaur Knuckles,13,[Knuckles],30,1,15,,
521,Metal Wings,15,[Magic Device],40,6,20,,
520,Metal Horn Bow,9,[Bow],40,3,20,,
519,Market Hat,6,[Additional],10,4,5,,
518,Magic Scarf,6,[Additional],20,4,10,,
517,Magic Feather,15,[Magic Device],10,6,5,,
516,Magic Crystal Armor,8,[Armor],30,6,15,,
515,Magic Bowgun,10,[Bowgun],50,6,25,,
514,Mage Rod,19,[Staff],20,3,10,,
513,Mage Robe,8,[Armor],15,4,7,,
512,Mage Hat,6,[Additional],7,4,3,,
511,Mace of Destruction,19,[Staff],60,3,30,,
510,Longblade,5,[2 Handed Sword],30,3,15,,
509,Long Bow,9,[Bow],20,2,10,,
508,Light Shield,17,[Shield],10,3,5,,
507,Leather Cap,6,[Additional],10,4,5,,
506,Leaf Cape,6,[Additional],17,5,8,,
505,Large Ribbon,6,[Additional],5,4,2,,
504,Knuckles,13,[Knuckles],1,3,2,,
503,Knuckle Duster,13,[Knuckles],20,3,10,,
502,Kite Shield,17,[Shield],20,2,10,,
501,Killer Coat,8,[Armor],60,4,30,,
500,Jamadhar,13,[Knuckles],40,3,20,,
499,Iron Shield,17,[Shield],30,3,15,,
498,Iron Knuckles,13,[Knuckles],10,3,5,,
497,Iron Exoskeleton Sword,5,[2 Handed Sword],55,1,27,,
496,Iron Exoskeleton Bow,9,[Bow],55,1,27,,
495,Iron Bow,9,[Bow],30,3,15,,
494,Iron Barrel,10,[Bowgun],20,3,10,,
493,Irogeon,15,[Magic Device],20,6,10,,
492,Hunter's Quiver,6,[Additional],15,2,7,,
491,Hunter's Arrow,7,[Arrow],30,2,15,,
490,Hunter Bowgun,10,[Bowgun],30,2,15,,
489,Huge Heavy Shield,17,[Shield],10,3,5,,
488,Horns,6,[Additional],12,1,6,,
487,Hood,6,[Additional],7,4,3,,
486,Heavy Blade,5,[2 Handed Sword],10,3,5,,
485,Headband,6,[Additional],10,4,5,,
484,Hard Wood Bow,9,[Bow],10,2,5,,
483,Hard Buckler,17,[Shield],40,2,20,,
482,Hair Band,6,[Additional],7,4,3,,
481,Hair Band,6,[Additional],7,4,3,,
480,Hachimaki,6,[Additional],2,4,2,,
479,Hachigane,6,[Additional],2,3,2,,
478,Green Dragon Garb,8,[Armor],40,4,20,,
477,Great Sword,5,[2 Handed Sword],20,3,10,,
476,Golemet,6,[Additional],7,3,3,,
475,Golem Arm,13,[Knuckles],40,3,20,,
474,Gladius,4,[1 Handed Sword],20,3,10,,
473,Gas Mask,6,[Additional],25,3,11,,
472,Forest Wolf Garb,8,[Armor],25,4,13,,
471,Forest Wolf Bow,9,[Bow],35,1,17,,
470,Forehead Protector,6,[Additional],17,4,8,,
469,Flower Headband,6,[Additional],15,5,7,,
468,Flower Headband,6,[Additional],15,5,7,,
467,Fightwear,8,[Armor],30,4,15,,
466,Fighter Chignon Cap,6,[Additional],20,4,10,,
465,Feather Cape,6,[Additional],35,4,17,,
464,Feather,6,[Additional],7,1,3,,
463,Drills,13,[Knuckles],1,3,2,,
462,Dog Ears,6,[Additional],15,1,7,,
461,Dawn Hat,6,[Additional],7,4,3,,
460,Dawn Hat,6,[Additional],7,4,3,,
459,Crystal Wing,15,[Magic Device],40,6,20,,
458,Crystal Earrings,6,[Additional],12,3,6,,
457,Crystal Earrings,6,[Additional],12,3,6,,
456,Colon Met,6,[Additional],7,2,3,,
455,Colon Met,6,[Additional],7,2,3,,
454,Claws,13,[Knuckles],30,3,15,,
453,Circlet,6,[Additional],17,3,8,,
452,Cape,6,[Additional],5,4,2,,
451,Butterfly Ribbon,6,[Additional],15,4,7,,
450,Buckler,17,[Shield],1,2,2,,
449,Brutal Dragon Sword,4,[1 Handed Sword],35,1,17,,
448,Brutal Dragon Crown,6,[Additional],17,1,8,,
447,Brutal Dragon Armor,8,[Armor],35,1,17,,
446,Bow,9,[Bow],1,2,2,,
445,Boss Gob Sword,5,[2 Handed Sword],35,3,17,,
444,Bonnet,6,[Additional],15,4,7,,
443,Bone Blade,5,[2 Handed Sword],40,1,20,,
442,Belt Pouch,6,[Additional],7,4,3,,
441,Bandana,6,[Additional],12,4,6,,
440,Axe Bowgun,10,[Bowgun],40,3,20,,
439,Aqua Garb,8,[Armor],45,6,22,,
438,Alto Ruin Bow,9,[Bow],10,3,5,,
437,Adventurer's Hat,6,[Additional],5,4,2,,
436,Adventurer's Garb,8,[Armor],1,4,1,,
435,Adel Sword,4,[1 Handed Sword],40,3,20,,
434,Evade Gem,12,[Gem],1,0,0,,
433,Guard Gem,12,[Gem],1,0,0,,
432,Mana Gem,12,[Gem],1,0,0,,
431,Dex Gem,12,[Gem],1,0,0,,
430,Agile Gem,12,[Gem],1,0,0,,
429,Vital Gem,12,[Gem],1,0,0,,
428,Intellectual Gem,12,[Gem],1,0,0,,
427,Strength Gem,12,[Gem],1,0,0,,
426,Normal Gem,12,[Gem],1,0,0,,
425,Traveler's Gem,12,[Gem],1,0,0,,
424,York's Book,1,[Usable],0,0,0,,
423,Mirror of Reflection,1,[Usable],0,0,0,,
422,Hidden Training Book,1,[Usable],0,0,0,,
421,Lilulu's Book,1,[Usable],0,0,0,,
420,Mondan's Book,1,[Usable],0,0,0,,
419,Extraction Crysta,1,[Usable],0,0,0,,
418,Reset Book,1,[Usable],0,0,0,,
417,Tenert's Book IV,1,[Usable],0,0,0,,
416,Virgo's Book IV,1,[Usable],0,0,0,,
415,Libera's Book IV,1,[Usable],0,0,0,,
414,Tenert's Book III,1,[Usable],0,0,0,,
413,Virgo's Book III,1,[Usable],0,0,0,,
412,Libera's Book III,1,[Usable],0,0,0,,
411,Tenert's Book II,1,[Usable],0,0,0,,
410,Virgo's Book II,1,[Usable],0,0,0,,
409,Libera's Book II,1,[Usable],0,0,0,,
408,Pino's Book,1,[Usable],0,0,0,,
407,Pelulu's Book,1,[Usable],0,0,0,,
406,Triel's Book,1,[Usable],0,0,0,,
405,Sololo's Book,1,[Usable],0,0,0,,
404,Yarn's Book,1,[Usable],0,0,0,,
403,Piercer [Knuckle],3,[Piercer],0,0,0,,
402,Piercer [Magic Device],3,[Piercer],0,0,0,,
401,Piercer [Staff],3,[Piercer],0,0,0,,
400,Piercer [Bowgun],3,[Piercer],0,0,0,,
399,Piercer [Bow],3,[Piercer],0,0,0,,
398,Piercer [THS],3,[Piercer],0,0,0,,
397,Piercer [OHS],3,[Piercer],0,0,0,,
396,Orb Shard x 100,1,[Usable],0,0,0,,
395,Evade Gem +,12,[Gem],0,0,0,,
394,Guard Gem +,12,[Gem],0,0,0,,
393,Mana Gem +,12,[Gem],0,0,0,,
392,Dex Gem +,12,[Gem],0,0,0,,
391,Agile Gem +,12,[Gem],0,0,0,,
390,Intellectual Gem +,12,[Gem],0,0,0,,
389,Strength Gem +,12,[Gem],0,0,0,,
388,Balft's Book,1,[Usable],0,0,0,,
387,Tenart's Book,1,[Usable],0,0,0,,
386,Virgo's Book,1,[Usable],0,0,0,,
385,Libera's Book,1,[Usable],0,0,0,,
384,Book of Oblivion,1,[Usable],0,0,0,,
383,Notebook of Oblivion,1,[Usable],0,0,0,,
382,Revive Droplet,1,[Usable],0,0,0,,
381,Mana Potion,1,[Usable],0,0,0,,
380,Life Potion,1,[Usable],0,0,0,,
379,Secret Training Book,1,[Usable],0,0,0,,
378,Training Book,1,[Usable],0,0,0,,
377,Training Scroll,1,[Usable],0,0,0,,
376,Tattered Catalog,14,[Material],1,0,0,,
374,Colored Shard,14,[Material],1,6,1,,
373,Light Shard,14,[Material],1,6,1,,
372,Ceramic Arrow,7,[Arrow],25,3,12,,
371,Ultimate Gem,12,[Gem],1,0,0,,
370,Mining Bag,6,[Additional],0,0,0,,
368,Legendary Gem,12,[Gem],0,0,0,,
367,Super Rare Drop Gem,12,[Gem],0,0,0,,
366,Refinement Powder,2,[Refinement Support],0,0,0,,
365,Rare Drop Gem,12,[Gem],0,0,0,,
364,Anti-Degradation,2,[Refinement Support],1,0,0,,
363,Resurrection Gem,12,[Gem],0,0,0,,
362,Master Smith's Hammer,2,[Refinement Support],0,0,0,,
361,Neo Smith's Hammer,2,[Refinement Support],0,0,0,,
360,Infinity Gem,12,[Gem],0,0,0,,
359,Smith's Hammer,2,[Refinement Support],1,0,0,,
358,Refinement Ticket (900%),2,[Refinement Support],0,0,0,,
357,Refinement Ticket (800%),2,[Refinement Support],0,0,0,,
356,Refinement Ticket (300%),2,[Refinement Support],0,0,0,,
355,Refinement Ticket (700%),2,[Refinement Support],0,0,0,,
354,Refinement Ticket (200%),2,[Refinement Support],0,0,0,,
353,Refinement Ticket (600%),2,[Refinement Support],0,0,0,,
352,Insurance Ticket (100%),2,[Refinement Support],0,0,0,,
351,Refinement Ticket (500%),2,[Refinement Support],0,0,0,,
349,Refinement Ticket (400%),2,[Refinement Support],0,0,0,,
347,Ship Cap,6,[Additional],-1,-1,-1,,
343,Oni Iron Club,5,[2 Handed Sword],1,3,2,,
342,High-Purity Orichalcum,16,[Ore],800,3,39,,
341,Blue Oni Potum Mask,6,[Additional],1,6,10,,
340,High-Purity Mithril,16,[Ore],400,3,24,,
339,Red Oni Potum Mask,6,[Additional],1,6,10,,
338,High-Purity Damascus,16,[Ore],200,3,13,,
337,High-Purity Iron,16,[Ore],100,3,6,,
336,Chicken Sword,4,[1 Handed Sword],1,6,2,,
335,Orichalcum,16,[Ore],160,3,31,,
334,Cake Shield,17,[Shield],1,6,2,,
333,Santa Hat,6,[Additional],-1,0,-1,,
332,Mithril,16,[Ore],80,3,18,,
331,Damascus Steel,16,[Ore],40,3,9,,
330,Warmonger,23,[Additional Crysta],1,6,2,,
329,VIT+2,20,[Normal Crysta],1,6,2,,
328,Tortuga,22,[Armor Crysta],1,6,2,,
327,STR+2,20,[Normal Crysta],1,6,2,,
326,STR+1,20,[Normal Crysta],1,6,2,,
325,Stone Mercenary,24,[Special Crysta],1,6,2,,
324,Silver Roar,20,[Normal Crysta],1,6,2,,
323,Sashimi Plate,1,[Usable],1,0,0,,
322,Zono's Short Bow,9,[Bow],35,2,17,,
321,Seltirios,23,[Additional Crysta],1,6,2,,
320,Hardwood Arrow,7,[Arrow],10,2,5,,
319,Ruin Golem,20,[Normal Crysta],1,6,2,,
318,Ooze,24,[Special Crysta],1,6,2,,
317,MP+50,20,[Normal Crysta],1,6,2,,
316,MP+100,20,[Normal Crysta],1,6,2,,
315,Moonlight Potum,21,[Weapon Crysta],1,6,2,,
314,Mochelo,20,[Normal Crysta],1,6,2,,
313,Miracle Potum,21,[Weapon Crysta],1,6,2,,
312,Minotaur,20,[Normal Crysta],1,6,2,,
311,Mauez,20,[Normal Crysta],1,6,2,,
310,King Potum,20,[Normal Crysta],1,6,2,,
309,INT+1,20,[Normal Crysta],1,6,2,,
308,HP+100,20,[Normal Crysta],1,6,2,,
307,Golden Skeleton,23,[Additional Crysta],1,6,2,,
306,Gigant Knight,20,[Normal Crysta],1,6,2,,
305,Giant Boar,23,[Additional Crysta],1,6,2,,
304,Gespenst,20,[Normal Crysta],1,6,2,,
303,Ganglef,21,[Weapon Crysta],1,6,2,,
302,Forestia,22,[Armor Crysta],1,6,2,,
301,Forest Wolf,20,[Normal Crysta],1,6,2,,
300,Flare Volg,20,[Normal Crysta],1,6,2,,
299,Excavated Golem,21,[Weapon Crysta],1,6,2,,
298,Dodge+4,20,[Normal Crysta],1,6,2,,
297,Eerie Crystal,24,[Special Crysta],1,6,2,,
296,Dodge+2,20,[Normal Crysta],1,6,2,,
295,DEX+2,20,[Normal Crysta],1,6,2,,
294,DEX+1,20,[Normal Crysta],1,6,2,,
293,Demon's Gate,21,[Weapon Crysta],1,6,2,,
292,Dark Mushroom,24,[Special Crysta],1,6,2,,
291,CSPD+40,20,[Normal Crysta],1,6,2,,
290,CSPD+20,20,[Normal Crysta],1,6,2,,
289,Critical Rate+2,20,[Normal Crysta],1,6,2,,
288,Critical Rate+1,20,[Normal Crysta],1,6,2,,
287,Crimsosch,20,[Normal Crysta],1,6,2,,
286,Colon Commander,22,[Armor Crysta],1,6,2,,
285,Brutal Dragon Decel,20,[Normal Crysta],1,6,2,,
284,Boss Roga,22,[Armor Crysta],1,6,2,,
283,Boss Goblin,20,[Normal Crysta],1,6,2,,
282,Boss Colon,20,[Normal Crysta],1,6,2,,
281,Big Coryn,20,[Normal Crysta],1,6,2,,
280,Astol,20,[Normal Crysta],1,6,2,,
279,ASPD+40,20,[Normal Crysta],1,6,2,,
278,ASPD+20,20,[Normal Crysta],1,6,2,,
277,Arcoiris,22,[Armor Crysta],1,6,2,,
276,AGI+2,20,[Normal Crysta],1,6,2,,
275,AGI+1,20,[Normal Crysta],1,6,2,,
274,Accuracy+2,20,[Normal Crysta],1,6,2,,
273,Unripe Nut,1,[Usable],5,5,4,,
272,Tough Meat,1,[Usable],3,5,3,,
271,Tough Crab Meat,1,[Usable],10,5,11,,
270,Sweet Apple,1,[Usable],12,5,11,,
269,Sour Nut,1,[Usable],5,5,5,,
268,Sofya City,1,[Usable],1,6,1,,
267,Soda Water,1,[Usable],8,5,9,,
266,Save Point,1,[Usable],1,0,0,,
265,Sashimi,1,[Usable],7,5,6,,
264,Sand Mole Meat,1,[Usable],2,5,2,,
263,Rugio Ruins,1,[Usable],1,6,1,,
262,Roasted Fruit,1,[Usable],5,5,5,,
261,Rich Crab Butter,1,[Usable],15,6,4,,
260,Revita I,1,[Usable],1,5,1,,
259,Regera I,1,[Usable],5,5,1,,
258,Pale Gelatin,1,[Usable],6,5,7,,
257,Onigiri,1,[Usable],7,5,6,,
256,Nut,1,[Usable],5,5,6,,
255,Mushroom,1,[Usable],7,5,8,,
254,Magiadd I,1,[Usable],3,5,2,,
253,Lamb Meat,1,[Usable],3,5,3,,
252,Hard Apple,1,[Usable],3,5,4,,
251,Egg,1,[Usable],7,5,7,,
250,Chicken Meat,1,[Usable],5,5,5,,
249,Carrot,1,[Usable],7,5,7,,
248,Bear Meat,1,[Usable],-1,-1,-1,,
247,Bitter Nut,1,[Usable],6,5,5,,
246,Bitter Medicine,1,[Usable],8,5,8,,
245,Apple,1,[Usable],6,5,5,,
244,Iron,16,[Ore],20,3,4,,
243,Hematite,16,[Ore],2,3,3,,
242,Damascus Ore,16,[Ore],4,3,5,,
241,Zoktzda Stone,14,[Material],5,3,4,,
240,Young Branch,14,[Material],4,2,5,,
239,Wooden Mustache,14,[Material],6,2,7,,
238,Woodchip,14,[Material],1,2,2,,
237,Wood Stick,14,[Material],2,2,3,,
236,Wolf Fur,14,[Material],1,4,2,,
235,Wind Slash Feather,14,[Material],5,1,7,,
234,White Fur,14,[Material],4,4,5,,
233,Wet Wood,14,[Material],7,2,8,,
232,Wandering Spirit,14,[Material],7,6,2,,
231,Vine,14,[Material],3,2,4,,
230,Twisted Horn,14,[Material],5,1,6,,
229,Twinkle Stone,14,[Material],4,3,5,,
228,Turtle Shell,14,[Material],4,1,5,,
227,Turbid Crystal,14,[Material],5,6,1,,
226,Tree Root,14,[Material],1,2,2,,
225,Torn Rope,14,[Material],3,4,2,,
224,Torn Page,14,[Material],3,5,3,,
223,Torn Jute Sack,14,[Material],1,4,2,,
222,Torn Cloth,14,[Material],4,4,4,,
221,Torn Big Sack,14,[Material],5,4,6,,
220,Torn Belt,14,[Material],8,3,8,,
219,Thick Green Scale,14,[Material],7,1,7,,
218,Thick Frog Skin,14,[Material],1,4,2,,
217,Thick Black Cloth,14,[Material],4,4,5,,
216,Thick Beak,14,[Material],3,1,4,,
215,Swordsman Stone Coin,14,[Material],4,3,4,,
214,Sweet-smelling Wood,14,[Material],5,2,6,,
213,Sturdy Fur,14,[Material],4,4,5,,
212,Strong Vine,14,[Material],6,2,6,,
211,Stone Shard,14,[Material],3,3,3,,
210,Stone Claw,14,[Material],5,1,5,,
209,Stone Blade,14,[Material],6,3,7,,
208,Sticky Liquid,14,[Material],1,5,2,,
207,Steel Seed Coat,14,[Material],10,2,11,,
206,Split Wooden Helm,14,[Material],3,2,4,,
205,Spider Thread,14,[Material],3,4,3,,
204,Soft Leaf,14,[Material],3,5,3,,
203,Soft Hair,14,[Material],5,1,5,,
202,Soft Fur,14,[Material],1,4,2,,
201,Small Wood,14,[Material],3,2,3,,
200,Small Tinder,14,[Material],1,5,1,,
199,Small Mane,14,[Material],5,1,5,,
198,Small Hilt,14,[Material],3,2,3,,
197,Small Gloves,14,[Material],1,4,2,,
196,Small Article,14,[Material],6,3,5,,
195,Slimy Skin,14,[Material],1,4,2,,
194,Slimmy Skin,14,[Material],1,4,2,,
193,Slender Branch,14,[Material],5,2,5,,
192,Skeleton Bone,14,[Material],3,1,3,,
191,Short Nail,14,[Material],5,1,6,,
190,Sharp Rock Fragment,14,[Material],3,3,3,,
189,Sharp Fang,14,[Material],3,1,3,,
188,Scythe Blade,14,[Material],12,3,12,,
187,Saw-toothed Edge,14,[Material],6,3,6,,
186,Sand Mole Skin,14,[Material],4,4,5,,
185,Sand Frog Skin,14,[Material],4,4,4,,
184,Sand Crystal,14,[Material],8,6,2,,
183,Saham Crystal,14,[Material],6,3,7,,
182,Runestone,14,[Material],14,6,3,,
181,Ribisco Crystal,14,[Material],7,3,8,,
180,Resilient Jelly,1,[Usable],5,5,5,,
179,Lizard Skin,14,[Material],6,4,8,,
178,Reptile Bone,14,[Material],5,1,6,,
177,Remnant of Ghost,14,[Material],5,6,1,,
176,Relic Scrap,14,[Material],3,3,3,,
175,Red Petal,14,[Material],1,5,2,,
174,Red Gelatin,1,[Usable],5,5,4,,
173,Red Crystal Stone Fragment,14,[Material],8,6,2,,
172,Ravine Dew,14,[Material],8,5,9,,
171,Rat Tooth,14,[Material],4,1,4,,
170,Rat Hair,14,[Material],1,1,2,,
169,Rat Fur,14,[Material],6,4,6,,
168,Rainwater,14,[Material],6,5,7,,
167,Rainbow Stone,14,[Material],14,6,3,,
166,Rainbow Feather,14,[Material],16,1,17,,
165,Purple Gelatin,1,[Usable],3,5,4,,
164,Potum Nail,14,[Material],1,1,2,,
163,Potum Fin,14,[Material],6,4,7,,
162,Pomum Leaf,14,[Material],1,5,3,,
161,Poisonous Mushroom,1,[Usable],3,5,3,,
160,Poison Essence,14,[Material],5,5,5,,
159,Plant Skin,14,[Material],2,4,2,,
158,Petal,14,[Material],1,5,2,,
157,Pebble,14,[Material],1,3,2,,
156,Pale Gemstone,14,[Material],7,6,2,,
155,Ore from Another World,14,[Material],15,6,4,,
154,Orange Crystal Fragment,14,[Material],3,3,3,,
153,Ominous Horns,14,[Material],12,1,11,,
152,Old Metal,14,[Material],11,3,10,,
151,Nisel Wood,14,[Material],4,2,4,,
150,Nicked Blade,14,[Material],2,3,2,,
149,New Moon Stone,14,[Material],8,6,2,,
148,Nail of Demon's gate,14,[Material],15,6,4,,
147,Mushroom Spore,14,[Material],1,5,2,,
146,Moving Stone,14,[Material],4,3,5,,
145,Moss Stone,14,[Material],5,5,3,,
144,Moonlight Flower,14,[Material],16,6,4,,
142,Mochelo Pelt,14,[Material],10,4,10,,
141,Mochelo Fur,14,[Material],4,4,5,,
140,Mochelo Claw,14,[Material],8,1,9,,
139,Mint Gummy,1,[Usable],7,5,7,,
138,Minotaur Skin,14,[Material],9,4,10,,
137,Minotaur Horn,14,[Material],13,1,13,,
136,Minotaur Hoof,14,[Material],6,3,6,,
135,Mineral Scissor,14,[Material],14,3,15,,
134,Mauez's Broken Rod,14,[Material],10,2,12,,
133,Marionette String,14,[Material],8,4,8,,
132,Magic Marionette Heart,14,[Material],8,6,2,,
131,Magic Hammer,2,[Refinement Support],1,0,0,,
130,Magic Armor Fragment,14,[Material],6,3,7,,
129,Mage Stone Coin,14,[Material],4,3,4,,
128,Lutaros Stone,14,[Material],5,3,6,,
127,Luminous Magic Water,14,[Material],10,5,10,,
126,Luminescent Moss,14,[Material],5,5,6,,
125,Lotus Leaf,14,[Material],3,5,4,,
124,Lonogo Stone,14,[Material],6,3,6,,
123,Long Stone Stick,14,[Material],6,3,7,,
122,Long Beak,14,[Material],3,1,3,,
121,Living Liquid,14,[Material],5,5,5,,
120,Little Wyvern Wing,14,[Material],5,4,5,,
119,Little Wyvern Fang,14,[Material],3,1,3,,
118,Linen Cloth,14,[Material],4,4,5,,
117,Lava Fragment,14,[Material],3,3,3,,
116,Lava Crystal,14,[Material],7,6,1,,
115,Kijimu Splinter,14,[Material],3,2,4,,
114,Jagged Fang,14,[Material],3,1,4,,
113,Icule Water,1,[Usable],5,5,4,,
112,Huge Skull,14,[Material],15,1,16,,
111,Huge Leaf,14,[Material],3,5,4,,
110,Huge Iron Ball,14,[Material],8,3,9,,
109,High Quality Wool,14,[Material],6,4,7,,
108,High Quality Horn,14,[Material],6,1,6,,
107,Heaven Bird Tear,14,[Material],7,6,2,,
106,Heaven Bird Tail Feather,14,[Material],11,1,10,,
105,Heaven Bird Crest,14,[Material],13,1,13,,
104,Heaven Bird Claw,14,[Material],9,1,9,,
103,Heated Fang,14,[Material],7,1,8,,
102,Hard Stone,14,[Material],4,3,5,,
101,Hard Stem,14,[Material],5,2,6,,
100,Hard Fur,14,[Material],7,4,8,,
99,Hard Dragon Skin,14,[Material],3,4,3,,
98,Green Gelatin,1,[Usable],5,5,5,,
97,Green Dragon Fur,14,[Material],6,4,6,,
96,Green Dragon Claw,14,[Material],10,1,11,,
95,Gorgeous Fur,14,[Material],10,4,12,,
94,Golem's Fragment,14,[Material],3,3,3,,
93,Goddess Sculpture,14,[Material],11,3,12,,
92,Goblin Medal,14,[Material],5,3,5,,
91,Goblin Claw,14,[Material],6,1,7,,
90,Goat Skin,14,[Material],2,4,3,,
89,Gluey Skin,14,[Material],6,4,6,,
88,Glowing Dust,14,[Material],2,5,2,,
87,Frog Webbed Foot,14,[Material],6,1,6,,
86,Frog Skin,14,[Material],1,4,2,,
85,Four-leaf Clover,14,[Material],7,5,10,,
84,Forest Wolf Skin,14,[Material],5,4,6,,
83,Forest Wolf Horn,14,[Material],5,1,5,,
82,Forest Wolf Claw,14,[Material],3,1,3,,
81,Fluorescent Pond Water,14,[Material],7,5,5,,
80,Fluffy Fur,14,[Material],3,1,3,,
79,Fluffy Feather,14,[Material],3,4,3,,
78,Flower Nectar,1,[Usable],5,5,3,,
77,Flare Volg Horn,14,[Material],20,1,20,,
76,Flare Volg Claw,14,[Material],6,1,6,,
75,Flame Grass,1,[Usable],5,5,6,,
74,Fish Scale,14,[Material],3,1,3,,
73,Fire Resistant Fabric,14,[Material],5,4,6,,
72,Fire Feather,14,[Material],3,1,3,,
71,Fine Sand,14,[Material],8,3,8,,
70,Fiery Gemstone,14,[Material],14,6,3,,
69,Fatigued Blade,14,[Material],5,3,6,,
68,Fairy Nose,14,[Material],7,1,7,,
67,Fairy Feather,14,[Material],4,4,5,,
66,Evil Page,14,[Material],7,6,2,,
65,Emerald Stone,14,[Material],13,6,3,,
64,Eerie Stone,14,[Material],7,3,7,,
63,Dried Wood,14,[Material],4,2,4,,
62,Dirty Nail,14,[Material],5,3,6,,
61,Dirty Cloth,14,[Material],2,4,2,,
60,Dented Little Helmet,14,[Material],5,3,6,,
59,Dented Iron Plate,14,[Material],4,3,4,,
58,Dark Gray Claw,14,[Material],11,3,12,,
57,Damaged Parchment,14,[Material],5,4,5,,
56,Crystal of Flowing Water,14,[Material],1,6,2,,
55,Crustacean Steel,14,[Material],6,3,6,,
54,Crushed Woodchip,14,[Material],5,2,4,,
53,Crimson Claw,14,[Material],6,1,6,,
52,Cracked Stone,14,[Material],3,3,4,,
51,Cracked Stick,14,[Material],3,2,5,,
50,Cracked Helmet,14,[Material],7,3,7,,
49,Colon Skin,14,[Material],3,2,3,,
48,Colon Leaf,14,[Material],1,5,2,,
47,Coal,14,[Material],5,3,6,,
46,Clot of Black Mist,14,[Material],7,6,2,,
45,Clear Water,14,[Material],4,5,5,,
44,Claw-like Branch,14,[Material],3,2,3,,
43,Chaos Stone,14,[Material],7,3,6,,
42,Butterfly Wing,14,[Material],3,4,4,,
41,Butterfly Scale,14,[Material],1,5,2,,
40,Burnt Wood,14,[Material],3,2,2,,
39,Burnt Coal,14,[Material],7,5,7,,
38,Burning Liquid,14,[Material],3,2,4,,
37,Bundled Leaves,14,[Material],1,5,2,,
36,Brutal Dragon Tail,14,[Material],7,1,8,,
35,Brutal Dragon Skin,14,[Material],7,4,7,,
34,Brutal Dragon Horn,14,[Material],8,1,10,,
33,Brutal Dragon Claw,14,[Material],9,1,10,,
32,Broken Metal,14,[Material],5,3,4,,
31,Broken Magic Lantern,14,[Material],13,6,3,,
30,Broken Linen Thread,14,[Material],2,4,2,,
29,Broken Huge Mace,14,[Material],7,3,7,,
28,Broken Farm Tool,14,[Material],6,3,6,,
27,Broken Equipment,14,[Material],7,4,7,,
26,Broken Boss Gob Sword,14,[Material],8,3,8,,
25,Broadcloth,14,[Material],6,4,7,,
24,Breeze Crystal,14,[Material],7,6,2,,
23,Boss Roga's Belt,14,[Material],11,4,12,,
22,Boss Colon Skin,14,[Material],6,5,7,,
21,Blue Gelatin,1,[Usable],3,5,3,,
20,Blue Butterfly Wing,14,[Material],5,4,5,,
19,Blazing Crystal,14,[Material],8,6,2,,
18,Black Miasma,14,[Material],12,6,3,,
17,Black Fur,14,[Material],5,4,5,,
16,Black Crystal Fragment,14,[Material],4,3,5,,
15,Bird Wing,14,[Material],1,1,2,,
14,Big Mane,14,[Material],6,1,7,,
13,Beast Mane,14,[Material],6,1,7,,
12,Beast Claw,14,[Material],4,1,4,,
11,Bead Fragment,14,[Material],6,6,1,,
10,Bat Wing,14,[Material],1,4,2,,
9,Bat Claw,14,[Material],3,1,3,,
8,Aulada Stone,14,[Material],7,3,8,,
7,Athema Stone,14,[Material],3,3,4,,
6,Animal Skin,14,[Material],1,4,2,,
5,Animal Horn,14,[Material],3,1,3,,
4,Animal Claw,14,[Material],3,1,3,,
3,Ancient Stone Slab,14,[Material],9,3,9,,
2,Ancient Gold Coin,14,[Material],10,3,10,,
1,Ancient Coin,14,[Material],7,3,7,,
