map_id,map_name,monster_id,monster_name,level,type_label,mode
110,Wanderer's Plain,3525,Florashroom Petarie,310,Boss,Nightmare
110,Wanderer's Plain,3524,Florashroom Petarie,330,Boss,Ultimate
110,Wanderer's Plain,3523,Florashroom Petarie,310,Boss,Hard
110,Wanderer's Plain,3522,Florashroom Petarie,300,Boss,Hard
110,Wanderer's Plain,3521,Florashroom Petarie,290,Boss,Normal
698,Ocean Pantry: Deepest Part,3520,Aba,335,Boss,Ultimate
698,Ocean Pantry: Deepest Part,3519,Aba,315,Boss,Nightmare
698,Ocean Pantry: Deepest Part,3518,Aba,295,Boss,Normal
698,Ocean Pantry: Deepest Part,3517,Aba,305,Boss,Hard
698,Ocean Pantry: Deepest Part,3516,Aba,295,Normal,Normal
698,Ocean Pantry: Deepest Part,3515,Aba,285,Boss,Easy
404,High Difficulty Boss Battle Event Venue,3514,Merzehal,325,Boss,???
404,High Difficulty Boss Battle Event Venue,3513,Shawkal,345,Boss,???
696,Grieving Souls Collab Venue For Lv300-330,3512,Arnold (Collab Battle Lv330),370,Boss,Ultimate
696,Grieving Souls Collab Venue For Lv300-330,3511,Arnold (Collab Battle Lv330),350,Boss,Nightmare
696,Grieving Souls Collab Venue For Lv300-330,3510,Arnold (Collab Battle Lv330),340,Boss,Hard
696,Grieving Souls Collab Venue For Lv300-330,3509,Arnold (Collab Battle Lv330),330,Boss,Normal
696,Grieving Souls Collab Venue For Lv300-330,3508,Arnold (Collab Battle Lv300),340,Boss,Ultimate
696,Grieving Souls Collab Venue For Lv300-330,3507,Arnold (Collab Battle Lv300),320,Boss,Nightmare
696,Grieving Souls Collab Venue For Lv300-330,3506,Arnold (Collab Battle Lv300),310,Boss,Hard
696,Grieving Souls Collab Venue For Lv300-330,3505,Arnold (Collab Battle Lv300),300,Boss,Normal
695,Grieving Souls Collab Venue For Lv190-270,3504,Arnold (Collab Battle Lv270),310,Boss,Ultimate
695,Grieving Souls Collab Venue For Lv190-270,3503,Arnold (Collab Battle Lv270),290,Boss,Nightmare
695,Grieving Souls Collab Venue For Lv190-270,3502,Arnold (Collab Battle Lv270),280,Boss,Hard
695,Grieving Souls Collab Venue For Lv190-270,3501,Arnold (Collab Battle Lv270),270,Boss,Normal
695,Grieving Souls Collab Venue For Lv190-270,3500,Arnold (Collab Battle Lv240),280,Boss,Ultimate
695,Grieving Souls Collab Venue For Lv190-270,3499,Arnold (Collab Battle Lv240),260,Boss,Nightmare
695,Grieving Souls Collab Venue For Lv190-270,3498,Arnold (Collab Battle Lv240),250,Boss,Hard
695,Grieving Souls Collab Venue For Lv190-270,3497,Arnold (Collab Battle Lv240),240,Boss,Normal
695,Grieving Souls Collab Venue For Lv190-270,3496,Arnold (Collab Battle Lv190),230,Boss,Ultimate
695,Grieving Souls Collab Venue For Lv190-270,3495,Arnold (Collab Battle Lv190),210,Boss,Nightmare
695,Grieving Souls Collab Venue For Lv190-270,3494,Arnold (Collab Battle Lv190),200,Boss,Hard
695,Grieving Souls Collab Venue For Lv190-270,3493,Arnold (Collab Battle Lv190),190,Boss,Normal
694,Grieving Souls Collab Venue For Lv40-140,3492,Arnold (Collab Battle Lv140),180,Boss,Ultimate
694,Grieving Souls Collab Venue For Lv40-140,3491,Arnold (Collab Battle Lv140),160,Boss,Nightmare
694,Grieving Souls Collab Venue For Lv40-140,3490,Arnold (Collab Battle Lv140),150,Boss,Hard
694,Grieving Souls Collab Venue For Lv40-140,3489,Arnold (Collab Battle Lv140),140,Boss,Normal
694,Grieving Souls Collab Venue For Lv40-140,3488,Arnold (Collab Battle Lv90),130,Boss,Ultimate
694,Grieving Souls Collab Venue For Lv40-140,3487,Arnold (Collab Battle Lv90),110,Boss,Nightmare
694,Grieving Souls Collab Venue For Lv40-140,3486,Arnold (Collab Battle Lv90),100,Boss,Hard
694,Grieving Souls Collab Venue For Lv40-140,3485,Arnold (Collab Battle Lv90),90,Boss,Normal
694,Grieving Souls Collab Venue For Lv40-140,3484,Arnold (Collab Boss Battle Lv40),80,Boss,Ultimate
694,Grieving Souls Collab Venue For Lv40-140,3483,Arnold (Collab Battle Lv40),60,Boss,Nightmare
694,Grieving Souls Collab Venue For Lv40-140,3482,Arnold,50,Boss,Hard
694,Grieving Souls Collab Venue For Lv40-140,3481,Arnold,40,Boss,Normal
694,Grieving Souls Collab Venue For Lv40-140,3480,Event Guide Potum,0,Normal,Normal
692,Early Sakura Shrine: Fortress Path,3479,Onivant,262,Normal,Normal
692,Early Sakura Shrine: Fortress Path,3478,Shrivian,261,Normal,Normal
692,Early Sakura Shrine: Fortress Path,3477,Furonja,692,Normal,Normal
691,Early Sakura Shrine: Big Cherry Blossom Tree,3476,Onivant,262,Normal,Normal
691,Early Sakura Shrine: Big Cherry Blossom Tree,3475,Shrivian,261,Normal,Normal
691,Early Sakura Shrine: Big Cherry Blossom Tree,3474,Furonja,260,Normal,Normal
690,Mt. White Peach: Outskirts,3473,Plantara,262,Normal,Normal
690,Mt. White Peach: Outskirts,3472,Sckiri,261,Normal,Normal
690,Mt. White Peach: Outskirts,3471,Cherosso,260,Normal,Normal
689,Mt. White Peach: Depth,3470,Squirinja,300,Boss,Very Hard
689,Mt. White Peach: Depth,3469,Squirinja,280,Boss,Hard
689,Mt. White Peach: Depth,3468,Squirinja,260,Boss,Normal
689,Mt. White Peach: Depth,3467,Squirinja,240,Boss,Easy
687,Mt. Black Peach: Depth,3465,Black Peach Ninja,280,Boss,Hard
687,Mt. Black Peach: Depth,3464,Black Peach Ninja,260,Boss,Normal
687,Mt. Black Peach: Depth,3463,Black Peach Ninja,240,Boss,Easy
686,Mt. Black Peach,3462,Molemet,242,Normal,Normal
686,Mt. Black Peach,3461,Metaccio,240,Normal,Normal
686,Mt. Black Peach,3460,Horgel,241,Normal,Normal
688,Mt. White Peach,3459,Horgel,241,Normal,Normal
688,Mt. White Peach,3458,Farfalla,241,Normal,Normal
688,Mt. White Peach,3457,Metaccio,240,Normal,Normal
683,Leafy Sakura Village,3456,Molemet,242,Normal,Normal
683,Leafy Sakura Village,3455,Farfalla,241,Normal,Normal
683,Leafy Sakura Village,3454,Metaccio,240,Normal,Normal
680,Pirates' Hideout: Area 3,3450,Serpean,244,Normal,Normal
680,Pirates' Hideout: Area 3,3449,Seagel,243,Normal,Normal
680,Pirates' Hideout: Area 3,3448,Anemona,242,Normal,Normal
679,Pirates' Hideout: Area 2,3447,Shark Potum,290,Mini Boss,Normal
679,Pirates' Hideout: Area 2,3446,Serpean,243,Normal,Normal
679,Pirates' Hideout: Area 2,3445,Seagel,242,Normal,Normal
679,Pirates' Hideout: Area 2,3444,Anemona,241,Normal,Normal
678,Pirates' Hideout: Area 1,3443,Serpean,242,Normal,Normal
678,Pirates' Hideout: Area 1,3442,Seagel,241,Normal,Normal
678,Pirates' Hideout: Area 1,3441,Anemona,240,Normal,Normal
672,Wizka Forest,3440,Dendro,292,Normal,Normal
672,Wizka Forest,3439,Madape,291,Normal,Normal
672,Wizka Forest,3438,Danbit,290,Normal,Normal
671,Ruhig Trail,3437,Carakara,286,Normal,Normal
671,Ruhig Trail,3436,Chapone,285,Normal,Normal
671,Ruhig Trail,3435,Monpaz,284,Normal,Normal
670,Wizka Forest : Depths,3434,Doy & Mari,353,Boss,Ultimate
670,Wizka Forest : Depths,3433,Doy & Mari,333,Boss,Nightmare
670,Wizka Forest : Depths,3432,Doy & Mari,323,Boss,Very Hard
670,Wizka Forest : Depths,3431,Doy & Mari,313,Boss,Hard
670,Wizka Forest : Depths,3430,Doy & Mari,303,Boss,Normal
669,Wizka Forest : Inner Area,3429,Grandanbit,341,Boss,Normal
668,Lixaro Ghost Town: Mansion,3428,Supreme Evil Crystal Beast,329,Boss,Ultimate
668,Lixaro Ghost Town: Mansion,3427,Supreme Evil Crystal Beast,309,Boss,Nightmare
668,Lixaro Ghost Town: Mansion,3426,Supreme Evil Crystal Beast,299,Boss,Hard
668,Lixaro Ghost Town: Mansion,3425,Supreme Evil Crystal Beast,289,Boss,Normal
668,Lixaro Ghost Town: Mansion,3424,Supreme Evil Crystal Beast,279,Boss,Easy
667,Vicus Mutans: Square,3423,Piscruva,326,Boss,Ultimate
667,Vicus Mutans: Square,3422,Piscruva,306,Boss,Nightmare
667,Vicus Mutans: Square,3421,Piscruva,296,Boss,Hard
667,Vicus Mutans: Square,3420,Piscruva,286,Boss,Normal
667,Vicus Mutans: Square,3419,Piscruva,276,Boss,Easy
666,Aquasida: Central,3418,Biskyra,323,Boss,Ultimate
666,Aquasida: Central,3417,Biskyra,303,Boss,Nightmare
666,Aquasida: Central,3416,Biskyra,293,Boss,Hard
666,Aquasida: Central,3415,Biskyra,283,Boss,Normal
666,Aquasida: Central,3414,Biskyra,273,Boss,Easy
601,Eumano Village Ruins: Central,3413,Menti,320,Boss,Ultimate
601,Eumano Village Ruins: Central,3412,Menti,300,Boss,Nightmare
601,Eumano Village Ruins: Central,3411,Menti,290,Boss,Hard
601,Eumano Village Ruins: Central,3410,Menti,280,Boss,Normal
601,Eumano Village Ruins: Central,3409,Menti,270,Boss,Easy
601,Eumano Village Ruins: Central,3408,Deformis,317,Boss,Ultimate
601,Eumano Village Ruins: Central,3407,Deformis,297,Boss,Nightmare
601,Eumano Village Ruins: Central,3406,Deformis,287,Boss,Hard
601,Eumano Village Ruins: Central,3405,Deformis,277,Boss,Normal
601,Eumano Village Ruins: Central,3404,Deformis,267,Boss,Easy
592,Menabra Plains,3403,Mulgoon,314,Boss,Ultimate
592,Menabra Plains,3402,Mulgoon,294,Boss,Nightmare
592,Menabra Plains,3401,Mulgoon,284,Boss,Hard
592,Menabra Plains,3400,Mulgoon,274,Boss,Normal
592,Menabra Plains,3399,Mulgoon,264,Boss,Easy
665,Fango Village,3398,Gioco,357,Boss,Ultimate
665,Fango Village,3397,Gioco,337,Boss,Nightmare
665,Fango Village,3396,Gioco,327,Boss,Hard
665,Fango Village,3395,Gioco,317,Boss,Normal
665,Fango Village,3394,Gioco,307,Boss,Easy
664,Rode Zag Range: Spirit Tree Sanctum,3393,Puiet,344,Boss,Ultimate
664,Rode Zag Range: Spirit Tree Sanctum,3392,Puiet,324,Boss,Nightmare
664,Rode Zag Range: Spirit Tree Sanctum,3391,Puiet,314,Boss,Hard
664,Rode Zag Range: Spirit Tree Sanctum,3390,Puiet,304,Boss,Normal
664,Rode Zag Range: Spirit Tree Sanctum,3389,Puiet,294,Boss,Easy
663,Raden Tower: Air Vent Exit,3388,Goudvis,341,Boss,Ultimate
663,Raden Tower: Air Vent Exit,3387,Goudvis,321,Boss,Nightmare
663,Raden Tower: Air Vent Exit,3386,Goudvis,311,Boss,Hard
663,Raden Tower: Air Vent Exit,3385,Goudvis,301,Boss,Normal
663,Raden Tower: Air Vent Exit,3384,Goudvis,291,Boss,Easy
662,Raden Tower: Top Floor,3383,Gula,338,Boss,Ultimate
662,Raden Tower: Top Floor,3382,Gula,318,Boss,Nightmare
662,Raden Tower: Top Floor,3381,Gula,308,Boss,Hard
662,Raden Tower: Top Floor,3380,Gula,298,Boss,Normal
662,Raden Tower: Top Floor,3379,Gula,288,Boss,Easy
661,Nebbia Coast: Rocky Area,3378,Rondine,335,Boss,Ultimate
661,Nebbia Coast: Rocky Area,3377,Rondine,315,Boss,Nightmare
661,Nebbia Coast: Rocky Area,3376,Rondine,305,Boss,Hard
661,Nebbia Coast: Rocky Area,3375,Rondine,295,Boss,Normal
661,Nebbia Coast: Rocky Area,3374,Rondine,285,Boss,Easy
660,Afdal Uplands: Summit,3373,Bakuzan,332,Boss,Ultimate
660,Afdal Uplands: Summit,3372,Bakuzan,312,Boss,Nightmare
660,Afdal Uplands: Summit,3371,Bakuzan,302,Boss,Hard
660,Afdal Uplands: Summit,3370,Bakuzan,292,Boss,Normal
660,Afdal Uplands: Summit,3369,Bakuzan,282,Boss,Easy
659,Avanclain Shrine,3368,Ophy,0,Boss,Easy
658,Grazen Tower : Level 1,3367,Nemico,285,Normal,Normal
658,Grazen Tower : Level 1,3366,Tanti,286,Normal,Normal
658,Grazen Tower : Level 1,3365,Grazen Guard,287,Normal,Normal
656,Grazen Forecourt,3364,Lavulago,283,Normal,Normal
657,Grazen Tower : Top Floor,3363,Baratok,350,Boss,Ultimate
657,Grazen Tower : Top Floor,3362,Baratok,330,Boss,Nightmare
657,Grazen Tower : Top Floor,3361,Baratok,320,Boss,Very Hard
657,Grazen Tower : Top Floor,3360,Baratok,310,Boss,Hard
657,Grazen Tower : Top Floor,3359,Baratok,300,Boss,Normal
656,Grazen Forecourt,3358,Aralago,338,Mini Boss,Normal
655,Izolara Underground Passage : Hidden Passage,3357,Mortares,345,Boss,Ultimate
655,Izolara Underground Passage : Hidden Passage,3356,Mortares,325,Boss,Very Hard
655,Izolara Underground Passage : Hidden Passage,3355,Mortares,315,Boss,Hard
655,Izolara Underground Passage : Hidden Passage,3354,Mortares,305,Boss,Normal
654,Dycan Lake Swamp,3353,Chefiluro,242,Mini Boss,Normal
654,Dycan Lake Swamp,3352,Creem,241,Mini Boss,Normal
654,Dycan Lake Swamp,3351,Yuran,240,Mini Boss,Normal
653,Ancient Exhibition Grounds,3350,Mycodian,300,Boss,Very Hard
653,Ancient Exhibition Grounds,3349,Mycodian,270,Boss,Hard
653,Ancient Exhibition Grounds,3348,Mycodian,240,Boss,Normal
643,Day Sakura Garden,3347,Breeta (Very Hard),280,Boss,Very Hard
643,Day Sakura Garden,3346,Breeta (Hard),260,Boss,Hard
643,Day Sakura Garden,3345,Breeta (Normal),240,Boss,Normal
643,Day Sakura Garden,3344,Breeta (Easy),220,Boss,Easy
642,Day Sakura Garden: Mountains,3343,Ivy,222,Normal,Normal
642,Day Sakura Garden: Mountains,3342,Spiraz,221,Normal,Spiraz
642,Day Sakura Garden: Mountains,3341,Malum,220,Normal,Normal
641,Madeleine Plains,3340,Crow Destroyer,202,Normal,
641,Madeleine Plains,3339,Maple Fox,201,Normal,
641,Madeleine Plains,3338,Floral Bee,200,Normal,
640,Anglaise Forest,3337,Cream Alpoca,222,Normal,
640,Anglaise Forest,3336,Honey Insector,221,Normal,
640,Anglaise Forest,3335,Vebee,220,Normal,
640,Anglaise Forest,3334,Goblin Zucotto (Coffee),310,Boss,Coffee
640,Anglaise Forest,3333,Goblin Zucotto (Choco),280,Boss,Choco
640,Anglaise Forest,3332,Goblin Zucotto (Cocoa),250,Boss,Cocoa
640,Anglaise Forest,3331,Goblin Zucotto (Plain),220,Boss,Plain
639,Tower of Clamor: Rooftop,3330,Gegner,400,Boss,???
639,Tower of Clamor: Rooftop,3329,Gegner,270,Boss,Very Hard
639,Tower of Clamor: Rooftop,3328,Gegner,250,Boss,Hard
639,Tower of Clamor: Rooftop,3327,Gegner,230,Boss,Normal
639,Tower of Clamor: Rooftop,3326,Gegner,210,Boss,Easy
634,Tower of Clamor: Area 3 (230-234),3325,Diark,270,Mini Boss,
634,Tower of Clamor: Area 3 (230-234),3324,Corey,234,Normal,Normal
633,Tower of Clamor: Area 2 (230-234),3323,Corey,233,Normal,Normal
632,Tower of Clamor: Area 1 (230-234),3322,Corey,232,Normal,Normal
634,Tower of Clamor: Area 3 (230-234),3321,Mikrodia,232,Normal,Normal
633,Tower of Clamor: Area 2 (230-234),3320,Mikrodia,231,Normal,Normal
632,Tower of Clamor: Area 1 (230-234),3319,Mikrodia,230,Normal,Normal
634,Tower of Clamor: Area 3 (230-234),3318,Galactopi,233,Normal,Normal
633,Tower of Clamor: Area 2 (230-234),3317,Galactopi,232,Normal,Normal
632,Tower of Clamor: Area 1 (230-234),3316,Galactopi,231,Normal,Normal
631,Tower of Clamor: Area 3 (210-214),3315,Mikrodia,192,Normal,Normal
630,Tower of Clamor: Area 2 (210-214),3314,Mikrodia,191,Normal,Normal
629,Tower of Clamor: Area 1 (210-214),3313,Mikrodia,190,Normal,Normal
631,Tower of Clamor: Area 3 (210-214),3312,Galactopi,213,Normal,Normal
630,Tower of Clamor: Area 2 (210-214),3311,Galactopi,212,Normal,Normal
629,Tower of Clamor: Area 1 (210-214),3310,Galactopi,211,Normal,Normal
631,Tower of Clamor: Area 3 (210-214),3309,Corey,214,Normal,Normal
630,Tower of Clamor: Area 2 (210-214),3308,Corey,213,Normal,Normal
629,Tower of Clamor: Area 1 (210-214),3307,Corey,212,Normal,Normal
628,Tower of Clamor: Area 3 (190-194),3306,Corey,194,Normal,Normal
628,Tower of Clamor: Area 3 (190-194),3305,Galactopi,193,Normal,Normal
628,Tower of Clamor: Area 3 (190-194),3304,Mikrodia,192,Normal,Normal
627,Tower of Clamor: Area 2 (190-194),3303,Corey,193,Normal,Normal
627,Tower of Clamor: Area 2 (190-194),3302,Galactopi,192,Normal,Normal
627,Tower of Clamor: Area 2 (190-194),3301,Mikrodia,191,Normal,Normal
626,Tower of Clamor: Area 1 (190-194),3300,Corey,192,Normal,Normal
626,Tower of Clamor: Area 1 (190-194),3299,Galactopi,191,Normal,Normal
626,Tower of Clamor: Area 1 (190-194),3298,Mikrodia,190,Normal,Normal
624,Aquastida Central,3297,Biskyva,323,Boss,Ultimate
624,Aquastida Central,3296,Biskyva,303,Boss,Nightmare
624,Aquastida Central,3295,Biskyva,293,Boss,Hard
624,Aquastida Central,3294,Biskyva,283,Boss,Normal
624,Aquastida Central,3293,Biskyva,273,Boss,Easy
623,Aquastida Inner Ward,3292,Meduso,311,Mini Boss,Normal
623,Aquastida Inner Ward,3291,Hydro,262,Normal,Normal
623,Aquastida Inner Ward,3290,Povidone,260,Normal,Normal
623,Aquastida Inner Ward,3289,Selachi,261,Normal,Normal
622,Aquastida Corridor,3288,Hydro,261,Normal,Normal
622,Aquastida Corridor,3287,Povidone,259,Normal,Normal
622,Aquastida Corridor,3286,Selachi,260,Normal,Normal
621,Aquastida Entrance,3285,Hydro,260,Normal,Normal
621,Aquastida Entrance,3284,Povidone,258,Normal,Normal
621,Aquastida Entrance,3283,Selachi,259,Normal,Normal
620,Latum Wetlands,3282,Flying Tentacle,254,Normal,Normal
620,Latum Wetlands,3281,Crestollar,256,Normal,Normal
620,Latum Wetlands,3280,Crestollar,253,Normal,Normal
620,Latum Wetlands,3279,Romyzon,255,Normal,Easy
620,Latum Wetlands,3278,Romyzon,252,Normal,Normal
88,-,3276,Viridian Butterfly Treasure Box,0,Normal,Normal
404,High Difficulty Boss Battle Event Venue,3275,Castilia,310,Boss,
404,High Difficulty Boss Battle Event Venue,3274,Etoise,290,Boss,Normal
404,High Difficulty Boss Battle Event Venue,3273,Etoise,280,Boss,Normal
404,High Difficulty Boss Battle Event Venue,3272,Etoise,275,Boss,Normal
619,Umidus Valley: Cliff Path,3271,Dandolion,308,Mini Boss,
619,Umidus Valley: Cliff Path,3270,Coofer,257,Normal,Normal
619,Umidus Valley: Cliff Path,3269,Brakz,258,Normal,Normal
619,Umidus Valley: Cliff Path,3268,Raptar,259,Normal,Normal
617,Umidus Valley: Area 2,3262,Coofer,256,Normal,Normal
617,Umidus Valley: Area 2,3261,Brakz,258,Normal,Normal
617,Umidus Valley: Area 2,3260,Raptar,257,Normal,Normal
616,Umidus Valley: Area 1,3259,Coofer,255,Normal,Normal
616,Umidus Valley: Area 1,3258,Brakz,257,Normal,Normal
616,Umidus Valley: Area 1,3257,Raptar,256,Normal,Normal
602,Siccus Plains,3256,Pojo,249,Normal,Normal
602,Siccus Plains,3255,Rosalia,250,Normal,Normal
602,Siccus Plains,3254,Rosalia,252,Normal,Normal
602,Siccus Plains,3253,Nygana,253,Normal,Normal
602,Siccus Plains,3252,Nygana,251,Normal,Normal
611,Deusania's Lab,3251,Jacky,0,NPC,Easy
611,Deusania's Lab,3250,Spectern,226,Normal,Easy
611,Deusania's Lab,3249,Momia,225,Normal,Easy
611,Deusania's Lab,3248,Wandead,227,Normal,Easy
548,Risus Valley: Area 3,3247,Kuffa,182,Normal,Normal
546,Risus Valley: Area 1,3246,Hallorant,179,Normal,Normal
546,Risus Valley: Area 1,3245,Kuffa,180,Normal,Normal
546,Risus Valley: Area 1,3244,Calabari,178,Normal,Normal
613,Deusania's Lab Innermost Chambers ,3243,Bemoz,300,Boss,Very Hard
613,Deusania's Lab Innermost Chambers ,3242,Bemoz,275,Boss,Hard
613,Deusania's Lab Innermost Chambers ,3241,Bemoz,250,Boss,Normal
613,Deusania's Lab Innermost Chambers ,3240,Bemoz,225,Boss,Easy
580,Pipeline Corridor,3239,Brekz,239,Normal,Normal
580,Pipeline Corridor,3238,Trast,240,Normal,Normal
580,Pipeline Corridor,3237,Neeburn,238,Normal,Normal
600,Eumano Village Ruins: Area 3,3231,Terratulin,254,Normal,Easy
600,Eumano Village Ruins: Area 3,3230,Borior,255,Normal,Normal
600,Eumano Village Ruins: Area 3,3229,Corroded Eumano,256,Normal,Easy
599,Eumano Village Ruins: Area 2,3228,Wiltileaf,305,Mini Boss,Easy
599,Eumano Village Ruins: Area 2,3227,Terratulin,253,Normal,Easy
599,Eumano Village Ruins: Area 2,3226,Borior,254,Normal,Easy
599,Eumano Village Ruins: Area 2,3225,Corroded Eumano,255,Normal,Easy
598,Eumano Village Ruins: Area 1,3224,Terratulin,252,Normal,Normal
598,Eumano Village Ruins: Area 1,3223,Borior,253,Normal,Easy
598,Eumano Village Ruins: Area 1,3222,Corroded Eumano,254,Normal,Normal
593,Perdida Wasteland,3221,Venofly,246,Normal,Normal
593,Perdida Wasteland,3220,Lileaf,247,Normal,Normal
593,Perdida Wasteland,3219,Lileaf,249,Normal,Normal
593,Perdida Wasteland,3218,Magmanus,250,Normal,Normal
593,Perdida Wasteland,3217,Magmanus,248,Normal,Normal
478,Draco Town,3216,Wanaki,0,NPC,Easy
478,Draco Town,3215,Magu,0,NPC,Easy
478,Draco Town,3214,Synthesist: Dumba,0,NPC,Easy
478,Draco Town,3213,Blacksmith: Mufanza,0,NPC,Normal
478,Draco Town,3212,General Store: Kifa,0,NPC,Normal
592,Menabra Plains,3211,Orchis,243,Normal,Normal
592,Menabra Plains,3205,Orchis,243,Normal,Easy
592,Menabra Plains,3204,Mesoside,245,Normal,Normal
592,Menabra Plains,3203,Delphi,244,Normal,Normal
592,Menabra Plains,3202,Delphi,246,Normal,Normal
592,Menabra Plains,3201,Meteora,302,Mini Boss,Easy
592,Menabra Plains,3200,Mesoside,247,Normal,Normal
88,-,3199,Sunken Treasure,0,Normal,Normal
88,-,3198,Sunken Treasure,0,,Easy
88,-,3197,Water City Jewel Box,0,Normal,Normal
591,Aquacity: Parliament Hall,3196,Torexesa,309,Boss,Ultimate
591,Aquacity: Parliament Hall,3195,Torexesa,289,Boss,Nightmare
591,Aquacity: Parliament Hall,3194,Torexesa,279,Boss,Hard
591,Aquacity: Parliament Hall,3193,Torexesa,259,Boss,Easy
575,Deep Sea: Zone 3,3192,Helicina,247,Normal,Normal
575,Deep Sea: Zone 3,3191,Coelacans,246,Normal,Normal
575,Deep Sea: Zone 3,3190,Spirulida,245,Normal,Normal
574,Deep Sea: Zone 2,3189,Coelacans,245,Normal,Normal
574,Deep Sea: Zone 2,3188,Spirulida,244,Normal,Normal
574,Deep Sea: Zone 2,3187,Helicina,246,Normal,Normal
573,Deep Sea: Zone 1,3186,Helicina,245,Normal,Normal
583,Little Shrine of Grace: Area 3,3185,Fladorga,249,Normal,Normal
583,Little Shrine of Grace: Area 3,3184,Swanaga,250,Normal,Normal
583,Little Shrine of Grace: Area 3,3183,Apapat,248,Normal,Normal
582,Little Shrine of Grace: Area 2,3182,Swanaga,249,Normal,Normal
582,Little Shrine of Grace: Area 2,3181,Apapat,247,Normal,Normal
582,Little Shrine of Grace: Area 2,3180,Fladorga,248,Normal,Normal
585,Carretera Mar,3179,Doridi,244,Normal,Normal
585,Carretera Mar,3178,Pterois,242,Normal,Normal
585,Carretera Mar,3177,Holocan,240,Normal,Normal
585,Carretera Mar,3176,Holocan,243,Normal,Normal
587,Marinatown: Area 1,3175,Sea Puffer,251,Normal,Normal
587,Marinatown: Area 1,3174,Corroded Councilor,250,Normal,Normal
587,Marinatown: Area 1,3173,Corroded Rana,249,Normal,Normal
588,Marinatown: Area 2,3172,Doridodi,296,Boss,Ultimate
588,Marinatown: Area 2,3171,Sea Puffer,252,Normal,Normal
588,Marinatown: Area 2,3170,Corroded Rana,250,Normal,Normal
588,Marinatown: Area 2,3169,Corroded Councilor,251,Normal,Normal
589,Marinatown: Area 3,3168,Sea Puffer,253,Normal,Normal
589,Marinatown: Area 3,3167,Corroded Rana,251,Normal,Normal
589,Marinatown: Area 3,3166,Corroded Councilor,252,Normal,Normal
590,Marinatown: Giant Plastida,3165,Humida,311,Boss,Ultimate
590,Marinatown: Giant Plastida,3164,Humida,291,Boss,Nightmare
590,Marinatown: Giant Plastida,3163,Humida,281,Boss,Hard
590,Marinatown: Giant Plastida,3162,Humida,261,Boss,Easy
573,Deep Sea: Zone 1,3161,Spirulida,243,Normal,Normal
573,Deep Sea: Zone 1,3160,Frilled Shark Potum,243,Normal,Normal
573,Deep Sea: Zone 1,3159,Coelacans,244,Normal,Normal
572,Path to the Deep Sea,3158,Spumae,237,Normal,Normal
572,Path to the Deep Sea,3157,Corroded Starfish,234,Normal,Normal
572,Path to the Deep Sea,3156,Fangs,236,Normal,Normal
576,Deep Sea: Deepest Zone,3155,Vatudo,305,Boss,Ultimate
576,Deep Sea: Deepest Zone,3154,Vatudo,285,Boss,Nightmare
576,Deep Sea: Deepest Zone,3153,Vatudo,275,Boss,Hard
576,Deep Sea: Deepest Zone,3152,Vatudo,255,Boss,Easy
511,El Scaro: Back Alley,3147,Bangrudom (Plain),200,Boss,Normal
511,El Scaro: Back Alley,3146,Bangrudom (Cocoa),230,Boss,Hard
511,El Scaro: Back Alley,3145,Bangrudom (Choco),260,Boss,Nightmare
511,El Scaro: Back Alley,3143,Bangrudom (Coffee),290,Boss,Ultimate
584,Little Shrine of Grace Sanctuary,3142,Raging Dragon Bovinari,308,Boss,Ultimate
584,Little Shrine of Grace Sanctuary,3141,Raging Dragon Bovinari,288,Boss,Nightmare
584,Little Shrine of Grace Sanctuary,3140,Raging Dragon Bovinari,278,Boss,Hard
584,Little Shrine of Grace Sanctuary,3139,Raging Dragon Bovinari,258,Boss,Easy
582,Little Shrine of Grace: Area 2,3138,Jiva,293,Normal,Normal
581,Little Shrine of Grace: Area 1,3137,Fladorga,247,Normal,Normal
581,Little Shrine of Grace: Area 1,3136,Swanaga,248,Normal,Normal
581,Little Shrine of Grace: Area 1,3135,Apapat,246,Normal,Normal
580,Pipeline Corridor,3134,Trast,238,Normal,Normal
580,Pipeline Corridor,3133,Brekz,241,Normal,Normal
580,Pipeline Corridor,3132,Neeburn,237,Normal,Normal
574,Deep Sea: Zone 2,3131,Limacina,290,Mini Boss,Ultimate
554,Abandoned District: Ruins Summit,3128,Don Profundo,302,Boss,Ultimate
554,Abandoned District: Ruins Summit,3127,Don Profundo,282,Boss,Nightmare
554,Abandoned District: Ruins Summit,3126,Don Profundo,272,Boss,Hard
554,Abandoned District: Ruins Summit,3125,Don Profundo,262,Boss,Normal
554,Abandoned District: Ruins Summit,3124,Don Profundo,252,Boss,Easy
553,Abandoned District: Area 3,3123,Capo Profundo,287,Mini Boss,Normal
553,Abandoned District: Area 3,3122,Profundo,244,Normal,Normal
553,Abandoned District: Area 3,3121,Actilunia,243,Normal,Normal
553,Abandoned District: Area 3,3120,Profundo,242,Normal,Normal
552,Abandoned District: Area 2,3119,Actilunia,243,Normal,Normal
552,Abandoned District: Area 2,3118,Anglerfish,242,Normal,Normal
552,Abandoned District: Area 2,3117,Actilunia,242,Normal,Normal
552,Abandoned District: Area 2,3116,Anglerfish,241,Normal,Normal
551,Abandoned District: Area 1,3115,Profundo,242,Normal,Normal
551,Abandoned District: Area 1,3114,Actilunia,241,Normal,Normal
551,Abandoned District: Area 1,3113,Anglerfish,240,Normal,Normal
550,Seabed,3112,Maringer,235,Normal,Normal
550,Seabed,3111,Anchorsea,234,Normal,Normal
550,Seabed,3110,Maringer,233,Normal,Normal
550,Seabed,3109,Anchorsea,232,Normal,Normal
550,Seabed,3108,Naticlaw,231,Normal,Normal
88,-,3107,Vintage Iron Box,0,Normal,Normal
404,High Difficulty Boss Battle Event Venue,3106,Altadar,290,Boss,Normal
549,Risus Valley: Depths,3105,Eripmav (Very Hard),275,Boss,Normal
549,Risus Valley: Depths,3104,Eripmav (Hard),250,Boss,Normal
549,Risus Valley: Depths,3103,Eripmav (Normal),225,Boss,Normal
549,Risus Valley: Depths,3102,Eripmav (Easy),200,Boss,Normal
548,Risus Valley: Area 3,3101,Hallorant,181,Normal,Normal
548,Risus Valley: Area 3,3100,Calabari,180,Normal,Normal
547,Risus Valley: Area 2,3099,Kuffania,250,Mini Boss,Normal
547,Risus Valley: Area 2,3098,Kuffa,181,Normal,Normal
544,Espuma Dome: Entrance,3097,Red Ash Dragon Rudis,299,Boss,Ultimate
544,Espuma Dome: Entrance,3096,Red Ash Dragon Rudis,279,Boss,Nightmare
544,Espuma Dome: Entrance,3095,Red Ash Dragon Rudis,269,Boss,Hard
544,Espuma Dome: Entrance,3094,Red Ash Dragon Rudis,259,Boss,Normal
544,Espuma Dome: Entrance,3093,Red Ash Dragon Rudis,249,Boss,Easy
543,Espuma Dome: Area 3,3092,Famarin,241,Normal,Normal
543,Espuma Dome: Area 3,3091,Madrago,240,Normal,Normal
543,Espuma Dome: Area 3,3090,Gronio,239,Normal,Normal
542,Espuma Dome: Area 2,3089,Fantica,284,Mini Boss,Normal
542,Espuma Dome: Area 2,3088,Famarin,240,Normal,Normal
542,Espuma Dome: Area 2,3087,Madrago,239,Normal,Normal
542,Espuma Dome: Area 2,3086,Gronio,238,Normal,Normal
541,Espuma Dome: Area 1,3085,Famarin,239,Normal,Normal
541,Espuma Dome: Area 1,3084,Madrago,238,Normal,Normal
541,Espuma Dome: Area 1,3083,Gronio,237,Normal,Normal
540,Subma Cave,3082,Bafficat,232,Normal,Normal
540,Subma Cave,3081,Forbigosta,231,Normal,Normal
540,Subma Cave,3080,Alipipi,230,Normal,Normal
540,Subma Cave,3079,Forbigosta,229,Normal,Normal
540,Subma Cave,3078,Alipipi,228,Normal,Normal
7,Rakau Plains,3077,Aubergine Dragon Auvio,275,Boss,Ultimate
7,Rakau Plains,3076,Aubergine Dragon Auvio,255,Boss,Nightmare
7,Rakau Plains,3075,Aubergine Dragon Auvio,245,Boss,Hard
7,Rakau Plains,3074,Aubergine Dragon Auvio,235,Boss,Normal
88,-,3073,Sea Ghost Wooden Box,0,Normal,Normal
539,Saltau's Beach (Night),3072,Falburrows (High Difficulty),295,Boss,Ultimate
539,Saltau's Beach (Night),3071,Falburrows (High Difficulty),275,Boss,Nightmare
539,Saltau's Beach (Night),3070,Falburrows (High Difficulty),265,Boss,Hard
539,Saltau's Beach (Night),3069,Falburrows (High Difficulty),255,Boss,Normal
539,Saltau's Beach (Night),3068,Falburrows (High Difficulty),245,Boss,Easy
538,Anniversary Arena: 8th Venue,3067,Megiston (8th Anniv),325,Boss,Ultimate
538,Anniversary Arena: 8th Venue,3066,Megiston (8th Anniv),305,Boss,Nightmare
538,Anniversary Arena: 8th Venue,3065,Megiston (8th Anniv),295,Boss,Hard
538,Anniversary Arena: 8th Venue,3064,Megiston (8th Anniv),285,Boss,Normal
539,Saltau's Beach (Night),3063,Falburrows,255,Boss,Ultimate
539,Saltau's Beach (Night),3062,Falburrows,235,Boss,Nightmare
539,Saltau's Beach (Night),3061,Falburrows,225,Boss,Hard
539,Saltau's Beach (Night),3060,Falburrows,215,Boss,Normal
539,Saltau's Beach (Night),3059,Falburrows,205,Boss,Easy
539,Saltau's Beach (Night),3058,Felios,201,Normal,Normal
539,Saltau's Beach (Night),3057,Turncoon,200,Normal,Normal
88,-,3056,Anniv Equipment Box VII,0,Normal,Normal
88,-,3055,Anniv Equipment Box VI,0,Normal,Normal
88,-,3054,Anniv Equipment Box V,0,Normal,Normal
88,-,3053,Anniv Equipment Box IV,0,Normal,Normal
88,-,3052,Anniv Equipment Box III,0,Normal,Normal
88,-,3051,Anniv Equipment Box II,0,Normal,Normal
88,-,3050,Anniv Equipment Box I,0,Normal,Normal
538,Anniversary Arena: 8th Venue,3049,EX Prize Exchange (8th Anniv),0,Normal,Normal
538,Anniversary Arena: 8th Venue,3048,EX Arena Entry (8th Anniv),0,Normal,Normal
538,Anniversary Arena: 8th Venue,3047,Arena Lv260 Entry (8th Anniv),0,Normal,Normal
538,Anniversary Arena: 8th Venue,3046,Arena Lv250 Entry (8th Anniv),0,Normal,Normal
537,Puerta Islands: Adit,3045,Zapo,296,Boss,Ultimate
537,Puerta Islands: Adit,3044,Zapo,276,Boss,Nightmare
537,Puerta Islands: Adit,3043,Zapo,266,Boss,Hard
537,Puerta Islands: Adit,3042,Zapo,256,Boss,Normal
537,Puerta Islands: Adit,3041,Zapo,246,Boss,Easy
536,Puerta Islands: Area 3,3040,Voda,238,Normal,Normal
536,Puerta Islands: Area 3,3039,Dakinia,237,Normal,Normal
536,Puerta Islands: Area 3,3038,Melkid,236,Normal,Normal
535,Puerta Islands: Area 2,3037,Vodre,281,Mini Boss,Normal
535,Puerta Islands: Area 2,3036,Voda,237,Normal,Normal
535,Puerta Islands: Area 2,3035,Dakinia,236,Normal,Normal
535,Puerta Islands: Area 2,3034,Melkid,235,Normal,Normal
534,Puerta Islands: Area 1,3033,Voda,236,Normal,Normal
534,Puerta Islands: Area 1,3032,Dakinia,235,Normal,Normal
534,Puerta Islands: Area 1,3031,Melkid,234,Normal,Normal
533,Labrum Atoll,3030,Coquilatoll,229,Normal,Normal
533,Labrum Atoll,3029,Atoble,228,Normal,Normal
533,Labrum Atoll,3028,Coraxic,227,Normal,Normal
533,Labrum Atoll,3027,Atoble,226,Normal,Normal
533,Labrum Atoll,3026,Coraxic,225,Normal,Normal
88,-,3025,Mysterious Music Box,0,Normal,Normal
404,High Difficulty Boss Battle Event Venue,3024,Etoise,285,Boss,Normal
532,Frozen Falls: Depths,3023,Dominaredor,293,Boss,Ultimate
532,Frozen Falls: Depths,3022,Dominaredor,273,Boss,Nightmare
532,Frozen Falls: Depths,3021,Dominaredor,263,Boss,Hard
532,Frozen Falls: Depths,3020,Dominaredor,253,Boss,Normal
532,Frozen Falls: Depths,3019,Dominaredor,243,Boss,Easy
531,Frozen Falls: Area 3,3018,Mycelia,235,Normal,Normal
531,Frozen Falls: Area 3,3017,Cryophin,234,Normal,Normal
531,Frozen Falls: Area 3,3016,Lylila,233,Normal,Normal
530,Frozen Falls: Area 2,3015,Mycelia,234,Normal,Normal
530,Frozen Falls: Area 2,3014,Cryophin,233,Normal,Normal
530,Frozen Falls: Area 2,3013,Lylila,232,Normal,Normal
529,Frozen Falls: Area 1,3012,Lilicarolla,278,Mini Boss,Normal
529,Frozen Falls: Area 1,3011,Mycelia,233,Normal,Normal
529,Frozen Falls: Area 1,3010,Cryophin,232,Normal,Normal
529,Frozen Falls: Area 1,3009,Lylila,231,Normal,Normal
528,Algid Passage,3008,Breppa,226,Normal,Normal
528,Algid Passage,3007,Glafur,225,Normal,Normal
528,Algid Passage,3006,Wolfelar,224,Normal,Normal
528,Algid Passage,3005,Breppa,223,Normal,Normal
528,Algid Passage,3004,Glafur,222,Normal,Normal
527,Eagle Talon Collab Venue,3003,Dr. Leonardo (DX Subcontractor),325,Boss,Ultimate
527,Eagle Talon Collab Venue,3002,Dr. Leonardo (DX Subcontractor),305,Boss,Nightmare
527,Eagle Talon Collab Venue,3001,Dr. Leonardo (DX Subcontractor),295,Boss,Hard
527,Eagle Talon Collab Venue,3000,Dr. Leonardo (DX Subcontractor),285,Boss,Normal
527,Eagle Talon Collab Venue,2999,Dr. Leonardo (Subcontractor),275,Boss,Ultimate
527,Eagle Talon Collab Venue,2998,Dr. Leonardo (Subcontractor),255,Boss,Nightmare
527,Eagle Talon Collab Venue,2997,Dr. Leonardo (Subcontractor),245,Boss,Hard
527,Eagle Talon Collab Venue,2996,Dr. Leonardo (Subcontractor),235,Boss,Normal
527,Eagle Talon Collab Venue,2995,Pelulu (Eagle Talon Collab Event),0,NPC,Normal
527,Eagle Talon Collab Venue,2994,DX Fighter (Shostakovich),230,Boss,Ultimate
527,Eagle Talon Collab Venue,2993,DX Fighter (Shostakovich),210,Boss,Nightmare
527,Eagle Talon Collab Venue,2992,DX Fighter (Shostakovich),200,Boss,Hard
527,Eagle Talon Collab Venue,2991,DX Fighter (Shostakovich),190,Boss,Normal
527,Eagle Talon Collab Venue,2990,DX Fighter (Deluxe),180,Boss,Ultimate
527,Eagle Talon Collab Venue,2989,DX Fighter (Deluxe),160,Boss,Nightmare
527,Eagle Talon Collab Venue,2988,DX Fighter (Deluxe),150,Boss,Hard
527,Eagle Talon Collab Venue,2987,DX Fighter (Deluxe),140,Boss,Normal
527,Eagle Talon Collab Venue,2986,DX Fighter (Fighter),130,Boss,Ultimate
527,Eagle Talon Collab Venue,2985,DX Fighter (Fighter),110,Boss,Nightmare
527,Eagle Talon Collab Venue,2984,DX Fighter (Fighter),100,Boss,Hard
527,Eagle Talon Collab Venue,2983,DX Fighter (Fighter),90,Boss,Normal
527,Eagle Talon Collab Venue,2982,DX Fighter (Anthony),80,Boss,Ultimate
527,Eagle Talon Collab Venue,2981,DX Fighter (Anthony),60,Boss,Nightmare
527,Eagle Talon Collab Venue,2980,DX Fighter (Anthony),50,Boss,Hard
527,Eagle Talon Collab Venue,2979,DX Fighter (Anthony),40,Boss,Normal
527,Eagle Talon Collab Venue,2978,DX Fighter (Anthony),30,Boss,Easy
527,Eagle Talon Collab Venue,2977,Dr. Leonardo (Genius),220,Boss,Ultimate
527,Eagle Talon Collab Venue,2976,Dr. Leonardo (Genius),200,Boss,Nightmare
527,Eagle Talon Collab Venue,2975,Dr. Leonardo (Genius),190,Boss,Hard
527,Eagle Talon Collab Venue,2974,Dr. Leonardo (Genius),180,Boss,Normal
527,Eagle Talon Collab Venue,2973,Dr. Leonardo (Doctor),170,Boss,Ultimate
527,Eagle Talon Collab Venue,2972,Dr. Leonardo (Doctor),150,Boss,Nightmare
527,Eagle Talon Collab Venue,2971,Dr. Leonardo (Doctor),140,Boss,Hard
527,Eagle Talon Collab Venue,2970,Dr. Leonardo (Doctor),130,Boss,Normal
527,Eagle Talon Collab Venue,2969,Dr. Leonardo (Master),120,Boss,Ultimate
527,Eagle Talon Collab Venue,2968,Dr. Leonardo (Master),100,Boss,Nightmare
527,Eagle Talon Collab Venue,2967,Dr. Leonardo (Master),90,Boss,Hard
527,Eagle Talon Collab Venue,2966,Dr. Leonardo (Master),80,Boss,Normal
527,Eagle Talon Collab Venue,2965,Dr. Leonardo (Bachelor),70,Boss,Ultimate
527,Eagle Talon Collab Venue,2964,Dr. Leonardo (Bachelor),50,Boss,Nightmare
527,Eagle Talon Collab Venue,2963,Dr. Leonardo (Bachelor),40,Boss,Hard
527,Eagle Talon Collab Venue,2962,Dr. Leonardo (Bachelor),30,Boss,Normal
527,Eagle Talon Collab Venue,2961,Dr. Leonardo (Bachelor),20,Boss,Easy
526,Boma Konda: Village Center,2960,Brass Dragon Reguita,290,Boss,Ultimate
526,Boma Konda: Village Center,2959,Brass Dragon Reguita,270,Boss,Nightmare
526,Boma Konda: Village Center,2958,Brass Dragon Reguita,260,Boss,Hard
526,Boma Konda: Village Center,2957,Brass Dragon Reguita,250,Boss,Normal
526,Boma Konda: Village Center,2956,Brass Dragon Reguita,240,Boss,Easy
525,Boma Konda: Underground Area,2955,Charugon,275,Mini Boss,Normal
525,Boma Konda: Underground Area,2954,Charuga,232,Normal,Normal
525,Boma Konda: Underground Area,2953,Drail,231,Normal,Normal
525,Boma Konda: Underground Area,2952,Disaur,230,Normal,Normal
525,Boma Konda: Underground Area,2951,Charuga,229,Normal,Normal
525,Boma Konda: Underground Area,2950,Drail,228,Normal,Normal
524,Boma Konda: Entrance,2949,Inoz,223,Normal,Normal
524,Boma Konda: Entrance,2948,Lettacia,222,Normal,Normal
524,Boma Konda: Entrance,2947,Inoz,221,Normal,Normal
524,Boma Konda: Entrance,2946,Lettacia,220,Normal,Normal
524,Boma Konda: Entrance,2945,Boma Owl,219,Normal,Normal
523,Jabali Kubwa: Summit,2944,Walican,287,Boss,Ultimate
523,Jabali Kubwa: Summit,2943,Walican,267,Boss,Nightmare
523,Jabali Kubwa: Summit,2942,Walican,257,Boss,Hard
523,Jabali Kubwa: Summit,2941,Walican,247,Boss,Normal
523,Jabali Kubwa: Summit,2940,Walican,237,Boss,Easy
522,Jabali Kubwa: Area 3,2939,Kiton,229,Normal,Normal
522,Jabali Kubwa: Area 3,2938,Konetz,228,Normal,Normal
522,Jabali Kubwa: Area 3,2937,Rosemee,227,Normal,Normal
521,Jabali Kubwa: Area 2,2936,Kiton,228,Normal,Normal
521,Jabali Kubwa: Area 2,2935,Konetz,227,Normal,Normal
521,Jabali Kubwa: Area 2,2934,Rosemee,226,Normal,Normal
520,Jabali Kubwa: Area 1,2933,Kiton,227,Normal,Normal
520,Jabali Kubwa: Area 1,2932,Konetz,226,Normal,Normal
520,Jabali Kubwa: Area 1,2931,Rosemee,225,Normal,Normal
519,Kabla Jabali,2930,Orictoceras,272,Mini Boss,Normal
519,Kabla Jabali,2929,Gemare,220,Normal,Normal
519,Kabla Jabali,2928,Petraceras,219,Normal,Normal
519,Kabla Jabali,2927,Gemare,218,Normal,Normal
519,Kabla Jabali,2926,Petraceras,217,Normal,Normal
519,Kabla Jabali,2925,Scheff,216,Normal,Normal
511,El Scaro: Back Alley,2924,Broker Goblin (Coffee),270,Boss,Ultimate
511,El Scaro: Back Alley,2923,Broker Goblin (Choco),240,Boss,Nightmare
511,El Scaro: Back Alley,2922,Broker Goblin (Cocoa),210,Boss,Hard
511,El Scaro: Back Alley,2921,Broker Goblin (Plain),180,Boss,Normal
510,Chocolate Reservoir,2920,Hunky Chocogato,172,Normal,Normal
510,Chocolate Reservoir,2919,Pond Snake,171,Normal,Normal
510,Chocolate Reservoir,2918,Young Pore,170,Normal,Normal
518,Propulsion System Room,2917,Wicked Dragon Fazzino,284,Boss,Ultimate
518,Propulsion System Room,2916,Wicked Dragon Fazzino,264,Boss,Nightmare
518,Propulsion System Room,2915,Wicked Dragon Fazzino,254,Boss,Hard
518,Propulsion System Room,2914,Wicked Dragon Fazzino,244,Boss,Normal
518,Propulsion System Room,2913,Wicked Dragon Fazzino,234,Boss,Easy
517,Propulsion System Zone: Power Tank,2912,Trus,269,Mini Boss,Normal
516,Propulsion System Zone: Accelerator,2911,Boulderock,226,Normal,Normal
516,Propulsion System Zone: Accelerator,2910,Elecita,225,Normal,Normal
516,Propulsion System Zone: Accelerator,2909,Lavabat,224,Normal,Normal
515,Propulsion System Zone: Power Converter,2908,Boulderock,224,Normal,Normal
515,Propulsion System Zone: Power Converter,2907,Elecita,223,Normal,Normal
515,Propulsion System Zone: Power Converter,2906,Lavabat,222,Normal,Normal
514,Mt. Sakuraten: Summit,2905,Baavgai (Nightmare),260,Boss,Nightmare
514,Mt. Sakuraten: Summit,2904,Baavgai (Hard),240,Boss,Hard
514,Mt. Sakuraten: Summit,2903,Baavgai (Normal),220,Boss,Normal
514,Mt. Sakuraten: Summit,2902,Baavgai (Easy),200,Boss,Easy
513,Mt. Sakuraten,2901,Adado,204,Normal,Normal
513,Mt. Sakuraten,2900,Comasela,203,Normal,Normal
513,Mt. Sakuraten,2899,Bestinos,202,Normal,Normal
513,Mt. Sakuraten,2898,Adado,201,Normal,Normal
513,Mt. Sakuraten,2897,Comasela,200,Normal,Normal
511,El Scaro: Back Alley,2896,Sicanokami,310,Boss,Ultimate
511,El Scaro: Back Alley,2895,Sicanokami,290,Boss,Nightmare
511,El Scaro: Back Alley,2894,Sicanokami,280,Boss,Hard
511,El Scaro: Back Alley,2893,Sicanokami,270,Boss,Normal
511,El Scaro: Back Alley,2892,Mage Filecia (Coffee),280,Boss,Ultimate
511,El Scaro: Back Alley,2891,Mage Filecia (Choco),250,Boss,Nightmare
511,El Scaro: Back Alley,2890,Mage Filecia (Cocoa),220,Boss,Hard
511,El Scaro: Back Alley,2889,Mage Filecia (Plain),190,Boss,Normal
512,Sable Plains,2888,Ghilly,182,Normal,Normal
512,Sable Plains,2887,Flying Egg,181,Normal,Normal
512,Sable Plains,2886,Rodentail,180,Normal,Normal
383,HATSUNE MIKU Collab Venue,2885,HATSUNE MIKU's Collab Event Reception: 2nd Part (2023),0,NPC,Normal
383,HATSUNE MIKU Collab Venue,2884,HATSUNE MIKU's Collab Event Reception: 1st Part (2023),0,NPC,Normal
87,Event,2883,P. Avatar (2023),400,Boss,Normal
87,Event,2882,Mysterious Exchange (P. Avatar 2023),0,NPC,Normal
88,-,2881,Zodiac Rabbit Box,0,Normal,Normal
87,Event,2880,Lunadore (New Year Event 2022),30,Normal,Normal
87,Event,2879,Lunadore,50,Boss,Ultimate
87,Event,2878,Lunadore,30,Boss,Nightmare
87,Event,2877,Lunadore,20,Boss,Hard
87,Event,2876,Lunadore,10,Boss,Normal
87,Event,2875,Lunadore,1,Boss,Easy
87,Event,2874,Zega (Megiston 2022),260,Boss,Normal
87,Event,2873,Guard Golem (Megiston 2022),250,Boss,Normal
87,Event,2872,War Dragon Turba (Megiston 2022),240,Boss,Normal
87,Event,2871,Vlam the Flame Dragon (Megiston 2022),230,Boss,Normal
87,Event,2870,Junior Dragon Zyvio (Megiston 2022),220,Boss,Normal
509,Tunnel of Trials,2869,Laduro,217,Normal,Normal
509,Tunnel of Trials,2868,Tailgon,216,Normal,Normal
509,Tunnel of Trials,2867,Caverant,215,Normal,Normal
509,Tunnel of Trials,2866,Laduro,214,Normal,Normal
509,Tunnel of Trials,2865,Tailgon,213,Normal,Normal
505,Illuminare City: Route 1 (210-230),2864,Illuminitor,250,Mini Boss,Normal
508,Illuminare City: Central Square,2863,Black Velly (Very Hard),250,Boss,Normal
508,Illuminare City: Central Square,2862,Black Velly (Hard),230,Boss,Normal
508,Illuminare City: Central Square,2861,Black Velly (Normal),210,Boss,Normal
508,Illuminare City: Central Square,2860,Black Velly (Easy),190,Boss,Normal
507,Illuminare City: Route 3 (210-230),2859,Nix,222,Normal,Normal
507,Illuminare City: Route 3 (210-230),2858,Snorm,221,Normal,Normal
507,Illuminare City: Route 3 (210-230),2857,Nix,220,Normal,Normal
507,Illuminare City: Route 3 (210-230),2856,Illuminator,219,Normal,Normal
506,Illuminare City: Route 2 (210-230),2855,Snorm,221,Normal,Normal
506,Illuminare City: Route 2 (210-230),2854,Nix,220,Normal,Normal
506,Illuminare City: Route 2 (210-230),2853,Illuminator,219,Normal,Normal
506,Illuminare City: Route 2 (210-230),2852,Snorm,218,Normal,Normal
505,Illuminare City: Route 1 (210-230),2851,Nix,220,Normal,Normal
505,Illuminare City: Route 1 (210-230),2850,Illuminator,219,Normal,Normal
505,Illuminare City: Route 1 (210-230),2849,Snorm,218,Normal,Normal
505,Illuminare City: Route 1 (210-230),2848,Illuminator,217,Normal,Normal
504,Illuminare City: Route 3 (190-210),2847,Nix,202,Normal,Normal
504,Illuminare City: Route 3 (190-210),2846,Snorm,201,Normal,Normal
504,Illuminare City: Route 3 (190-210),2845,Nix,200,Normal,Normal
504,Illuminare City: Route 3 (190-210),2844,Illuminator,199,Normal,Normal
503,Illuminare City: Route 2 (190-210),2843,Snorm,201,Normal,Normal
503,Illuminare City: Route 2 (190-210),2842,Nix,200,Normal,Normal
503,Illuminare City: Route 2 (190-210),2841,Illuminator,199,Normal,Normal
503,Illuminare City: Route 2 (190-210),2840,Snorm,198,Normal,Normal
502,Illuminare City: Route 1 (190-210),2839,Nix,200,Normal,Normal
502,Illuminare City: Route 1 (190-210),2838,Illuminator,199,Normal,Normal
502,Illuminare City: Route 1 (190-210),2837,Snorm,198,Normal,Normal
502,Illuminare City: Route 1 (190-210),2836,Illuminator,197,Normal,Normal
501,Illuminare City: Route 3 (170-190),2835,Nix,182,Normal,Normal
501,Illuminare City: Route 3 (170-190),2834,Snorm,181,Normal,Normal
501,Illuminare City: Route 3 (170-190),2833,Nix,180,Normal,Normal
501,Illuminare City: Route 3 (170-190),2832,Illuminator,179,Normal,Normal
500,Illuminare City: Route 2 (170-190),2831,Snorm,181,Normal,Normal
500,Illuminare City: Route 2 (170-190),2830,Nix,180,Normal,Normal
500,Illuminare City: Route 2 (170-190),2829,Illuminator,179,Normal,Normal
500,Illuminare City: Route 2 (170-190),2828,Snorm,178,Normal,Normal
499,Illuminare City: Route 1 (170-190),2827,Nix,180,Normal,Normal
499,Illuminare City: Route 1 (170-190),2826,Illuminator,179,Normal,Normal
499,Illuminare City: Route 1 (170-190),2825,Snorm,178,Normal,Normal
499,Illuminare City: Route 1 (170-190),2824,Illuminator,177,Normal,Normal
399,Archfiend's Throne,2823,Hero Potum Party (13M DL),240,Boss,Ultimate
399,Archfiend's Throne,2822,Hero Potum Party (13M DL),220,Boss,Nightmare
399,Archfiend's Throne,2821,Hero Potum Party (13M DL),210,Boss,Hard
399,Archfiend's Throne,2820,Hero Potum Party (13M DL),200,Boss,Normal
399,Archfiend's Throne,2819,Hero Potum Party (13M DL),190,Boss,Easy
498,Royal Dragon Cocoon Chamber,2818,Filrocas,281,Boss,Ultimate
498,Royal Dragon Cocoon Chamber,2817,Filrocas,261,Boss,Nightmare
498,Royal Dragon Cocoon Chamber,2816,Filrocas,251,Boss,Hard
498,Royal Dragon Cocoon Chamber,2815,Filrocas,241,Boss,Normal
498,Royal Dragon Cocoon Chamber,2814,Filrocas,231,Boss,Easy
497,Weredragon's Vital Point: Area 2,2813,Oris,223,Normal,Normal
497,Weredragon's Vital Point: Area 2,2812,Voluto,222,Normal,Normal
497,Weredragon's Vital Point: Area 2,2811,Phasis,221,Normal,Normal
496,Weredragon's Vital Point: Area 1,2810,Oris,221,Normal,Normal
496,Weredragon's Vital Point: Area 1,2809,Voluto,220,Normal,Normal
496,Weredragon's Vital Point: Area 1,2808,Phasis,219,Normal,Normal
495,Stairway to Vital Point,2807,Exdocus,266,Mini Boss,Normal
495,Stairway to Vital Point,2806,Corroded Dragist,214,Normal,Normal
495,Stairway to Vital Point,2805,Plodocus,213,Normal,Normal
495,Stairway to Vital Point,2804,Corroded Dragist,212,Normal,Normal
495,Stairway to Vital Point,2803,Plodocus,211,Normal,Normal
495,Stairway to Vital Point,2802,Octaray,210,Normal,Normal
1,Sofya City,2801,Slayers: Collab Prize Exchange,0,NPC,Normal
87,Event,2800,Stellar Ooze (Hell),270,Boss,Normal
494,Operation Zone: Cockpit Area,2799,Trickster Dragon Mimyugon,278,Boss,Ultimate
494,Operation Zone: Cockpit Area,2798,Trickster Dragon Mimyugon,258,Boss,Nightmare
494,Operation Zone: Cockpit Area,2797,Trickster Dragon Mimyugon,248,Boss,Hard
494,Operation Zone: Cockpit Area,2796,Trickster Dragon Mimyugon,238,Boss,Normal
494,Operation Zone: Cockpit Area,2795,Trickster Dragon Mimyugon,228,Boss,Easy
493,Operation Zone: Climate Control Area,2794,Brassozard,263,Mini Boss,Normal
493,Operation Zone: Climate Control Area,2793,Brasso,220,Normal,Normal
493,Operation Zone: Climate Control Area,2792,Spaleon,219,Normal,Normal
493,Operation Zone: Climate Control Area,2791,Tarmuckus,218,Normal,Normal
492,Operation Zone: Residential Area,2790,Smocky,219,Normal,Normal
492,Operation Zone: Residential Area,2789,Brasso,218,Normal,Normal
492,Operation Zone: Residential Area,2788,Tarmuckus,217,Normal,Normal
491,Operation Zone: Power Control Area,2787,Smocky,218,Normal,Normal
491,Operation Zone: Power Control Area,2786,Spaleon,217,Normal,Normal
491,Operation Zone: Power Control Area,2785,Brasso,216,Normal,Normal
490,Freight Corridor,2784,Wymax,211,Normal,Normal
490,Freight Corridor,2783,Eyeloon,210,Normal,Normal
490,Freight Corridor,2782,Pilferrel,209,Normal,Normal
490,Freight Corridor,2781,Eyeloon,208,Normal,Normal
490,Freight Corridor,2780,Wymax,207,Normal,Normal
489,Phasma Forest: Area 3,2779,Sibylares (Very Hard),250,Boss,Normal
489,Phasma Forest: Area 3,2778,Sibylares (Hard),225,Boss,Normal
489,Phasma Forest: Area 3,2777,Sibylares (Normal),200,Boss,Normal
489,Phasma Forest: Area 3,2776,Sibylares (Easy),175,Boss,Normal
489,Phasma Forest: Area 3,2775,Manomare,172,Normal,Normal
489,Phasma Forest: Area 3,2774,Manomare,171,Normal,Normal
488,Phasma Forest: Area 2,2773,Melancia,225,Mini Boss,Normal
488,Phasma Forest: Area 2,2772,Tungkin,172,Normal,Normal
488,Phasma Forest: Area 2,2771,Tomaton,171,Normal,Normal
488,Phasma Forest: Area 2,2770,Manomare,170,Normal,Normal
487,Phasma Forest: Area 1,2769,Tomaton,170,Normal,Normal
487,Phasma Forest: Area 1,2768,Manomare,169,Normal,Normal
487,Phasma Forest: Area 1,2767,Tungkin,168,Normal,Normal
486,Manor of Surprises: Grand Hall,2766,Neewollah (Very Hard),225,Boss,Normal
486,Manor of Surprises: Grand Hall,2765,Neewollah (Hard),200,Boss,Normal
486,Manor of Surprises: Grand Hall,2764,Neewollah (Normal),175,Boss,Normal
486,Manor of Surprises: Grand Hall,2763,Neewollah (Easy),150,Boss,Normal
427,Manor of Surprises,2762,Teertocrit,200,Mini Boss,Normal
111,El Scaro,2761,Stoodie (Lv210),0,NPC,Normal
305,Otsukimi Event Venue: Crater Zone,2760,Devil Dango,250,Boss,Ultimate
484,Boma Moja: Village Center,2759,Burning Dragon Igneus,275,Boss,Ultimate
484,Boma Moja: Village Center,2758,Burning Dragon Igneus,255,Boss,Nightmare
484,Boma Moja: Village Center,2757,Burning Dragon Igneus,245,Boss,Hard
484,Boma Moja: Village Center,2756,Burning Dragon Igneus,235,Boss,Normal
484,Boma Moja: Village Center,2755,Burning Dragon Igneus,225,Boss,Easy
483,Boma Moja: Area 3,2754,Galegon,260,Mini Boss,Normal
483,Boma Moja: Area 3,2753,Catagon,217,Normal,Normal
483,Boma Moja: Area 3,2752,Guffin,216,Normal,Normal
483,Boma Moja: Area 3,2751,Megadon,215,Normal,Normal
482,Boma Moja: Area 2,2750,Catagon,216,Normal,Normal
482,Boma Moja: Area 2,2749,Guffin,215,Normal,Normal
482,Boma Moja: Area 2,2748,Megadon,214,Normal,Normal
481,Boma Moja: Area 1,2747,Serpentragon,215,Normal,Normal
481,Boma Moja: Area 1,2746,Catagon,214,Normal,Normal
481,Boma Moja: Area 1,2745,Guffin,213,Normal,Normal
480,Nebula Plain,2744,Bombor,208,Normal,Normal
480,Nebula Plain,2743,Birdieman,207,Normal,Normal
480,Nebula Plain,2742,Mist Roar,206,Normal,Normal
480,Nebula Plain,2741,Bombor,205,Normal,Normal
480,Nebula Plain,2740,Birdieman,204,Normal,Normal
243,Saltau's Beach: Beach House,2739,Gigantic Octopus,190,Boss,Ultimate
243,Saltau's Beach: Beach House,2738,Gigantic Octopus,170,Boss,Nightmare
243,Saltau's Beach: Beach House,2737,Gigantic Octopus,160,Boss,Hard
243,Saltau's Beach: Beach House,2736,Gigantic Octopus,150,Boss,Normal
243,Saltau's Beach: Beach House,2735,Gigantic Octopus,140,Boss,Easy
479,Anniversary Arena: 7th Venue,2734,Mysterious Crystal,235,Boss,Normal
479,Anniversary Arena: 7th Venue,2733,Smocky,235,Boss,Normal
479,Anniversary Arena: 7th Venue,2732,Chemical Jelly,235,Boss,Normal
479,Anniversary Arena: 7th Venue,2731,Florizard,235,Boss,Normal
479,Anniversary Arena: 7th Venue,2730,Fluck,235,Boss,Normal
479,Anniversary Arena: 7th Venue,2729,Kijimu,235,Boss,Normal
479,Anniversary Arena: 7th Venue,2728,Neo Wandering Wheel,235,Boss,Normal
479,Anniversary Arena: 7th Venue,2727,Cannon Golem,235,Boss,Normal
479,Anniversary Arena: 7th Venue,2726,Singing Eye,235,Boss,Normal
479,Anniversary Arena: 7th Venue,2725,Megiston,305,Boss,Ultimate
479,Anniversary Arena: 7th Venue,2724,Megiston,285,Boss,Nightmare
479,Anniversary Arena: 7th Venue,2723,Megiston,275,Boss,Hard
479,Anniversary Arena: 7th Venue,2722,Megiston,265,Boss,Normal
479,Anniversary Arena: 7th Venue,2721,EX Prize Exchange (7th Anniv),0,Normal,Normal
479,Anniversary Arena: 7th Venue,2720,EX Arena Entry (7th Anniv),0,Normal,Normal
479,Anniversary Arena: 7th Venue,2719,Vennie,280,Boss,Ultimate
479,Anniversary Arena: 7th Venue,2718,Vennie,260,Boss,Nightmare
479,Anniversary Arena: 7th Venue,2717,Vennie,250,Boss,Hard
479,Anniversary Arena: 7th Venue,2716,Vennie,240,Boss,Normal
479,Anniversary Arena: 7th Venue,2715,Yorken,280,Boss,Ultimate
479,Anniversary Arena: 7th Venue,2714,Yorken,260,Boss,Nightmare
479,Anniversary Arena: 7th Venue,2713,Yorken,250,Boss,Hard
479,Anniversary Arena: 7th Venue,2712,Yorken,240,Boss,Normal
479,Anniversary Arena: 7th Venue,2711,Reeza,280,Boss,Ultimate
479,Anniversary Arena: 7th Venue,2710,Reeza,260,Boss,Nightmare
479,Anniversary Arena: 7th Venue,2709,Reeza,250,Boss,Hard
479,Anniversary Arena: 7th Venue,2708,Reeza,240,Boss,Normal
479,Anniversary Arena: 7th Venue,2707,Acudel,274,Boss,Ultimate
479,Anniversary Arena: 7th Venue,2706,Acudel,254,Boss,Nightmare
479,Anniversary Arena: 7th Venue,2705,Acudel,244,Boss,Hard
479,Anniversary Arena: 7th Venue,2704,Acudel,234,Boss,Normal
479,Anniversary Arena: 7th Venue,2703,Moxaburn,272,Boss,Ultimate
479,Anniversary Arena: 7th Venue,2702,Moxaburn,252,Boss,Nightmare
479,Anniversary Arena: 7th Venue,2701,Moxaburn,242,Boss,Hard
479,Anniversary Arena: 7th Venue,2700,Moxaburn,232,Boss,Normal
479,Anniversary Arena: 7th Venue,2699,Meslum,270,Boss,Ultimate
479,Anniversary Arena: 7th Venue,2698,Meslum,250,Boss,Nightmare
479,Anniversary Arena: 7th Venue,2697,Meslum,240,Boss,Hard
479,Anniversary Arena: 7th Venue,2696,Meslum,230,Boss,Normal
479,Anniversary Arena: 7th Venue,2695,Arena Lv240 Entry (7th Anniv),0,Normal,Normal
479,Anniversary Arena: 7th Venue,2694,Arena Lv230 Entry (7th Anniv),0,Normal,Normal
477,Weredragon's Throat,2693,Guard Golem,272,Boss,Ultimate
477,Weredragon's Throat,2692,Guard Golem,252,Boss,Nightmare
477,Weredragon's Throat,2691,Guard Golem,242,Boss,Hard
477,Weredragon's Throat,2690,Guard Golem,232,Boss,Normal
477,Weredragon's Throat,2689,Guard Golem,222,Boss,Easy
477,Weredragon's Throat,2688,Wolkissa,257,Mini Boss,Normal
477,Weredragon's Throat,2687,Stonzard,204,Normal,Normal
477,Weredragon's Throat,2686,Stonzard,202,Normal,Normal
477,Weredragon's Throat,2685,Seaney,205,Normal,Normal
477,Weredragon's Throat,2684,Seaney,203,Normal,Normal
477,Weredragon's Throat,2683,Ocello,201,Normal,Normal
404,High Difficulty Boss Battle Event Venue,2682,Pedrio,265,Boss,Normal
476,Guardian Forest: Outer Area,2681,Dionea,195,Normal,Normal
476,Guardian Forest: Outer Area,2680,Smilodocanis,196,Normal,Normal
476,Guardian Forest: Outer Area,2679,Egguania,194,Normal,Normal
475,Milcaska Falls: Weredragon's Mouth,2678,Gordel,269,Boss,Ultimate
475,Milcaska Falls: Weredragon's Mouth,2677,Gordel,249,Boss,Nightmare
475,Milcaska Falls: Weredragon's Mouth,2676,Gordel,239,Boss,Hard
475,Milcaska Falls: Weredragon's Mouth,2675,Gordel,229,Boss,Normal
475,Milcaska Falls: Weredragon's Mouth,2674,Gordel,219,Boss,Easy
474,Milcaska Falls: Army Base,2673,Rampion,254,Mini Boss,Normal
474,Milcaska Falls: Army Base,2672,Nuemon,214,Normal,Normal
474,Milcaska Falls: Army Base,2671,Coccus,213,Normal,Normal
474,Milcaska Falls: Army Base,2670,Omitan,212,Normal,Normal
473,Milcaska Falls: Waterfall,2669,Nuemon,212,Normal,Normal
473,Milcaska Falls: Waterfall,2668,Coccus,211,Normal,Normal
473,Milcaska Falls: Waterfall,2667,Omitan,210,Normal,Normal
472,Vulcani Underground Passage,2666,Cormorant,202,Normal,Normal
472,Vulcani Underground Passage,2665,Octoceras,201,Normal,Normal
472,Vulcani Underground Passage,2664,Skullpion,200,Normal,Normal
472,Vulcani Underground Passage,2663,Octoceras,199,Normal,Normal
472,Vulcani Underground Passage,2662,Skullpion,198,Normal,Normal
111,El Scaro,2661,Stoodie (Lv190),0,NPC,Normal
471,Celesa's Tree Garden,2660,Sumari,182,Normal,Normal
471,Celesa's Tree Garden,2659,Roar,183,Normal,Normal
471,Celesa's Tree Garden,2658,Roar,181,Normal,Normal
471,Celesa's Tree Garden,2657,Bubble Angel,180,Normal,Normal
471,Celesa's Tree Garden,2656,Bubble Angel,184,Normal,Normal
79,Sofya City: Government Office,2655,Glory Ring Case,0,Orb Shop,Easy
79,Sofya City: Government Office,2654,Goldigem,262,Boss,Ultimate
79,Sofya City: Government Office,2653,Goldigem,242,Boss,Nightmare
79,Sofya City: Government Office,2652,Goldigem,232,Boss,Hard
79,Sofya City: Government Office,2651,Goldigem,222,Boss,Normal
79,Sofya City: Government Office,2650,Goldigem,212,Boss,Easy
471,Celesa's Tree Garden,2649,Crysmort,240,Boss,Very Hard
471,Celesa's Tree Garden,2648,Crysmort,220,Boss,Hard
471,Celesa's Tree Garden,2647,Crysmort,200,Boss,Normal
471,Celesa's Tree Garden,2646,Crysmort,180,Boss,Easy
470,Vulcani Crater Base,2645,Ignitrus,251,Mini Boss,Normal
470,Vulcani Crater Base,2644,Cormorant,199,Normal,Normal
470,Vulcani Crater Base,2643,Ignios,198,Normal,Normal
470,Vulcani Crater Base,2642,Cormorant,197,Normal,Normal
470,Vulcani Crater Base,2641,Ignios,196,Normal,Normal
470,Vulcani Crater Base,2640,Acamia,195,Normal,Normal
469,Mt. Vulcani: Summit,2639,Oculasignio,266,Boss,Ultimate
469,Mt. Vulcani: Summit,2638,Oculasignio,246,Boss,Nightmare
469,Mt. Vulcani: Summit,2637,Oculasignio,236,Boss,Hard
469,Mt. Vulcani: Summit,2636,Oculasignio,226,Boss,Normal
469,Mt. Vulcani: Summit,2635,Oculasignio,216,Boss,Easy
468,Mt. Vulcani: Area 3,2634,Tepipotamus,211,Normal,Normal
468,Mt. Vulcani: Area 3,2633,Bitum,210,Normal,Normal
468,Mt. Vulcani: Area 3,2632,Geomal,209,Normal,Normal
467,Mt. Vulcani: Area 2,2631,Tepipotamus,210,Normal,Normal
467,Mt. Vulcani: Area 2,2630,Bitum,209,Normal,Normal
467,Mt. Vulcani: Area 2,2629,Geomal,208,Normal,Normal
466,Mt. Vulcani: Area 1,2628,Tepipotamus,209,Normal,Normal
466,Mt. Vulcani: Area 1,2627,Bitum,208,Normal,Normal
466,Mt. Vulcani: Area 1,2626,Geomal,207,Normal,Normal
111,El Scaro,2625,Evil Lefina (Coffee),260,Boss,Ultimate
111,El Scaro,2624,Evil Lefina (Choco),230,Boss,Nightmare
111,El Scaro,2623,Evil Lefina (Cocoa),200,Boss,Hard
111,El Scaro,2622,Evil Lefina (Plain),170,Boss,Normal
465,Sugar Plain,2621,Tulin,164,Normal,Normal
465,Sugar Plain,2620,Cheru,162,Normal,Normal
465,Sugar Plain,2619,Coryn,161,Normal,Normal
465,Sugar Plain,2618,Tulin,160,Normal,Normal
388,Creme Cliff (Valentine's Day Event),2617,Garnache (Dark),230,Boss,Ultimate
388,Creme Cliff (Valentine's Day Event),2616,Garnache (Sweet),170,Boss,Hard
388,Creme Cliff (Valentine's Day Event),2615,Garnache (Milk),140,Boss,Normal
394,Snowball Mini Game Venue,2614,Pom Knitted Outfit Set,0,Normal,Normal
464,Arstida: Depth,2613,Velum,263,Boss,Ultimate
464,Arstida: Depth,2612,Velum,243,Boss,Nightmare
464,Arstida: Depth,2611,Velum,233,Boss,Hard
464,Arstida: Depth,2610,Velum,223,Boss,Normal
464,Arstida: Depth,2609,Velum,213,Boss,Easy
463,Arstida: Area 2,2608,Glaucius,248,Mini Boss,Normal
463,Arstida: Area 2,2607,Tetracle,208,Normal,Normal
463,Arstida: Area 2,2606,Glaucio,207,Normal,Normal
463,Arstida: Area 2,2605,Grigori,206,Normal,Normal
462,Arstida: Area 1,2604,Tetracle,206,Normal,Normal
462,Arstida: Area 1,2603,Glaucio,205,Normal,Normal
462,Arstida: Area 1,2602,Grigori,204,Normal,Normal
461,Vulcani Foothills,2601,Denden,196,Normal,Normal
461,Vulcani Foothills,2600,Dodos,195,Normal,Normal
461,Vulcani Foothills,2599,Pantamu,194,Normal,Normal
461,Vulcani Foothills,2598,Denden,193,Normal,Normal
461,Vulcani Foothills,2597,Dodos,192,Normal,Normal
111,El Scaro,2596,Stoodie (Lv170),0,NPC,Normal
7,Rakau Plains,2595,Mieli (Dark),250,Boss,Ultimate
7,Rakau Plains,2594,Mieli (Bitter),220,Boss,Nightmare
7,Rakau Plains,2593,Mieli (Sweet),190,Boss,Hard
7,Rakau Plains,2592,Mieli (Milk),160,Boss,Normal
460,Divido Spring,2591,Vlam the Flame Dragon,260,Boss,Ultimate
460,Divido Spring,2590,Vlam the Flame Dragon,240,Boss,Nightmare
460,Divido Spring,2589,Vlam the Flame Dragon,230,Boss,Hard
460,Divido Spring,2588,Vlam the Flame Dragon,220,Boss,Normal
460,Divido Spring,2587,Vlam the Flame Dragon,210,Boss,Easy
459,Divido Valley: Area 3,2586,Blazingur,245,Mini Boss,Normal
459,Divido Valley: Area 3,2585,Pantarum,205,Normal,Normal
459,Divido Valley: Area 3,2584,Mycorina,204,Normal,Normal
459,Divido Valley: Area 3,2583,Ophitrix,203,Normal,Normal
458,Divido Valley: Area 2,2582,Pantarum,204,Normal,Normal
458,Divido Valley: Area 2,2581,Mycorina,203,Normal,Normal
458,Divido Valley: Area 2,2580,Ophitrix,202,Normal,Normal
457,Divido Valley: Area 1,2579,Pantarum,203,Normal,Normal
457,Divido Valley: Area 1,2578,Mycorina,202,Normal,Normal
457,Divido Valley: Area 1,2577,Ophitrix,201,Normal,Normal
456,Flumen Plains,2576,Treemit,191,Normal,Normal
456,Flumen Plains,2575,Treekat,193,Normal,Normal
456,Flumen Plains,2574,Treekat,190,Normal,Normal
456,Flumen Plains,2573,Booboo,192,Normal,Normal
456,Flumen Plains,2572,Booboo,189,Normal,Normal
88,-,2571,Zodiac Tiger Box,0,Normal,Normal
87,Event,2570,Purro (New Year Event 2022),30,Normal,Normal
87,Event,2569,Purro,50,Boss,Ultimate
87,Event,2568,Purro,30,Boss,Nightmare
87,Event,2567,Purro,20,Boss,Hard
87,Event,2566,Purro,10,Boss,Normal
87,Event,2565,Purro,1,Boss,Easy
87,Event,2564,Mysterious Exchange (P. Avatar 2022),0,NPC,Normal
87,Event,2563,P. Avatar (2022),400,Boss,Normal
87,Event,2562,Zega (Megiston 2021),240,Boss,Normal
87,Event,2561,Demonic Quasar (Megiston 2021),230,Boss,Normal
87,Event,2560,Irestida (Megiston 2021),220,Boss,Normal
87,Event,2559,Black Shadow (Megiston 2021),210,Boss,Normal
87,Event,2558,Tuscog (Megiston 2021),200,Boss,Normal
455,Prime Ramus: Village,2557,War Dragon Turba,257,Boss,Ultimate
455,Prime Ramus: Village,2556,War Dragon Turba,237,Boss,Nightmare
455,Prime Ramus: Village,2555,War Dragon Turba,227,Boss,Hard
455,Prime Ramus: Village,2554,War Dragon Turba,217,Boss,Normal
455,Prime Ramus: Village,2553,War Dragon Turba,207,Boss,Easy
454,Prime Ramus: Area 3,2552,Langur,202,Normal,Normal
454,Prime Ramus: Area 3,2551,Tackal,201,Normal,Normal
454,Prime Ramus: Area 3,2550,Torturock,200,Normal,Normal
453,Prime Ramus: Area 2,2549,Langur,201,Normal,Normal
453,Prime Ramus: Area 2,2548,Tackal,200,Normal,Normal
453,Prime Ramus: Area 2,2547,Torturock,199,Normal,Normal
452,Prime Ramus: Area 1,2546,Langur,200,Normal,Normal
452,Prime Ramus: Area 1,2545,Tackal,199,Normal,Normal
452,Prime Ramus: Area 1,2544,Torturock,198,Normal,Normal
451,Eumano Glade,2543,Gordo,242,Mini Boss,Normal
451,Eumano Glade,2542,Mogkey,189,Normal,Normal
451,Eumano Glade,2541,Mogkey,187,Normal,Normal
451,Eumano Glade,2540,Grass Tapir,186,Normal,Normal
451,Eumano Glade,2539,Ostrich,190,Normal,Normal
451,Eumano Glade,2538,Ostrich,188,Normal,Normal
450,Noeliel Castle: B4F,2537,Dutannen (Max),239,Boss,Normal
450,Noeliel Castle: B4F,2536,Dutannen (Strong),219,Boss,Normal
450,Noeliel Castle: B4F,2535,Dutannen (Medium),199,Boss,Normal
450,Noeliel Castle: B4F,2534,Dutannen (Weak),179,Boss,Normal
449,Noeliel Castle: B3F (190-210),2533,Iceberg,202,Normal,Normal
448,Noeliel Castle: B2F (190-210),2532,Iceberg,202,Normal,Normal
449,Noeliel Castle: B3F (190-210),2531,Iceberg,200,Normal,Normal
448,Noeliel Castle: B2F (190-210),2530,Iceberg,200,Normal,Normal
447,Noeliel Castle: B1F (190-210),2529,Iceberg,200,Normal,Normal
446,Noeliel Castle: B3F (170-190),2528,Iceberg,182,Normal,Normal
445,Noeliel Castle: B2F (170-190),2527,Iceberg,182,Normal,Normal
446,Noeliel Castle: B3F (170-190),2526,Iceberg,180,Normal,Normal
445,Noeliel Castle: B2F (170-190),2525,Iceberg,180,Normal,Normal
444,Noeliel Castle: B1F (170-190),2524,Iceberg,180,Normal,Normal
443,Noeliel Castle: B3F (150-170),2523,Iceberg,162,Normal,Normal
442,Noeliel Castle: B2F (150-170),2522,Iceberg,162,Normal,Normal
443,Noeliel Castle: B3F (150-170),2521,Iceberg,160,Normal,Normal
442,Noeliel Castle: B2F (150-170),2520,Iceberg,160,Normal,Normal
441,Noeliel Castle: B1F (150-170),2519,Iceberg,160,Normal,Normal
449,Noeliel Castle: B3F (190-210),2518,Anti-Xmas Killer Blade,203,Normal,Normal
449,Noeliel Castle: B3F (190-210),2517,Anti-Xmas Killer Blade,201,Normal,Normal
448,Noeliel Castle: B2F (190-210),2516,Anti-Xmas Killer Blade,201,Normal,Normal
448,Noeliel Castle: B2F (190-210),2515,Anti-Xmas Killer Blade,198,Normal,Normal
447,Noeliel Castle: B1F (190-210),2514,Anti-Xmas Killer Blade,201,Normal,Normal
447,Noeliel Castle: B1F (190-210),2513,Anti-Xmas Killer Blade,198,Normal,Normal
446,Noeliel Castle: B3F (170-190),2512,Anti-Xmas Killer Blade,183,Normal,Normal
446,Noeliel Castle: B3F (170-190),2511,Anti-Xmas Killer Blade,181,Normal,Normal
445,Noeliel Castle: B2F (170-190),2510,Anti-Xmas Killer Blade,181,Normal,Normal
445,Noeliel Castle: B2F (170-190),2509,Anti-Xmas Killer Blade,178,Normal,Normal
444,Noeliel Castle: B1F (170-190),2508,Anti-Xmas Killer Blade,181,Normal,Normal
444,Noeliel Castle: B1F (170-190),2507,Anti-Xmas Killer Blade,178,Normal,Normal
443,Noeliel Castle: B3F (150-170),2506,Anti-Xmas Killer Blade,163,Normal,Normal
443,Noeliel Castle: B3F (150-170),2505,Anti-Xmas Killer Blade,161,Normal,Normal
442,Noeliel Castle: B2F (150-170),2504,Anti-Xmas Killer Blade,161,Normal,Normal
442,Noeliel Castle: B2F (150-170),2503,Anti-Xmas Killer Blade,158,Normal,Normal
441,Noeliel Castle: B1F (150-170),2502,Anti-Xmas Killer Blade,161,Normal,Normal
441,Noeliel Castle: B1F (150-170),2501,Anti-Xmas Killer Blade,158,Normal,Normal
449,Noeliel Castle: B3F (190-210),2500,Confeito,199,Normal,Normal
448,Noeliel Castle: B2F (190-210),2499,Confeito,199,Normal,Normal
447,Noeliel Castle: B1F (190-210),2498,Confeito,199,Normal,Normal
447,Noeliel Castle: B1F (190-210),2497,Confeito,197,Normal,Normal
446,Noeliel Castle: B3F (170-190),2496,Confeito,179,Normal,Normal
445,Noeliel Castle: B2F (170-190),2495,Confeito,179,Normal,Normal
444,Noeliel Castle: B1F (170-190),2494,Confeito,179,Normal,Normal
444,Noeliel Castle: B1F (170-190),2493,Confeito,177,Normal,Normal
443,Noeliel Castle: B3F (150-170),2492,Confeito,159,Normal,Normal
442,Noeliel Castle: B2F (150-170),2491,Confeito,159,Normal,Normal
441,Noeliel Castle: B1F (150-170),2490,Confeito,159,Normal,Normal
441,Noeliel Castle: B1F (150-170),2489,Confeito,157,Normal,Hard
427,Manor of Surprises,2487,Ragus,158,Normal,Normal
427,Manor of Surprises,2486,Manshadow,160,Normal,Normal
427,Manor of Surprises,2485,Hallophantom,159,Normal,Normal
111,El Scaro,2484,Stoodie (Lv150),0,NPC,Normal
111,El Scaro,2483,Stoodie (Lv130),0,NPC,Normal
111,El Scaro,2482,Stoodie (Lv110),0,NPC,Normal
111,El Scaro,2481,Stoodie (Lv90),0,NPC,Normal
111,El Scaro,2480,Stoodie (Lv70),0,NPC,Normal
111,El Scaro,2479,Stoodie (Lv50),0,NPC,Normal
111,El Scaro,2478,Stoodie (Lv30),0,NPC,Normal
111,El Scaro,2477,Stoodie (Lv10),0,NPC,Normal
425,Storage Yard: Arena,2475,Junior Dragon Zyvio,254,Boss,Ultimate
425,Storage Yard: Arena,2474,Junior Dragon Zyvio,234,Boss,Nightmare
425,Storage Yard: Arena,2473,Junior Dragon Zyvio,224,Boss,Hard
425,Storage Yard: Arena,2472,Junior Dragon Zyvio,214,Boss,Normal
425,Storage Yard: Arena,2471,Junior Dragon Zyvio,204,Boss,Easy
424,Storage Yard: Area 2,2470,Bullamius,239,Mini Boss,Normal
424,Storage Yard: Area 2,2469,Zimius,199,Normal,Normal
423,Storage Yard: Area 1,2468,Zimius,197,Normal,Normal
424,Storage Yard: Area 2,2467,Wood Mouse,197,Normal,Normal
423,Storage Yard: Area 1,2466,Wood Mouse,195,Normal,Normal
424,Storage Yard: Area 2,2465,Dryanymon,198,Normal,Normal
423,Storage Yard: Area 1,2464,Dryanymon,196,Normal,Normal
422,Country Road,2463,Bo Peep,185,Normal,Normal
422,Country Road,2462,Bo Peep,187,Normal,Normal
422,Country Road,2461,Izuna,186,Normal,Normal
422,Country Road,2460,Izuna,184,Normal,Normal
422,Country Road,2459,Georaven,183,Normal,Normal
1,Sofya City,2458,Alchemia Story: Collab Prize Exchange,0,NPC,Normal
87,Event,2457,Gerumi,220,Boss,Normal
421,Guardian Forest: Inner Area,2456,Dionea,193,Normal,Normal
421,Guardian Forest: Inner Area,2455,Smilodocanis,194,Normal,Normal
421,Guardian Forest: Inner Area,2454,Egguania,192,Normal,Normal
420,Guardian Forest: Giant Tree,2453,Ferzen the Rock Dragon,251,Boss,Ultimate
420,Guardian Forest: Giant Tree,2452,Ferzen the Rock Dragon,231,Boss,NIghtmare
420,Guardian Forest: Giant Tree,2451,Ferzen the Rock Dragon,221,Boss,Hard
420,Guardian Forest: Giant Tree,2450,Ferzen the Rock Dragon,211,Boss,Normal
420,Guardian Forest: Giant Tree,2449,Ferzen the Rock Dragon,201,Boss,Easy
248,Tolbas GrassLand,2448,Silver Coryn (2021),100,Mini Boss,Normal
110,Wanderer's Plain,2447,Silver Coryn (2021),100,Mini Boss,Normal
70,Darkanon Plain,2446,Silver Coryn (2021),100,Mini Boss,Normal
51,Yorl Highlands,2445,Silver Coryn (2021),100,Mini Boss,Normal
7,Rakau Plains,2444,Silver Coryn (2021),100,Mini Boss,Normal
419,Guardian Forest: Lost Woods,2443,Arbogazella,236,Mini Boss,Normal
419,Guardian Forest: Lost Woods,2442,Dionea,193,Normal,Normal
419,Guardian Forest: Lost Woods,2441,Smilodocanis,194,Normal,Normal
419,Guardian Forest: Lost Woods,2440,Egguania,192,Normal,Normal
418,Movere Specula,2439,Guttata,182,Normal,Normal
418,Movere Specula,2438,Arhinotops,184,Normal,Normal
418,Movere Specula,2437,Arhinotops,181,Normal,Normal
418,Movere Specula,2436,Arigazella,183,Normal,Normal
418,Movere Specula,2435,Arigazella,180,Normal,Normal
305,Otsukimi Event Venue: Crater Zone,2434,Devil Dango,220,Boss,Nightmare
305,Otsukimi Event Venue: Crater Zone,2433,Devil Dango,170,Boss,Hard
305,Otsukimi Event Venue: Crater Zone,2432,Devil Dango,120,Boss,Normal
413,Anniversary Arena: 6th Venue,2431,Megiston,285,Boss,Ultimate
413,Anniversary Arena: 6th Venue,2430,Megiston,265,Boss,Nightmare
413,Anniversary Arena: 6th Venue,2429,Megiston,255,Boss,Hard
413,Anniversary Arena: 6th Venue,2428,Megiston,245,Boss,Normal
417,Underwater Canyon: Depths,2427,Yuveria,225,Boss,Ultimate
417,Underwater Canyon: Depths,2426,Yuveria,205,Boss,NIghtmare
417,Underwater Canyon: Depths,2425,Yuveria,195,Boss,Hard
417,Underwater Canyon: Depths,2424,Yuveria,185,Boss,Normal
417,Underwater Canyon: Depths,2423,Yuveria,175,Boss,Easy
416,Underwater Canyon: Area 3,2422,Capten Amiya,227,Mini Boss,Normal
416,Underwater Canyon: Area 3,2421,Horsenex,172,Normal,Normal
415,Underwater Canyon: Area 2,2420,Horsenex,171,Normal,Normal
414,Underwater Canyon: Area 1,2419,Horsenex,170,Normal,Normal
416,Underwater Canyon: Area 3,2418,Amiya,173,Normal,Normal
415,Underwater Canyon: Area 2,2417,Amiya,172,Normal,Normal
414,Underwater Canyon: Area 1,2416,Amiya,171,Normal,Normal
416,Underwater Canyon: Area 3,2415,Paguro,174,Normal,Normal
415,Underwater Canyon: Area 2,2414,Paguro,173,Normal,Normal
414,Underwater Canyon: Area 1,2413,Paguro,172,Normal,Normal
413,Anniversary Arena: 6th Venue,2412,6th Anniversary Exchange B,0,Normal,Normal
413,Anniversary Arena: 6th Venue,2411,6th Anniversary Exchange A,0,Normal,Normal
413,Anniversary Arena: 6th Venue,2410,Sedem Coenubia,215,Boss,Normal
413,Anniversary Arena: 6th Venue,2409,Pyxtica,215,Boss,Normal
413,Anniversary Arena: 6th Venue,2408,Vulture,215,Boss,Normal
413,Anniversary Arena: 6th Venue,2407,Bexiz,215,Boss,Normal
413,Anniversary Arena: 6th Venue,2406,Cerberus,215,Boss,Normal
413,Anniversary Arena: 6th Venue,2405,Furious Red Demon,260,Boss,Ultimate
413,Anniversary Arena: 6th Venue,2404,Furious Red Demon,240,Boss,NIghtmare
413,Anniversary Arena: 6th Venue,2403,Furious Red Demon,230,Boss,Hard
413,Anniversary Arena: 6th Venue,2402,Furious Red Demon,220,Boss,Normal
413,Anniversary Arena: 6th Venue,2401,Fish Skeleton Spirit,260,Boss,Ultimate
413,Anniversary Arena: 6th Venue,2400,Fish Skeleton Spirit,240,Boss,NIghtmare
413,Anniversary Arena: 6th Venue,2399,Fish Skeleton Spirit,230,Boss,Hard
413,Anniversary Arena: 6th Venue,2398,Fish Skeleton Spirit,220,Boss,Normal
413,Anniversary Arena: 6th Venue,2397,Cursed Demonic Coral,260,Boss,Ultimate
413,Anniversary Arena: 6th Venue,2396,Cursed Demonic Coral,240,Boss,NIghtmare
413,Anniversary Arena: 6th Venue,2395,Cursed Demonic Coral,230,Boss,Hard
413,Anniversary Arena: 6th Venue,2394,Cursed Demonic Coral,220,Boss,Normal
413,Anniversary Arena: 6th Venue,2393,Distressed Dark Dragon,250,Boss,Ultimate
413,Anniversary Arena: 6th Venue,2392,Distressed Dark Dragon,230,Boss,NIghtmare
413,Anniversary Arena: 6th Venue,2391,Distressed Dark Dragon,220,Boss,Hard
413,Anniversary Arena: 6th Venue,2390,Distressed Dark Dragon,210,Boss,Normal
413,Anniversary Arena: 6th Venue,2389,Rampaging Grass Dragon,250,Boss,Ultimate
413,Anniversary Arena: 6th Venue,2388,Rampaging Grass Dragon,230,Boss,NIghtmare
413,Anniversary Arena: 6th Venue,2387,Rampaging Grass Dragon,220,Boss,Hard
413,Anniversary Arena: 6th Venue,2386,Rampaging Grass Dragon,210,Boss,Normal
413,Anniversary Arena: 6th Venue,2385,Raging Sand Dragon,250,Boss,Ultimate
413,Anniversary Arena: 6th Venue,2384,Raging Sand Dragon,230,Boss,NIghtmare
413,Anniversary Arena: 6th Venue,2383,Raging Sand Dragon,220,Boss,Hard
413,Anniversary Arena: 6th Venue,2382,Raging Sand Dragon,210,Boss,Normal
404,High Difficulty Boss Battle Event Venue,2381,Patissia,230,Boss,Ultimate
404,High Difficulty Boss Battle Event Venue,2380,Maton Sword,230,Boss,Ultimate
404,High Difficulty Boss Battle Event Venue,2379,Gespenst,230,Boss,Ultimate
412,Fugitive Lake Swamp: Depths,2378,Gemma,248,Boss,Ultimate
412,Fugitive Lake Swamp: Depths,2377,Gemma,228,Boss,Nightmare
412,Fugitive Lake Swamp: Depths,2376,Gemma,218,Boss,Hard
412,Fugitive Lake Swamp: Depths,2375,Gemma,208,Boss,normal
412,Fugitive Lake Swamp: Depths,2374,Gemma,198,Boss,Easy
411,Fugitive Lake Swamp: Area 3,2373,Rhinosaur,233,Mini Boss,normal
411,Fugitive Lake Swamp: Area 3,2372,Rollitida,193,Normal,normal
411,Fugitive Lake Swamp: Area 3,2371,Lake Rana,192,Normal,normal
411,Fugitive Lake Swamp: Area 3,2370,Rhinoceros,191,Normal,normal
410,Fugitive Lake Swamp: Area 2,2369,Rollitida,191,Normal,normal
410,Fugitive Lake Swamp: Area 2,2368,Hippopo,192,Normal,normal
410,Fugitive Lake Swamp: Area 2,2367,Rhinoceros,190,Normal,normal
409,Fugitive Lake Swamp: Area 1,2366,Rhinoceros,189,Normal,normal
409,Fugitive Lake Swamp: Area 1,2365,Lake Rana,190,Normal,normal
409,Fugitive Lake Swamp: Area 1,2364,Hippopo,191,Normal,normal
408,Noisy Woodland,2363,Boarlet,181,Normal,normal
408,Noisy Woodland,2362,Boarlet,178,Normal,normal
408,Noisy Woodland,2361,Hippopo,179,Normal,normal
408,Noisy Woodland,2360,Obsidian Lizard,180,Normal,normal
408,Noisy Woodland,2359,Obsidian Lizard,177,Normal,normal
407,Manna Waterfront,2358,Reliza,250,Boss,Ultimate
407,Manna Waterfront,2357,Reliza,230,Boss,Nightmare
407,Manna Waterfront,2356,Reliza,220,Boss,Hard
407,Manna Waterfront,2355,Reliza,210,Boss,Normal
407,Manna Waterfront,2354,Reliza,200,Boss,Easy
375,Inje Village,2353,Pojo,168,Normal,Normal
375,Inje Village,2352,Climber Potum,169,Normal,Normal
377,Ducia Coast: Area 2,2351,Lutris,178,Normal,Normal
406,Arche Valley: Area 3,2349,Sumari,182,Normal,Normal
406,Arche Valley: Area 3,2348,Fronymon,183,Normal,Normal
406,Arche Valley: Area 3,2347,Besy,184,Normal,Normal
69,Saham Underground Cave - Deepest Part,2346,Naiata,240,Boss,Ultimate
405,Arche Valley: Area 2,2345,Besy,183,Normal,Normal
405,Arche Valley: Area 2,2344,Fronymon,182,Normal,Normal
405,Arche Valley: Area 2,2343,Sumari,181,Normal,Normal
380,Celarra Plateau,2342,Ovinymon,172,Normal,Normal
380,Celarra Plateau,2341,Shroonymon,171,Normal,Normal
374,Lunagent Cliff Base,2340,Flooray,165,Normal,Normal
404,High Difficulty Boss Battle Event Venue,2339,Patissia High Difficulty Exchange,0,,Normal
404,High Difficulty Boss Battle Event Venue,2338,Neo Maton High Difficulty Exchange,0,,Normal
404,High Difficulty Boss Battle Event Venue,2337,Gespenst High Difficulty Exchange,0,,Normal
392,Rokoko City Ruins,2336,Coofer,174,Normal,Normal
392,Rokoko City Ruins,2335,Boon ,172,Normal,Normal
404,High Difficulty Boss Battle Event Venue,2334,Patissia,225,Boss,Ultimate
404,High Difficulty Boss Battle Event Venue,2333,Patissia,220,Boss,Ultimate
404,High Difficulty Boss Battle Event Venue,2332,Patissia,215,Boss,Ultimate
404,High Difficulty Boss Battle Event Venue,2331,Maton Sword,225,Boss,Ultimate
404,High Difficulty Boss Battle Event Venue,2330,Maton Sword,220,Boss,Ultimate
404,High Difficulty Boss Battle Event Venue,2329,Maton Sword,215,Boss,Ultimate
404,High Difficulty Boss Battle Event Venue,2328,Maton Sword,210,Boss,Ultimate
404,High Difficulty Boss Battle Event Venue,2327,Maton Sword,205,Boss,Ultimate
404,High Difficulty Boss Battle Event Venue,2326,Maton Sword,200,Boss,Ultimate
404,High Difficulty Boss Battle Event Venue,2325,Maton Sword,195,Boss,Ultimate
404,High Difficulty Boss Battle Event Venue,2324,Gespenst,225,Boss,Ultimate
404,High Difficulty Boss Battle Event Venue,2323,Gespenst,220,Boss,Ultimate
404,High Difficulty Boss Battle Event Venue,2322,Gespenst,215,Boss,Ultimate
404,High Difficulty Boss Battle Event Venue,2321,Gespenst,210,Boss,Ultimate
404,High Difficulty Boss Battle Event Venue,2320,Gespenst,205,Boss,Ultimate
404,High Difficulty Boss Battle Event Venue,2319,Gespenst,200,Boss,Ultimate
404,High Difficulty Boss Battle Event Venue,2318,Gespenst,195,Boss,Ultimate
404,High Difficulty Boss Battle Event Venue,2317,Gespenst,190,Boss,Ultimate
404,High Difficulty Boss Battle Event Venue,2316,Gespenst,185,Boss,Ultimate
404,High Difficulty Boss Battle Event Venue,2315,Gespenst,180,Boss,Ultimate
404,High Difficulty Boss Battle Event Venue,2314,Gespenst,175,Boss,Ultimate
404,High Difficulty Boss Battle Event Venue,2313,Gespenst,170,Boss,Ultimate
404,High Difficulty Boss Battle Event Venue,2312,Gespenst,165,Boss,Ultimate
87,Event,2311,Bride Box,0,Normal,Normal
87,Event,2310,Groom Box,0,Normal,Normal
7,Rakau Plains,2309,Golden Pom Treasure Box,0,Normal,Normal
87,Event,2308,Rainy Season Event Reception,0,Normal,Normal
403,Nov Diela Central,2307,Irestida,245,Boss,Ultimate
403,Nov Diela Central,2306,Irestida,225,Boss,Nightmare
403,Nov Diela Central,2305,Irestida,215,Boss,Hard
403,Nov Diela Central,2304,Irestida,205,Boss,Normal
403,Nov Diela Central,2303,Irestida,195,Boss,Easy
402,Nov Diela Area 3,2302,Juvestida,188,Normal,Normal
402,Nov Diela Area 3,2301,Walkastida,190,Normal,Normal
402,Nov Diela Area 3,2300,Flystida,189,Normal,Normal
401,Nov Diela Area 2,2299,Juvestida,187,Normal,Normal
401,Nov Diela Area 2,2298,Walkastida,189,Normal,Normal
401,Nov Diela Area 2,2297,Flystida,188,Normal,Normal
400,Nov Diela Area 1,2296,Trocostida,230,Mini Boss,Normal
400,Nov Diela Area 1,2295,Juvestida,186,Normal,Normal
400,Nov Diela Area 1,2294,Walkastida,188,Normal,Normal
400,Nov Diela Area 1,2293,Flystida,187,Normal,Normal
248,Tolbas GrassLand,2292,Golden Potum (12M DL),100,Mini Boss,Normal
110,Wanderer's Plain,2291,Golden Potum (12M DL),100,Mini Boss,Normal
70,Darkanon Plain,2290,Golden Potum (12M DL),100,Mini Boss,Normal
51,Yorl Highlands,2289,Golden Potum (12M DL),100,Mini Boss,Normal
7,Rakau Plains,2288,Golden Potum (12M DL),100,Mini Boss,Normal
399,Archfiend's Throne,2287,Hero Potum Party (12M DL),220,Boss,Ultimate
399,Archfiend's Throne,2286,Hero Potum Party (12M DL),200,Boss,Nightmare
399,Archfiend's Throne,2285,Hero Potum Party (12M DL),190,Boss,Hard
399,Archfiend's Throne,2284,Hero Potum Party (12M DL),180,Boss,Normal
399,Archfiend's Throne,2283,Hero Potum Party (12M DL),170,Boss,Easy
286,Sakura Castle Donjon: Lower,2282,Sakura Castle Exploration (Mini Game),140,Normal,Normal
398,Lush Falls : Upstream,2281,Dreamy Scarlet Sakura (Nightmare),220,Boss,Nightmare
398,Lush Falls : Upstream,2280,Dreamy Scarlet Sakura (Hard),200,Boss,Hard
398,Lush Falls : Upstream,2279,Dreamy Scarlet Sakura (Normal),180,Boss,Normal
398,Lush Falls : Upstream,2278,Dreamy Scarlet Sakura (Easy),160,Boss,Easy
87,Event,2277,Gift from the Syndicate,0,Normal,Normal
87,Event,2276,†Dark Lord†,220,Boss,Normal
397,Witch's Woods Depths,2275,Hexter,242,Boss,Ultimate
397,Witch's Woods Depths,2274,Hexter,222,Boss,Nightmare
397,Witch's Woods Depths,2273,Hexter,212,Boss,Hard
397,Witch's Woods Depths,2272,Hexter,202,Boss,Normal
397,Witch's Woods Depths,2271,Hexter,192,Boss,Easy
396,Nezim Wetlands,2270,Lord of Nezim,227,Mini Boss,Normal
396,Nezim Wetlands,2269,Kappadon,177,Normal,Normal
396,Nezim Wetlands,2268,Spirabol,176,Normal,Normal
396,Nezim Wetlands,2267,Coofer,178,Normal,Normal
396,Nezim Wetlands,2266,Kappadon,175,Normal,Normal
396,Nezim Wetlands,2265,Strider,174,Normal,Normal
395,Kitagawa Dream Center,2264,Pillow Kitagawa,0,Boss,Normal
393,Cookie Road,2263,Alfenix,180,Normal,Normal
111,El Scaro,2262,Alfenix,230,Boss,Ultimate
394,Snowball Mini Game Venue,2261,Snow Bear Box,0,Normal,Normal
394,Snowball Mini Game Venue,2260,Snowball Event NPC,0,Normal,Normal
393,Cookie Road,2259,Crow Killer,130,Normal,Normal
393,Cookie Road,2258,Floragonet,129,Normal,Normal
393,Cookie Road,2257,Honeybee,128,Normal,Normal
391,Witch's Woods Area 3,2256,Eerie Scarecrow,185,Normal,Normal
391,Witch's Woods Area 3,2255,Enty,187,Normal,Normal
391,Witch's Woods Area 3,2254,Bayaga,186,Normal,Normal
390,Witch's Woods Area 2,2253,Eerie Scarecrow,184,Normal,Normal
390,Witch's Woods Area 2,2252,Enty,186,Normal,Normal
390,Witch's Woods Area 2,2251,Bayaga,185,Normal,Normal
389,Witch's Woods Area 1,2250,Eerie Scarecrow,183,Normal,Normal
111,El Scaro,2249,Alfenix,210,Boss,Nightmare
111,El Scaro,2248,Alfenix,180,Boss,Hard
111,El Scaro,2247,Alfenix,150,Boss,Normal
111,El Scaro,2246,Kruztor,250,Boss,Ultimate
390,Witch's Woods Area 2,2245,Grim Reaper Scarecrow,224,Mini Boss,Normal
392,Rokoko City Ruins,2244,Black Shadow,239,Boss,Ultimate
392,Rokoko City Ruins,2243,Black Shadow,219,Boss,Nightmare
392,Rokoko City Ruins,2242,Black Shadow,209,Boss,Hard
392,Rokoko City Ruins,2241,Black Shadow,199,Boss,Normal
392,Rokoko City Ruins,2240,Black Shadow,189,Boss,Easy
87,Event,2239,Ice & Snow Bucket,0,Normal,Normal
392,Rokoko City Ruins,2238,Coofer,171,Normal,Normal
392,Rokoko City Ruins,2237,Guard Colon,173,Normal,Normal
392,Rokoko City Ruins,2236,Boon ,175,Normal,Normal
389,Witch's Woods Area 1,2235,Enty,185,Normal,Normal
389,Witch's Woods Area 1,2234,Bayaga,184,Normal,Normal
388,Creme Cliff (Valentine's Day Event),2233,Garnache (Bitter),200,Boss,Nightmare
388,Creme Cliff (Valentine's Day Event),2232,Pico,125,Normal,Normal
388,Creme Cliff (Valentine's Day Event),2231,Liqueur Potum,123,Normal,Normal
388,Creme Cliff (Valentine's Day Event),2230,Kijimu,124,Normal,Normal
111,El Scaro,2229,Stoodie's Experiment (100-150),0,NPC,Normal
111,El Scaro,2228,Stoodie's Experiment (10-90),0,NPC,Normal
87,Event,2227,P. Avatar (2021),400,Boss,Normal
87,Event,2226,Stellar Ooze,230,Boss,Normal
88,-,2225,Zodiac Ox Box,0,Normal,Normal
87,Event,2224,Bonivio (New Year Event 2021),30,Normal,Normal
87,Event,2223,Bonivio (New Year Event 2021),10,Boss,Normal
87,Event,2222,Lalun (Summer Event Exchange),0,NPC,Normal
87,Event,2221,Zega (Megiston 2020),220,Boss,Normal
87,Event,2220,Zolban (Megiston 2020),210,Boss,Normal
87,Event,2219,Finstern the Dark Dragon (Megiston 2020),200,Boss,Normal
87,Event,2218,Kuzto (Megiston 2020),190,Boss,Normal
87,Event,2217,Eroded Pilz (Megiston 2020),180,Boss,Normal
385,Tomte Pavillion (170-190),2216,Gift Coryn,0,Normal,Normal
385,Tomte Pavillion (170-190),2215,Yule Cat,197,Boss,Hard
383,HATSUNE MIKU Collab Venue,2214,HATSUNE MIKU's Collab Event Reception (2nd Part),0,NPC,Normal
387,Tomte Pavillion (130-150),2213,Acernix,141,Normal,Normal
387,Tomte Pavillion (130-150),2212,Santaby,142,Normal,Normal
387,Tomte Pavillion (130-150),2211,Minimyu,140,Normal,Normal
386,Tomte Pavillion (150-170),2210,Acernix,160,Normal,Normal
386,Tomte Pavillion (150-170),2209,Mille,162,Normal,Normal
386,Tomte Pavillion (150-170),2208,Santaby,159,Normal,Normal
385,Tomte Pavillion (170-190),2207,Sentreast,180,Normal,Normal
385,Tomte Pavillion (170-190),2206,Schnee,182,Normal,Normal
385,Tomte Pavillion (170-190),2205,Santaby,182,Normal,Normal
87,Event,2204,Rainy Season Event,0,Normal,Normal
88,-,2203,Dirty Antique,0,Normal,Normal
88,-,2202,Golden Casket,0,Normal,Normal
88,-,2201,Red Steel Box,0,Normal,Normal
88,-,2200,Suspicious Old Box,0,Normal,Normal
87,Event,2199,Valentine Event (All Monsters),0,Normal,Normal
485,Tir Na Nog Square,2198,Pumpking,100,Boss,Very Hard
485,Tir Na Nog Square,2197,Pumpking,75,Boss,Hard
485,Tir Na Nog Square,2196,Pumpking,50,Boss,Normal
485,Tir Na Nog Square,2195,Pumpking,25,Boss,Easy
384,Pom Taming Land,2194,Concert Potum,180,Mini Boss,Normal
383,HATSUNE MIKU Collab Venue,2193,HATSUNE MIKU's Collab Event Reception (1st Part),0,NPC,Normal
382,Arche Valley: Depths,2192,Arachnidemon,236,Boss,Ultimate
382,Arche Valley: Depths,2191,Arachnidemon,216,Boss,Nightmare
382,Arche Valley: Depths,2190,Arachnidemon,206,Boss,Hard
382,Arche Valley: Depths,2189,Arachnidemon,196,Boss,Normal
382,Arche Valley: Depths,2188,Arachnidemon,186,Boss,Easy
381,Arche Valley: Area 1,2187,Besy,182,Normal,Normal
381,Arche Valley: Area 1,2186,Espectro,221,Mini Boss,Normal
381,Arche Valley: Area 1,2185,Fronymon,181,Normal,Normal
381,Arche Valley: Area 1,2184,Sumari,180,Normal,Normal
380,Celarra Plateau,2183,Arbonymon,170,Normal,Normal
380,Celarra Plateau,2182,Ovinymon,169,Normal,Normal
380,Celarra Plateau,2181,Shroonymon,168,Normal,Normal
373,Phantom Wisp's Hideout: Theater,2180,Phantom Wisp,200,Boss,Very Hard
379,Ducia Coast: Depths,2179,Pisteus,233,Boss,Ultimate
379,Ducia Coast: Depths,2178,Pisteus,213,Boss,Nightmare
379,Ducia Coast: Depths,2177,Pisteus,203,Boss,Hard
379,Ducia Coast: Depths,2176,Pisteus,193,Boss,Normal
379,Ducia Coast: Depths,2175,Pisteus,183,Boss,Easy
378,Ducia Coast: Area 3,2174,Porgy,181,Normal,Normal
378,Ducia Coast: Area 3,2173,Cabello,188,Normal,Normal
378,Ducia Coast: Area 3,2172,Lutris,179,Normal,Normal
377,Ducia Coast: Area 2,2171,Agelada,180,Normal,Normal
377,Ducia Coast: Area 2,2170,Cabello,179,Normal,Normal
376,Ducia Coast: Area 1,2169,Ageladanios,218,Mini Boss,Normal
376,Ducia Coast: Area 1,2168,Agelada,179,Normal,Normal
376,Ducia Coast: Area 1,2167,Cabello,177,Normal,Normal
376,Ducia Coast: Area 1,2166,Porgy,178,Normal,Normal
375,Inje Village,2165,Pojo,165,Normal,Normal
375,Inje Village,2164,Climber Potum,166,Normal,Normal
375,Inje Village,2163,Flooray,167,Normal,Normal
374,Lunagent Cliff Base,2162,Necrome,164,Normal,Normal
374,Lunagent Cliff Base,2161,Porgy,163,Normal,Normal
374,Lunagent Cliff Base,2160,Flooray,162,Normal,Normal
373,Phantom Wisp's Hideout: Theater,2159,Phantom Wisp,175,Boss,Hard
373,Phantom Wisp's Hideout: Theater,2158,Phantom Wisp,150,Boss,Normal
373,Phantom Wisp's Hideout: Theater,2157,Phantom Wisp,125,Boss,Easy
372,Phantom Wisp's Hideout,2156,Galamp,124,Normal,Normal
372,Phantom Wisp's Hideout,2155,Lanbat,123,Normal,Normal
372,Phantom Wisp's Hideout,2154,Thief Rat,122,Normal,Normal
372,Phantom Wisp's Hideout,2153,Galamp,121,Normal,Normal
372,Phantom Wisp's Hideout,2152,Lanbat,120,Normal,Normal
371,Neo Plastida,2151,Venena Metacoenubia,235,Boss,Ultimate
371,Neo Plastida,2150,Venena Metacoenubia,215,Boss,Nightmare
371,Neo Plastida,2149,Venena Metacoenubia,205,Boss,Hard
371,Neo Plastida,2148,Venena Metacoenubia,195,Boss,Normal
371,Neo Plastida,2147,Venena Metacoenubia,185,Boss,Easy
370,Ruins of Urban Elban,2146,Tappler,218,Mini Boss,Normal
370,Ruins of Urban Elban,2145,Cabrigo,177,Normal,Normal
370,Ruins of Urban Elban,2144,Stapp,179,Normal,Normal
370,Ruins of Urban Elban,2143,Wallkong,181,Normal,Normal
369,Underwater Ruins: Deepest,2142,Adaro (High Difficulty),250,Boss,Ultimate
369,Underwater Ruins: Deepest,2141,Adaro (High Difficulty),230,Boss,Nightmare
369,Underwater Ruins: Deepest,2140,Adaro (High Difficulty),220,Boss,Hard
369,Underwater Ruins: Deepest,2139,Adaro (High Difficulty),210,Boss,Normal
369,Underwater Ruins: Deepest,2138,Adaro (High Difficulty),200,Boss,Easy
369,Underwater Ruins: Deepest,2137,Adaro,210,Boss,Ultimate
369,Underwater Ruins: Deepest,2136,Adaro,190,Boss,Nightmare
369,Underwater Ruins: Deepest,2135,Adaro,180,Boss,Hard
369,Underwater Ruins: Deepest,2134,Adaro,170,Boss,Normal
369,Underwater Ruins: Deepest,2133,Adaro,160,Boss,Easy
368,Underwater Ruins,2132,Gopherga,207,Mini Boss,Normal
368,Underwater Ruins,2131,Seaclin,149,Normal,Normal
368,Underwater Ruins,2130,Seaclin,151,Normal,Normal
368,Underwater Ruins,2129,Seanniped,152,Normal,Normal
368,Underwater Ruins,2128,Seanniped,148,Normal,Normal
368,Underwater Ruins,2127,Sharneon,150,Normal,Normal
367,Anniversary Arena: 5th Venue,2126,Zega (5th Anniv),265,Boss,Ultimate
367,Anniversary Arena: 5th Venue,2125,Megiston,265,Boss,Ultimate
367,Anniversary Arena: 5th Venue,2124,Zega (5th Anniv),245,Boss,Nightmare
367,Anniversary Arena: 5th Venue,2123,Megiston,245,Boss,Nightmare
367,Anniversary Arena: 5th Venue,2122,Zega (5th Anniv),235,Boss,Hard
367,Anniversary Arena: 5th Venue,2121,Megiston,235,Boss,Hard
367,Anniversary Arena: 5th Venue,2120,Zega (5th Anniv),225,Boss,Normal
367,Anniversary Arena: 5th Venue,2119,Megiston,225,Boss,Normal
367,Anniversary Arena: 5th Venue,2118,Hyper Raffy,195,Boss,Normal
367,Anniversary Arena: 5th Venue,2117,Giant Alpoca,195,Boss,Normal
367,Anniversary Arena: 5th Venue,2116,Jumbo Oddy,195,Boss,Normal
367,Anniversary Arena: 5th Venue,2115,Super Vanilla Potum,195,Boss,Normal
367,Anniversary Arena: 5th Venue,2114,Topaz Eater,240,Boss,Ultimate
367,Anniversary Arena: 5th Venue,2113,Sapphire Crusher,240,Boss,Ultimate
367,Anniversary Arena: 5th Venue,2112,Diamond Hunter,240,Boss,Ultimate
367,Anniversary Arena: 5th Venue,2111,Topaz Eater,220,Boss,Nightmare
367,Anniversary Arena: 5th Venue,2110,Sapphire Crusher,220,Boss,Nightmare
367,Anniversary Arena: 5th Venue,2109,Diamond Hunter,220,Boss,Nightmare
367,Anniversary Arena: 5th Venue,2108,Topaz Eater,210,Boss,Hard
367,Anniversary Arena: 5th Venue,2107,Sapphire Crusher,210,Boss,Hard
367,Anniversary Arena: 5th Venue,2106,Diamond Hunter,210,Boss,Hard
367,Anniversary Arena: 5th Venue,2105,Topaz Eater,200,Boss,Normal
367,Anniversary Arena: 5th Venue,2104,Sapphire Crusher,200,Boss,Normal
367,Anniversary Arena: 5th Venue,2103,Diamond Hunter,200,Boss,Normal
367,Anniversary Arena: 5th Venue,2102,Strawberry Tapir,230,Boss,Ultimate
367,Anniversary Arena: 5th Venue,2101,Chocopy,230,Boss,Ultimate
367,Anniversary Arena: 5th Venue,2100,Mintyliebe,230,Boss,Ultimate
367,Anniversary Arena: 5th Venue,2099,Strawberry Tapir,210,Boss,Nightmare
367,Anniversary Arena: 5th Venue,2098,Chocopy,210,Boss,Nightmare
367,Anniversary Arena: 5th Venue,2097,Mintyliebe,210,Boss,Nightmare
367,Anniversary Arena: 5th Venue,2096,Strawberry Tapir,200,Boss,Hard
367,Anniversary Arena: 5th Venue,2095,Chocopy,200,Boss,Hard
367,Anniversary Arena: 5th Venue,2094,Mintyliebe,200,Boss,Hard
367,Anniversary Arena: 5th Venue,2093,Strawberry Tapir,190,Boss,Normal
367,Anniversary Arena: 5th Venue,2092,Chocopy,190,Boss,Normal
367,Anniversary Arena: 5th Venue,2091,Mintyliebe,190,Boss,Normal
365,Geist Desert: Area 3,2090,Sand Bandits Leader,215,Mini Boss,Normal
366,Geist Desert: Depths,2089,Vulture,230,Boss,Ultimate
366,Geist Desert: Depths,2088,Vulture,210,Boss,Nightmare
366,Geist Desert: Depths,2087,Vulture,200,Boss,Hard
366,Geist Desert: Depths,2086,Vulture,190,Boss,Normal
366,Geist Desert: Depths,2085,Vulture,180,Boss,Easy
365,Geist Desert: Area 3,2084,Sand Bandits Gan,178,Normal,Normal
365,Geist Desert: Area 3,2083,Sand Bandits Potum,177,Normal,Normal
364,Geist Desert: Area 2,2082,Sand Bandits Gan,176,Normal,Normal
364,Geist Desert: Area 2,2081,Sand Bandits Chopper,175,Normal,Normal
363,Geist Desert: Area 1,2080,Sand Bandits Chopper,175,Normal,Normal
363,Geist Desert: Area 1,2079,Sand Bandits Potum,174,Normal,Normal
362,Inanis Wilderness,2078,Coronella,166,Normal,Normal
362,Inanis Wilderness,2077,Sandsaur,163,Normal,Normal
362,Inanis Wilderness,2076,Sandsaur,165,Normal,Normal
362,Inanis Wilderness,2075,Minimyu,164,Normal,Normal
362,Inanis Wilderness,2074,Coronella,162,Normal,Normal
87,Event,2073,Patissia,225,Boss,Ultimate
361,Deltzon Research Zone: Deepest Area,2072,Repthon,227,Boss,Ultimate
361,Deltzon Research Zone: Deepest Area,2071,Repthon,207,Boss,Nightmare
361,Deltzon Research Zone: Deepest Area,2070,Repthon,197,Boss,Hard
361,Deltzon Research Zone: Deepest Area,2069,Repthon,187,Boss,Normal
361,Deltzon Research Zone: Deepest Area,2068,Repthon,177,Boss,Easy
360,Deltzon Research Zone: Area 3,2067,Monoglare,173,Normal,Normal
360,Deltzon Research Zone: Area 3,2066,Swirly Whirly,175,Normal,Normal
360,Deltzon Research Zone: Area 3,2065,Corphibi,174,Normal,Normal
359,Deltzon Research Zone: Area 2,2064,Corphibi,173,Normal,Normal
359,Deltzon Research Zone: Area 2,2063,Swirly Whirly,174,Normal,Normal
359,Deltzon Research Zone: Area 2,2062,Monoglare,172,Normal,Normal
358,Deltzon Research Zone: Area 1,2061,Swirly Whirly,173,Normal,Normal
358,Deltzon Research Zone: Area 1,2060,Monoglare,171,Normal,Normal
358,Deltzon Research Zone: Area 1,2059,Corphibi,172,Normal,Normal
357,Old Lufenas Mansion Ruins,2058,Lazulligator,163,Normal,Normal
357,Old Lufenas Mansion Ruins,2057,Tardigrande,162,Normal,Normal
357,Old Lufenas Mansion Ruins,2056,Lazulligator,160,Normal,Normal
357,Old Lufenas Mansion Ruins,2055,Tardigrademon,213,Mini Boss,Normal
357,Old Lufenas Mansion Ruins,2054,Marquis Colon,161,Normal,Normal
357,Old Lufenas Mansion Ruins,2053,Tardigrande,159,Normal,Normal
351,Twilight Sakura Castle: Top,2052,Amalgam,200,Boss,Nightmare
355,Morga Wasteland: Area 3,2051,Florroractus,173,Normal,Normal
355,Morga Wasteland: Area 3,2050,Evil Eye,171,Normal,Normal
356,Morga Wasteland: Deepest Area,2049,Demonic Quasar,225,Boss,Ultimate
356,Morga Wasteland: Deepest Area,2048,Demonic Quasar,205,Boss,Nightmare
356,Morga Wasteland: Deepest Area,2047,Demonic Quasar,195,Boss,Hard
356,Morga Wasteland: Deepest Area,2046,Demonic Quasar,185,Boss,Normal
356,Morga Wasteland: Deepest Area,2045,Demonic Quasar,175,Boss,Easy
355,Morga Wasteland: Area 3,2044,Hellhound,172,Normal,Normal
354,Morga Wasteland: Area 2,2043,Hellhound,170,Normal,Normal
354,Morga Wasteland: Area 2,2042,Mummy Golem,171,Normal,Normal
354,Morga Wasteland: Area 2,2041,Florroractus,172,Normal,Normal
353,Morga Wasteland: Area 1,2040,Mummy Golem,170,Normal,Normal
353,Morga Wasteland: Area 1,2039,Evil Eye,169,Normal,Normal
353,Morga Wasteland: Area 1,2038,Florroractus,171,Normal,Normal
352,Dea Ruinea,2037,Demonic Eye,212,Mini Boss,Normal
79,Sofya City: Government Office,2036,Felicitoad,190,Boss,Ultimate
79,Sofya City: Government Office,2035,Felicitoad,170,Boss,Nightmare
79,Sofya City: Government Office,2034,Felicitoad,160,Boss,Hard
79,Sofya City: Government Office,2033,Felicitoad,150,Boss,Normal
79,Sofya City: Government Office,2032,Felicitoad,140,Boss,Easy
248,Tolbas GrassLand,2031,Golden Coryn (2020),109,Mini Boss,Normal
110,Wanderer's Plain,2030,Golden Coryn (2020),108,Mini Boss,Normal
70,Darkanon Plain,2029,Golden Coryn (2020),107,Mini Boss,Normal
51,Yorl Highlands,2028,Golden Coryn (2020),106,Mini Boss,Normal
7,Rakau Plains,2027,Golden Coryn (2020),105,Mini Boss,Normal
248,Tolbas GrassLand,2026,Golden Coryn (2019),104,Mini Boss,Normal
110,Wanderer's Plain,2025,Golden Coryn (2019),103,Mini Boss,Normal
70,Darkanon Plain,2024,Golden Coryn (2019),102,Mini Boss,Normal
51,Yorl Highlands,2023,Golden Coryn (2019),101,Mini Boss,Normal
7,Rakau Plains,2022,Golden Coryn (2019),100,Mini Boss,Normal
351,Twilight Sakura Castle: Top,2021,Amalgam,180,Boss,Hard
351,Twilight Sakura Castle: Top,2020,Amalgam,160,Boss,Normal
351,Twilight Sakura Castle: Top,2019,Amalgam,140,Boss,Easy
349,Twilight Sakura Castle: Inside,2018,Squire,140,Normal,Normal
349,Twilight Sakura Castle: Inside,2017,Insector,142,Normal,Normal
349,Twilight Sakura Castle: Inside,2016,Shark Wolf,141,Normal,Normal
350,Twilight Sakura Castle: Outside,2015,Sakura Potum,140,Normal,Normal
349,Twilight Sakura Castle: Inside,2014,Corroded Crystal,139,Normal,Normal
349,Twilight Sakura Castle: Inside,2013,Shark Wolf,139,Normal,Normal
349,Twilight Sakura Castle: Inside,2012,Insector,138,Normal,Normal
348,Recetacula Sector: Depot Rooftop,2011,Gravicep,224,Boss,Ultimate
348,Recetacula Sector: Depot Rooftop,2010,Gravicep,204,Boss,Nightmare
348,Recetacula Sector: Depot Rooftop,2009,Gravicep,194,Boss,Hard
348,Recetacula Sector: Depot Rooftop,2008,Gravicep,184,Boss,Normal
348,Recetacula Sector: Depot Rooftop,2007,Gravicep,174,Boss,Easy
347,Recetacula Sector: Area 3,2006,Weltacle,170,Normal,Normal
347,Recetacula Sector: Area 3,2005,Toxinaria,172,Normal,Normal
347,Recetacula Sector: Area 3,2004,Bladefish,171,Normal,Normal
346,Recetacula Sector: Area 2,2003,Toxinaria,171,Normal,Normal
346,Recetacula Sector: Area 2,2002,Actinirania,170,Normal,Normal
346,Recetacula Sector: Area 2,2001,Bladefish,169,Normal,Normal
345,Recetacula Sector: Area 1,2000,Canemofish,210,Mini Boss,Normal
345,Recetacula Sector: Area 1,1999,Actinirania,169,Normal,Normal
345,Recetacula Sector: Area 1,1998,Toxinaria,170,Normal,Normal
345,Recetacula Sector: Area 1,1997,Weltacle,168,Normal,Normal
344,Pupalov Sector,1996,Orustica,159,Normal,Normal
344,Pupalov Sector,1995,Orustica,157,Normal,Normal
344,Pupalov Sector,1994,Cadaverustica,160,Normal,Normal
344,Pupalov Sector,1993,Earustica,158,Normal,Normal
344,Pupalov Sector,1992,Cadaverustica,156,Normal,Normal
121,Dunkel Valley,1991,Mercy (Choco Banana),220,Boss,Ultimate
121,Dunkel Valley,1990,Mercy (Banana),190,Boss,Nightmare
121,Dunkel Valley,1989,Mercy (Strawberry),160,Boss,Hard
121,Dunkel Valley,1988,Mercy (Plain),130,Boss,Normal
248,Tolbas GrassLand,1987,Golden Potum (11M DL),100,Mini Boss,Normal
110,Wanderer's Plain,1986,Golden Potum (11M DL),100,Mini Boss,Normal
70,Darkanon Plain,1985,Golden Potum (11M DL),100,Mini Boss,Normal
51,Yorl Highlands,1984,Golden Potum (11M DL),100,Mini Boss,Normal
7,Rakau Plains,1983,Golden Potum (11M DL),100,Mini Boss,Normal
79,Sofya City: Government Office,1982,Potumotter (11M DL),220,Boss,Ultimate
79,Sofya City: Government Office,1981,Potumotter (11M DL),190,Boss,Nightmare
79,Sofya City: Government Office,1980,Potumotter (11M DL),180,Boss,Hard
79,Sofya City: Government Office,1979,Potumotter (11M DL),170,Boss,Normal
79,Sofya City: Government Office,1978,Potumotter (11M DL),160,Boss,Easy
79,Sofya City: Government Office,1977,Pomie Chan (11M DL),220,Boss,Ultimate
79,Sofya City: Government Office,1976,Pomie Chan (11M DL),190,Boss,Nightmare
79,Sofya City: Government Office,1975,Pomie Chan (11M DL),180,Boss,Hard
79,Sofya City: Government Office,1974,Pomie Chan (11M DL),170,Boss,Normal
79,Sofya City: Government Office,1973,Pomie Chan (11M DL),160,Boss,Easy
79,Sofya City: Government Office,1972,Hero Potum (11M DL),220,Boss,Ultimate
79,Sofya City: Government Office,1971,Hero Potum (11M DL),190,Boss,Nightmare
79,Sofya City: Government Office,1970,Hero Potum (11M DL),180,Boss,Hard
79,Sofya City: Government Office,1969,Hero Potum (11M DL),170,Boss,Normal
79,Sofya City: Government Office,1968,Hero Potum (11M DL),160,Boss,Easy
343,Avant Plastida: Deepest Area,1967,Sapphire Roga,221,Boss,Ultimate
343,Avant Plastida: Deepest Area,1966,Sapphire Roga,201,Boss,Nightmare
343,Avant Plastida: Deepest Area,1965,Sapphire Roga,191,Boss,Hard
343,Avant Plastida: Deepest Area,1964,Sapphire Roga,181,Boss,Normal
343,Avant Plastida: Deepest Area,1963,Sapphire Roga,171,Boss,Easy
342,Avant Plastida: Area 3,1962,Flying Tentacle,169,Normal,Normal
342,Avant Plastida: Area 3,1961,Wandering Blood Crystal,168,Normal,Normal
342,Avant Plastida: Area 3,1960,Strange Tentacle,168,Normal,Normal
341,Avant Plastida: Area 2,1959,Flying Tentacle,168,Normal,Normal
341,Avant Plastida: Area 2,1958,Wandering Blood Crystal,167,Normal,Normal
341,Avant Plastida: Area 2,1957,Corroded Goblin,166,Normal,Normal
341,Avant Plastida: Area 2,1956,Strange Tentacle,167,Normal,Normal
340,Avant Plastida: Area 1,1955,Bloodie Crystal,207,Mini Boss,Normal
340,Avant Plastida: Area 1,1954,Flying Tentacle,167,Normal,Normal
340,Avant Plastida: Area 1,1953,Corroded Goblin,165,Normal,Normal
340,Avant Plastida: Area 1,1952,Wandering Blood Crystal,166,Normal,Normal
340,Avant Plastida: Area 1,1951,Strange Tentacle,166,Normal,Normal
339,Dikkit Sector,1950,Supply Depot,0,NPC,Normal
339,Dikkit Sector,1949,Coryn,156,Normal,Normal
339,Dikkit Sector,1948,Alpoca,153,Normal,Normal
339,Dikkit Sector,1947,Baloot,157,Normal,Normal
339,Dikkit Sector,1946,Alpoca,155,Normal,Normal
339,Dikkit Sector,1945,Coryn,154,Normal,Normal
338,Sweet Hades,1944,Jeandoux (Dark),210,Boss,Ultimate
338,Sweet Hades,1943,Jeandoux (Bitter),180,Boss,Nightmare
338,Sweet Hades,1942,Jeandoux (Sweet),150,Boss,Hard
338,Sweet Hades,1941,Jeandoux (Milk),120,Boss,Normal
338,Sweet Hades,1940,Gramp,76,Normal,Normal
338,Sweet Hades,1939,Shell Mask,75,Normal,Normal
338,Sweet Hades,1938,Shell Kraken,74,Normal,Normal
337,Labilans Sector: Square,1937,Kuzto,218,Boss,Ultimate
337,Labilans Sector: Square,1936,Kuzto,198,Boss,Nightmare
337,Labilans Sector: Square,1935,Kuzto,188,Boss,Hard
337,Labilans Sector: Square,1934,Kuzto,178,Boss,Normal
337,Labilans Sector: Square,1933,Kuzto,168,Boss,Easy
336,Labilans Sector: Area 3,1932,Mega Alpoca,204,Mini Boss,Normal
336,Labilans Sector: Area 3,1931,Laurus,166,Normal,Normal
336,Labilans Sector: Area 3,1930,Alpoca,165,Normal,Normal
336,Labilans Sector: Area 3,1929,Insector,164,Normal,Normal
335,Labilans Sector: Area 2,1928,Insector,163,Normal,Normal
335,Labilans Sector: Area 2,1927,Toretta,165,Normal,Normal
335,Labilans Sector: Area 2,1926,Alpoca,164,Normal,Normal
334,Labilans Sector: Area 1,1925,Laurus,164,Normal,Normal
334,Labilans Sector: Area 1,1924,Insector,162,Normal,Normal
334,Labilans Sector: Area 1,1923,Toretta,163,Normal,Normal
333,Altoale Sector,1922,Mossy Mousey,154,Normal,Normal
333,Altoale Sector,1921,Insector,153,Normal,Normal
333,Altoale Sector,1920,Monstletoe,152,Normal,Normal
333,Altoale Sector,1919,Mossy Mousey,151,Normal,Normal
333,Altoale Sector,1918,Insector,150,Normal,Normal
87,Event,1917,Omochi,30,Normal,Normal
87,Event,1916,Omochi,50,Boss,Ultimate
87,Event,1915,Omochi,30,Boss,Nightmare
87,Event,1914,Omochi,20,Boss,Hard
87,Event,1913,Omochi,10,Boss,Normal
87,Event,1912,Omochi,1,Boss,Easy
87,Event,1911,Zega (Megiston 2019),205,Boss,Normal
87,Event,1910,Blancanine the White Fang (Megiston 2019),195,Boss,Normal
87,Event,1909,Zelbuse (Megiston 2019),185,Boss,Normal
87,Event,1908,Crystal Titan (Megiston 2019),175,Boss,Normal
87,Event,1907,Zahhak Machina (Megiston 2019),165,Boss,Normal
320,Reindeer Forest,1906,Evil Shadow,177,Boss,Hard
320,Reindeer Forest,1905,Evil Shadow,157,Boss,Normal
320,Reindeer Forest,1904,Evil Shadow,137,Boss,Easy
332,Joulu House: Hall (Lv 150),1903,Shawle,170,Boss,Normal
331,Joulu House: Hall (Lv130),1902,Shawle,150,Boss,Normal
330,Joulu House: Hall (Lv 110),1901,Shawle,130,Boss,Normal
329,Joulu House: Gift Room (Lv 150),1900,Sorter Golem,167,Normal,Normal
329,Joulu House: Gift Room (Lv 150),1899,Santabby,160,Normal,Normal
329,Joulu House: Gift Room (Lv 150),1898,Puppet Dragon,163,Normal,Normal
328,Joulu House: Depot (Lv 150),1897,Inspector Golem,164,Normal,Normal
328,Joulu House: Depot (Lv 150),1896,Toy Bolg,160,Normal,Normal
328,Joulu House: Depot (Lv 150),1895,Santabby,157,Normal,Normal
327,Joulu House: Center (Lv 150),1894,Toy Bolg,157,Normal,Normal
327,Joulu House: Center (Lv 150),1893,Puppet Dragon,160,Normal,Normal
327,Joulu House: Center (Lv 150),1892,Santabby,154,Normal,Normal
326,Joulu House: Gift Room (Lv 130),1891,Sorter Golem,146,Normal,Normal
326,Joulu House: Gift Room (Lv 130),1890,Santabby,139,Normal,Normal
326,Joulu House: Gift Room (Lv 130),1889,Puppet Dragon,142,Normal,Normal
325,Joulu House: Depot (Lv 130),1888,Inspector Golem,143,Normal,Normal
325,Joulu House: Depot (Lv 130),1887,Toy Bolg,139,Normal,Normal
325,Joulu House: Depot (Lv 130),1886,Santabby,136,Normal,Normal
324,Joulu House: Center (Lv 130),1885,Toy Bolg,136,Normal,Normal
324,Joulu House: Center (Lv 130),1884,Puppet Dragon,139,Normal,Normal
324,Joulu House: Center (Lv 130),1883,Santabby,133,Normal,Normal
323,Joulu House: Gift Room (Lv 100),1882,Sorter Golem,125,Normal,Normal
323,Joulu House: Gift Room (Lv 100),1881,Santabby,118,Normal,Normal
323,Joulu House: Gift Room (Lv 100),1880,Puppet Dragon,121,Normal,Normal
322,Joulu House: Depot (Lv 100),1879,Inspector Golem,122,Normal,Normal
322,Joulu House: Depot (Lv 100),1878,Toy Bolg,118,Normal,Normal
322,Joulu House: Depot (Lv 100),1877,Santabby,115,Normal,Normal
321,Joulu House: Center (Lv 110),1876,Toy Bolg,115,Normal,Normal
321,Joulu House: Center (Lv 110),1875,Puppet Dragon,118,Normal,Normal
321,Joulu House: Center (Lv 110),1874,Santabby,112,Normal,Normal
320,Reindeer Forest,1873,Santabby,100,Normal,Normal
320,Reindeer Forest,1872,Snowman,100,Normal,Normal
87,Event,1871,Nuthoreth,230,Boss,Ultimate
87,Event,1870,Nuthoreth,210,Boss,Nightmare
87,Event,1869,Nuthoreth,200,Boss,Hard
87,Event,1867,Nuthoreth,190,Boss,Normal
87,Event,1866,Volgagon,200,Boss,Normal
318,Fractum Sector: Area 3,1865,Pyxtica,215,Boss,Ultimate
318,Fractum Sector: Area 3,1864,Pyxtica,195,Boss,Nightmare
318,Fractum Sector: Area 3,1863,Pyxtica,185,Boss,Hard
318,Fractum Sector: Area 3,1862,Pyxtica,175,Boss,Normal
318,Fractum Sector: Area 3,1861,Pyxtica,165,Boss,Easy
318,Fractum Sector: Area 3,1860,Moculus,161,Normal,Normal
318,Fractum Sector: Area 3,1859,Providone,162,Normal,Normal
318,Fractum Sector: Area 3,1858,Corroded Floragonet,163,Normal,Normal
317,Fractum Sector: Area 2,1857,Corroded Floragonet,162,Normal,Normal
317,Fractum Sector: Area 2,1856,Floragonet,160,Normal,Normal
317,Fractum Sector: Area 2,1855,Moculus,161,Normal,Normal
317,Fractum Sector: Area 2,1854,Providone,162,Normal,Normal
316,Fractum Sector: Area 1,1853,Armasite,201,Mini Boss,Normal
316,Fractum Sector: Area 1,1852,Corroded Floragonet,161,Normal,Normal
316,Fractum Sector: Area 1,1851,Floragonet,159,Normal,Normal
316,Fractum Sector: Area 1,1850,Moculus,160,Normal,Normal
316,Fractum Sector: Area 1,1849,Povidone,161,Normal,Normal
315,Fabriska Sector,1848,Sentreast,150,Normal,Normal
315,Fabriska Sector,1847,Sentreast,147,Normal,Normal
315,Fabriska Sector,1846,Mobster Golem,148,Normal,Normal
315,Fabriska Sector,1845,Bombermeow,151,Normal,Normal
315,Fabriska Sector,1844,Bombermeow,149,Normal,Normal
87,Event,1843,Yashiro Azuki's Dad (Lv 170 Raid),215,Boss,Ultimate
87,Event,1842,Yashiro Azuki's Dad (Lv 170 Raid),195,Boss,Nightmare
87,Event,1841,Yashiro Azuki's Dad (Lv 170 Raid),185,Boss,Hard
87,Event,1840,Yashiro Azuki's Dad (Lv 170 Raid),175,Boss,Normal
87,Event,1839,Yashiro Azuki's Dad (Lv 170 Raid),165,Boss,Easy
87,Event,1838,Narumi Hina (Lv170 Raid),210,Boss,Ultimate
87,Event,1837,Narumi Hina (Lv170 Raid),190,Boss,Nightmare
87,Event,1836,Narumi Hina (Lv170 Raid),180,Boss,Hard
87,Event,1835,Narumi Hina (Lv170 Raid),170,Boss,Normal
87,Event,1834,Narumi Hina (Lv170 Raid),160,Boss,Easy
87,Event,1833,Yashiro Azuki's Dad (Lv 110 Raid),155,Boss,Ultimate
87,Event,1832,Yashiro Azuki's Dad (Lv 110 Raid),135,Boss,Nightmare
87,Event,1831,Yashiro Azuki's Dad (Lv 110 Raid),125,Boss,Hard
87,Event,1830,Yashiro Azuki's Dad (Lv 110 Raid),115,Boss,Normal
87,Event,1829,Yashiro Azuki's Dad (Lv 110 Raid),105,Boss,Easy
87,Event,1828,Narumi Hina (Lv 110 Raid),150,Boss,Ultimate
87,Event,1827,Narumi Hina (Lv 110 Raid),1130,Boss,Nightmare
87,Event,1826,Narumi Hina (Lv 110 Raid),120,Boss,Hard
87,Event,1825,Narumi Hina (Lv 110 Raid),110,Boss,Normal
87,Event,1824,Narumi Hina (Lv 110 Raid),100,Boss,Easy
87,Event,1823,Yashiro Azuki's Dad (Lv 50 Raid),95,Boss,Ultimate
87,Event,1822,Yashiro Azuki's Dad (Lv 50 Raid),75,Boss,Nightmare
87,Event,1821,Yashiro Azuki's Dad (Lv 50 Raid),65,Boss,Hard
87,Event,1820,Yashiro Azuki's Dad (Lv 50 Raid),55,Boss,Normal
87,Event,1819,Yashiro Azuki's Dad (Lv 50 Raid),45,Boss,Easy
87,Event,1818,Narumi Hina (Lv 50 Raid),90,Boss,Ultimate
87,Event,1817,Narumi Hina (Lv 50 Raid),70,Boss,Nightmare
87,Event,1816,Narumi Hina (Lv 50 Raid),60,Boss,Hard
87,Event,1815,Narumi Hina (Lv 50 Raid),50,Boss,Normal
87,Event,1814,Narumi Hina (Lv 50 Raid),40,Boss,Easy
314,Zarth's Mansion: Back,1813,Zarth,175,Boss,Very Hard
314,Zarth's Mansion: Back,1812,Zarth,150,Boss,Hard
313,Zarth's Mansion: Study,1811,Radibat,200,Mini Boss,Normal
313,Zarth's Mansion: Study,1810,Spooky Bat,160,Normal,Normal
313,Zarth's Mansion: Study,1809,Sorcerabbit,158,Normal,Normal
313,Zarth's Mansion: Study,1808,Carotabat,159,Normal,Normal
312,Zarth's Mansion: Parlor,1807,Spooky Bat,132,Normal,Normal
312,Zarth's Mansion: Parlor,1806,Sorcerabbit,133,Normal,Normal
312,Zarth's Mansion: Parlor,1805,Carotabat,131,Normal,Normal
311,Zarth's Mansion: Entrance,1804,Spooky Bat,104,Normal,Normal
311,Zarth's Mansion: Entrance,1803,Sorcerabbit,105,Normal,Normal
311,Zarth's Mansion: Entrance,1802,Carotabat,106,Normal,Normal
314,Zarth's Mansion: Back,1801,Zarth,125,Boss,Normal
314,Zarth's Mansion: Back,1800,Zarth,100,Boss,Easy
87,Event,1799,Usasama the Necromancer,215,Boss,Hard
87,Event,1798,Gerumi,20,Normal,Normal
87,Event,1797,Gerumi,60,Normal,Normal
87,Event,1796,Gerumi,100,Normal,Normal
87,Event,1795,Gerumi,140,Normal,Normal
87,Event,1794,Gerumi,180,Boss,Normal
309,Morthell Swell: Area 3,1793,Frenzy Viola,198,Mini Boss,Normal
310,Morthell Swell: Deep Area,1792,Eroded Pilz,212,Boss,Ultimate
310,Morthell Swell: Deep Area,1791,Eroded Pilz,192,Boss,Nightmare
310,Morthell Swell: Deep Area,1790,Eroded Pilz,182,Boss,Hard
310,Morthell Swell: Deep Area,1789,Eroded Pilz,172,Boss,Normal
310,Morthell Swell: Deep Area,1788,Eroded Pilz,162,Boss,Easy
309,Morthell Swell: Area 3,1787,Kinote,160,Normal,Normal
309,Morthell Swell: Area 3,1786,Nectivorider,158,Normal,Normal
309,Morthell Swell: Area 3,1785,Petally,159,Normal,Normal
308,Morthell Swell: Area 2,1784,Kinote,158,Normal,Normal
308,Morthell Swell: Area 2,1783,Nectivorider,157,Normal,Normal
308,Morthell Swell: Area 2,1782,Rafflesian,159,Normal,Normal
307,Morthell Swell: Area 1,1781,Rafflesian,157,Normal,Normal
307,Morthell Swell: Area 1,1780,Petally,158,Normal,Normal
307,Morthell Swell: Area 1,1779,Nectivorider,156,Normal,Normal
306,Forest of Ein,1778,Moss Mole,146,Normal,Normal
306,Forest of Ein,1777,Elizard,145,Normal,Normal
306,Forest of Ein,1776,Lilliset,144,Normal,Normal
305,Otsukimi Event Venue: Crater Zone,1775,Euris,50,Normal,Normal
305,Otsukimi Event Venue: Crater Zone,1774,Bunny Summoner,50,Normal,Normal
305,Otsukimi Event Venue: Crater Zone,1773,Mitta Tret,50,Normal,Normal
305,Otsukimi Event Venue: Crater Zone,1772,Usami (Otsukimi 2019),90,Boss,Nightmare
305,Otsukimi Event Venue: Crater Zone,1771,Usami (Otsukimi 2019),60,Boss,Hard
305,Otsukimi Event Venue: Crater Zone,1770,Usami (Otsukimi 2019),30,Boss,Normal
305,Otsukimi Event Venue: Crater Zone,1769,Usakichi (Otsukimi 2019),90,Boss,Nightmare
305,Otsukimi Event Venue: Crater Zone,1768,Usakichi (Otsukimi 2019),60,Boss,Hard
305,Otsukimi Event Venue: Crater Zone,1767,Usakichi (Otsukimi 2019),30,Boss,Normal
305,Otsukimi Event Venue: Crater Zone,1766,Giant Moon Crab,150,Boss,Nightmare
305,Otsukimi Event Venue: Crater Zone,1765,Giant Moon Crab,100,Boss,Hard
305,Otsukimi Event Venue: Crater Zone,1764,Giant Moon Crab,50,Boss,Normal
299,Anniversary Arena: 4th Venue,1763,Megiston (4th Anniv),250,Boss,Ultimate
299,Anniversary Arena: 4th Venue,1762,Megiston (4th Anniv),230,Boss,Nightmare
299,Anniversary Arena: 4th Venue,1761,Megiston (4th Anniv),220,Boss,Hard
299,Anniversary Arena: 4th Venue,1760,Megiston (4th Anniv),210,Boss,Normal
304,Eryldan Street: Near the Forest of Ein,1759,Tuscog,209,Boss,Ultimate
304,Eryldan Street: Near the Forest of Ein,1758,Tuscog,189,Boss,Nightmare
304,Eryldan Street: Near the Forest of Ein,1757,Tuscog,179,Boss,Hard
304,Eryldan Street: Near the Forest of Ein,1756,Tuscog,169,Boss,Normal
304,Eryldan Street: Near the Forest of Ein,1755,Tuscog,159,Boss,Easy
303,Eryldan Street: Area 3,1754,Wolfret,157,Normal,Normal
303,Eryldan Street: Area 3,1753,Antbee,155,Normal,Normal
303,Eryldan Street: Area 3,1752,Roca,156,Normal,Normal
302,Eryldan Street: Area 2,1751,Roca,156,Normal,Normal
302,Eryldan Street: Area 2,1750,Wolfret,156,Normal,Normal
302,Eryldan Street: Area 2,1749,Mille,155,Normal,Normal
302,Eryldan Street: Area 2,1748,Antbee,154,Normal,Normal
301,Eryldan Street: Area 1,1747,Antbee,153,Normal,Normal
301,Eryldan Street: Area 1,1746,Roca,155,Normal,Normal
301,Eryldan Street: Area 1,1745,Mille,154,Normal,Normal
300,Wazeero Street,1744,Tulin,144,Normal,Normal
300,Wazeero Street,1743,Muckus,143,Normal,Normal
300,Wazeero Street,1742,Grimuckus,195,Mini Boss,Normal
300,Wazeero Street,1741,Biped Frog,142,Normal,Normal
300,Wazeero Street,1740,Muckus,145,Normal,Normal
300,Wazeero Street,1739,Tulin,141,Normal,Normal
137,Garden of Beginning,1738,Researcher's Spirit,0,NPC,Normal
137,Garden of Beginning,1737,Noble's Spirit,0,NPC,Normal
299,Anniversary Arena: 4th Venue,1736,Lv180 EX Arena Mini Bosses,180,Boss,Normal
299,Anniversary Arena: 4th Venue,1735,Vice Chief Guard Dula,225,Boss,Ultimate
299,Anniversary Arena: 4th Venue,1734,Transcendent Angel Leese,225,Boss,Ultimate
299,Anniversary Arena: 4th Venue,1733,Chief Guard Buse,225,Boss,Ultimate
299,Anniversary Arena: 4th Venue,1732,Vice Chief Guard Dula,205,Boss,Nightmare
299,Anniversary Arena: 4th Venue,1731,Transcendent Angel Leese,205,Boss,Nightmare
299,Anniversary Arena: 4th Venue,1730,Chief Guard Buse,205,Boss,Nightmare
299,Anniversary Arena: 4th Venue,1729,Vice Chief Guard Dula,195,Boss,Hard
299,Anniversary Arena: 4th Venue,1728,Transcendent Angel Leese,195,Boss,Hard
299,Anniversary Arena: 4th Venue,1727,Chief Guard Buse,195,Boss,Hard
299,Anniversary Arena: 4th Venue,1726,Vice Chief Guard Dula,185,Boss,Normal
299,Anniversary Arena: 4th Venue,1725,Transcendent Angel Leese,185,Boss,Normal
299,Anniversary Arena: 4th Venue,1724,Chief Guard Buse,185,Boss,Normal
299,Anniversary Arena: 4th Venue,1723,Ranger Pterosaur,210,Boss,Ultimate
299,Anniversary Arena: 4th Venue,1722,Forest Roamer,210,Boss,Ultimate
299,Anniversary Arena: 4th Venue,1721,Forest Therapist,210,Boss,Ultimate
299,Anniversary Arena: 4th Venue,1720,Ranger Pterosaur,190,Boss,Nightmare
299,Anniversary Arena: 4th Venue,1719,Forest Roamer,190,Boss,Nightmare
299,Anniversary Arena: 4th Venue,1718,Forest Therapist,190,Boss,Nightmare
299,Anniversary Arena: 4th Venue,1717,Ranger Pterosaur,180,Boss,Hard
299,Anniversary Arena: 4th Venue,1716,Forest Roamer,180,Boss,Hard
299,Anniversary Arena: 4th Venue,1715,Forest Therapist,180,Boss,Hard
299,Anniversary Arena: 4th Venue,1714,Ranger Pterosaur,170,Boss,Normal
299,Anniversary Arena: 4th Venue,1713,Forest Roamer,170,Boss,Normal
299,Anniversary Arena: 4th Venue,1712,Forest Therapist,170,Boss,Normal
241,Anniversary Arena: 3rd Venue,1711,Megiston,200,Boss,Ultimate
241,Anniversary Arena: 3rd Venue,1710,Megiston,180,Boss,Nightmare
241,Anniversary Arena: 3rd Venue,1709,Megiston,170,Boss,Hard
241,Anniversary Arena: 3rd Venue,1708,Megiston,160,Boss,Normal
241,Anniversary Arena: 3rd Venue,1707,The Tyrannic Thrust,195,Boss,Ultimate
241,Anniversary Arena: 3rd Venue,1706,The Claws of Death,195,Boss,Ultimate
241,Anniversary Arena: 3rd Venue,1705,The Cursed Venom Arm,195,Boss,Ultimate
241,Anniversary Arena: 3rd Venue,1704,The Tyrannic Thrust,175,Boss,Nightmare
241,Anniversary Arena: 3rd Venue,1703,The Claws of Death,175,Boss,Nightmare
241,Anniversary Arena: 3rd Venue,1702,The Cursed Venom Arm,175,Boss,Nightmare
241,Anniversary Arena: 3rd Venue,1701,The Tyrannic Thrust,165,Boss,Hard
241,Anniversary Arena: 3rd Venue,1700,The Claws of Death,165,Boss,Hard
241,Anniversary Arena: 3rd Venue,1699,The Cursed Venom Arm,165,Boss,Hard
241,Anniversary Arena: 3rd Venue,1698,The Tyrannic Thrust,155,Boss,Normal
241,Anniversary Arena: 3rd Venue,1697,The Claws of Death,155,Boss,Normal
241,Anniversary Arena: 3rd Venue,1696,The Cursed Venom Arm,155,Boss,Normal
241,Anniversary Arena: 3rd Venue,1695,Masked Moon,180,Boss,Ultimate
241,Anniversary Arena: 3rd Venue,1694,Masked Gloom,180,Boss,Ultimate
241,Anniversary Arena: 3rd Venue,1693,Masked Axeman,180,Boss,Ultimate
241,Anniversary Arena: 3rd Venue,1692,Masked Moon,160,Boss,Nightmare
241,Anniversary Arena: 3rd Venue,1691,Masked Gloom,160,Boss,Nightmare
241,Anniversary Arena: 3rd Venue,1690,Masked Axeman,160,Boss,Nightmare
241,Anniversary Arena: 3rd Venue,1689,Masked Moon,150,Boss,Hard
241,Anniversary Arena: 3rd Venue,1688,Masked Gloom,150,Boss,Hard
241,Anniversary Arena: 3rd Venue,1687,Masked Axeman,150,Boss,Hard
241,Anniversary Arena: 3rd Venue,1686,Masked Moon,140,Boss,Normal
241,Anniversary Arena: 3rd Venue,1685,Masked Gloom,140,Boss,Normal
241,Anniversary Arena: 3rd Venue,1684,Masked Axeman,140,Boss,Normal
87,Event,1683,4th Anniv Event (all boss),0,Boss,Normal
240,Anniversary Arena: 2nd Venue,1682,Zolban the Dark Captain of Wind,165,Boss,Ultimate
240,Anniversary Arena: 2nd Venue,1681,Vatendeth the Dark General,165,Boss,Ultimate
240,Anniversary Arena: 2nd Venue,1680,Grecia the Goddess of Courage,165,Boss,Ultimate
240,Anniversary Arena: 2nd Venue,1679,Zolban the Dark Captain of Wind,145,Boss,Nightmare
240,Anniversary Arena: 2nd Venue,1678,Vatendeth the Dark General,145,Boss,Nightmare
240,Anniversary Arena: 2nd Venue,1677,Grecia the Goddess of Courage,145,Boss,Nightmare
240,Anniversary Arena: 2nd Venue,1676,Zolban the Dark Captain of Wind,135,Boss,Hard
240,Anniversary Arena: 2nd Venue,1675,Vatendeth the Dark General,135,Boss,Hard
240,Anniversary Arena: 2nd Venue,1674,Grecia the Goddess of Courage,135,Boss,Hard
240,Anniversary Arena: 2nd Venue,1673,Zolban the Dark Captain of Wind,125,Boss,Normal
240,Anniversary Arena: 2nd Venue,1672,Vatendeth the Dark General,125,Boss,Normal
240,Anniversary Arena: 2nd Venue,1671,Grecia the Goddess of Courage,125,Boss,Normal
240,Anniversary Arena: 2nd Venue,1670,Iceberg Silver Knight,140,Boss,Ultimate
240,Anniversary Arena: 2nd Venue,1669,Evil Emerald Beast,140,Boss,Ultimate
240,Anniversary Arena: 2nd Venue,1668,Hellfire Scrap Golem,140,Boss,Ultimate
240,Anniversary Arena: 2nd Venue,1667,Iceberg Silver Knight,120,Boss,Nightmare
240,Anniversary Arena: 2nd Venue,1666,Evil Emerald Beast,120,Boss,Nightmare
240,Anniversary Arena: 2nd Venue,1665,Hellfire Scrap Golem,120,Boss,Nightmare
240,Anniversary Arena: 2nd Venue,1664,Iceberg Silver Knight,110,Boss,Hard
240,Anniversary Arena: 2nd Venue,1663,Evil Emerald Beast,110,Boss,Hard
240,Anniversary Arena: 2nd Venue,1662,Hellfire Scrap Golem,110,Boss,Hard
240,Anniversary Arena: 2nd Venue,1661,Iceberg Silver Knight,100,Boss,Normal
240,Anniversary Arena: 2nd Venue,1660,Evil Emerald Beast,100,Boss,Normal
240,Anniversary Arena: 2nd Venue,1659,Hellfire Scrap Golem,100,Boss,Normal
239,Anniversary Arena: 1st Venue,1658,False God,115,Boss,Ultimate
239,Anniversary Arena: 1st Venue,1657,Faithful Guardian,115,Boss,Ultimate
239,Anniversary Arena: 1st Venue,1656,Outerworld Soldier,115,Boss,Ultimate
239,Anniversary Arena: 1st Venue,1655,False God,95,Boss,Nightmare
239,Anniversary Arena: 1st Venue,1654,Faithful Guardian,95,Boss,Nightmare
239,Anniversary Arena: 1st Venue,1653,Outerworld Soldier,95,Boss,Nightmare
239,Anniversary Arena: 1st Venue,1652,False God,85,Boss,Hard
239,Anniversary Arena: 1st Venue,1651,Faithful Guardian,85,Boss,Hard
239,Anniversary Arena: 1st Venue,1650,Outerworld Soldier,85,Boss,Hard
239,Anniversary Arena: 1st Venue,1649,False God,75,Boss,Normal
239,Anniversary Arena: 1st Venue,1648,Faithful Guardian,75,Boss,Normal
239,Anniversary Arena: 1st Venue,1647,Outerworld Soldier,75,Boss,Normal
239,Anniversary Arena: 1st Venue,1646,Priest Warmonger,90,Boss,Ultimate
239,Anniversary Arena: 1st Venue,1645,Warrior Minotaur,90,Boss,Ultimate
239,Anniversary Arena: 1st Venue,1644,Fighter Mochelo,90,Boss,Ultimate
239,Anniversary Arena: 1st Venue,1643,Priest Warmonger,70,Boss,Nightmare
239,Anniversary Arena: 1st Venue,1642,Warrior Minotaur,70,Boss,Nightmare
239,Anniversary Arena: 1st Venue,1641,Fighter Mochelo,70,Boss,Nightmare
239,Anniversary Arena: 1st Venue,1640,Priest Warmonger,60,Boss,Hard
239,Anniversary Arena: 1st Venue,1639,Warrior Minotaur,60,Boss,Hard
239,Anniversary Arena: 1st Venue,1638,Fighter Mochelo,60,Boss,Hard
239,Anniversary Arena: 1st Venue,1637,Priest Warmonger,50,Boss,Normal
239,Anniversary Arena: 1st Venue,1636,Warrior Minotaur,50,Boss,Normal
239,Anniversary Arena: 1st Venue,1635,Fighter Mochelo,50,Boss,Normal
239,Anniversary Arena: 1st Venue,1634,Festival Golem C,65,Boss,Ultimate
239,Anniversary Arena: 1st Venue,1633,Festival Golem B,65,Boss,Ultimate
239,Anniversary Arena: 1st Venue,1632,Festival Golem A,65,Boss,Ultimate
239,Anniversary Arena: 1st Venue,1631,Festival Golem C,45,Boss,Nightmare
239,Anniversary Arena: 1st Venue,1630,Festival Golem B,45,Boss,Nightmare
239,Anniversary Arena: 1st Venue,1629,Festival Golem A,45,Boss,Nightmare
239,Anniversary Arena: 1st Venue,1628,Festival Golem C,35,Boss,Hard
239,Anniversary Arena: 1st Venue,1627,Festival Golem B,35,Boss,Hard
239,Anniversary Arena: 1st Venue,1626,Festival Golem A,35,Boss,Hard
239,Anniversary Arena: 1st Venue,1625,Festival Golem C,25,Boss,Normal
239,Anniversary Arena: 1st Venue,1624,Festival Golem B,25,Boss,Normal
239,Anniversary Arena: 1st Venue,1623,Festival Golem A,25,Boss,Normal
87,Event,1622,Gespenst,190,Boss,Ultimate
87,Event,1621,Maton Sword,205,Boss,Ultimate
297,Dark Dragon Shrine: Near the Top,1620,Finstern the Dark Dragon,206,Boss,Ultimate
297,Dark Dragon Shrine: Near the Top,1619,Finstern the Dark Dragon,186,Boss,Nightmare
297,Dark Dragon Shrine: Near the Top,1618,Finstern the Dark Dragon,176,Boss,Hard
297,Dark Dragon Shrine: Near the Top,1617,Finstern the Dark Dragon,166,Boss,Normal
297,Dark Dragon Shrine: Near the Top,1616,Finstern the Dark Dragon,156,Boss,Easy
296,Dark Dragon Shrine: Upper,1615,Baby Finstern,154,Normal,Normal
296,Dark Dragon Shrine: Upper,1614,Ivy,152,Normal,Normal
296,Dark Dragon Shrine: Upper,1613,Death Hound,153,Normal,Normal
295,Dark Dragon Shrine: Middle,1612,Thug Golem,191,Mini Boss,Normal
295,Dark Dragon Shrine: Middle,1611,Baby Finstern,153,Normal,Normal
295,Dark Dragon Shrine: Middle,1610,Soul Reaper,152,Normal,Normal
295,Dark Dragon Shrine: Middle,1609,Ivy,151,Normal,Normal
294,Dark Dragon Shrine: Lower,1608,Soul Reaper,151,Normal,Normal
294,Dark Dragon Shrine: Lower,1607,Ivy,150,Normal,Normal
294,Dark Dragon Shrine: Lower,1606,Death Hound,152,Normal,Normal
281,Shrine of the Gods: Area 4,1605,Bubble Angel (Yellow),145,Normal,Normal
281,Shrine of the Gods: Area 4,1604,Bubble Angel (White),145,Normal,Normal
293,Elf Mountains: Shrine,1603,King Piton,203,Boss,Ultimate
293,Elf Mountains: Shrine,1602,King Piton,183,Boss,Nightmare
293,Elf Mountains: Shrine,1601,King Piton,173,Boss,Hard
293,Elf Mountains: Shrine,1600,King Piton,163,Boss,Normal
293,Elf Mountains: Shrine,1599,King Piton,153,Boss,Easy
292,Elf Mountains: Area 3,1598,Goldenia,187,Mini Boss,Normal
292,Elf Mountains: Area 3,1597,Ice Stinger,150,Normal,Normal
292,Elf Mountains: Area 3,1596,Silveria,151,Normal,Normal
292,Elf Mountains: Area 3,1595,Corloup,149,Normal,Normal
291,Elf Mountains: Area 2,1594,Snowman,150,Normal,Normal
291,Elf Mountains: Area 2,1593,Corloup,148,Normal,Normal
291,Elf Mountains: Area 2,1592,Ice Stinger,149,Normal,Normal
290,Elf Mountains: Area 1,1591,Silveria,149,Normal,Normal
290,Elf Mountains: Area 1,1590,Snowman,148,Normal,Normal
290,Elf Mountains: Area 1,1589,Corloup,147,Normal,Normal
289,Garden of Ice & Snow,1588,Acernix,138,Normal,Normal
289,Garden of Ice & Snow,1587,Billy,139,Normal,Normal
289,Garden of Ice & Snow,1586,Snowman,137,Normal,Normal
289,Garden of Ice & Snow,1585,Billy,136,Normal,Normal
289,Garden of Ice & Snow,1584,Acernix,135,Normal,Normal
288,Sakura Castle Donjon: Top,1583,Mimesia (Nightmare),180,Boss,Nightmare
285,Sakura Castle: Outside,1582,Slayer Cherrimoth,180,Normal,Normal
87,Event,1581,Ancient Empress Mezzaluna (Hell),180,Boss,Normal
288,Sakura Castle Donjon: Top,1580,Mimesia (Hard),160,Boss,Normal
288,Sakura Castle Donjon: Top,1579,Mimesia (Normal),140,Boss,Normal
288,Sakura Castle Donjon: Top,1578,Mimesia (Easy),120,Boss,Normal
285,Sakura Castle: Outside,1577,Violaccoon,120,Normal,Normal
285,Sakura Castle: Outside,1576,Plumpy Buggy,121,Normal,Normal
285,Sakura Castle: Outside,1575,Violaccoon,122,Normal,Normal
285,Sakura Castle: Outside,1574,Tulin,118,Normal,Normal
285,Sakura Castle: Outside,1573,Tehon,119,Normal,Normal
284,Shrine of the Goddess of Species,1572,Seele Zauga,200,Boss,Ultimate
284,Shrine of the Goddess of Species,1571,Seele Zauga,180,Boss,Nightmare
284,Shrine of the Goddess of Species,1570,Seele Zauga,170,Boss,Hard
284,Shrine of the Goddess of Species,1569,Seele Zauga,160,Boss,Normal
284,Shrine of the Goddess of Species,1568,Seele Zauga,150,Boss,Easy
282,Hall of Construction Gods,1567,Destiny Cube,147,Normal,
283,Hall of Special Gods,1566,Destiny Cube,146,Normal,
283,Hall of Special Gods,1565,Bubble Angel (Purple),147,Normal,
283,Hall of Special Gods,1564,Sanctuary Guardian,148,Normal,
282,Hall of Construction Gods,1563,Carbuncle,183,Mini Boss,
282,Hall of Construction Gods,1562,Oddy,145,Normal,
282,Hall of Construction Gods,1561,Bubble Angel (Yellow),146,Normal,
281,Shrine of the Gods: Area 4,1560,Bubble Angel (Purple),145,Normal,
281,Shrine of the Gods: Area 4,1559,Sanctuary Guardian,146,Normal,
281,Shrine of the Gods: Area 4,1558,Oddy,144,Normal,
280,Heresy Corridor,1557,Bubble Angel (White),136,Normal,
280,Heresy Corridor,1556,Meditating Potum,132,Normal,
280,Heresy Corridor,1555,Hermit Doll,133,Normal,Normal
111,El Scaro,1554,Handmade Cookie (Coffee),190,Boss,Ultimate
111,El Scaro,1553,Handmade Cookie (Choco),160,Boss,Nightmare
111,El Scaro,1552,Handmade Cookie (Cocoa),130,Boss,Hard
111,El Scaro,1551,Handmade Cookie (Plain),100,Boss,Normal
275,Barbaros Corridor,1550,Bubble Bogey,177,Mini Boss,Normal
276,Shrine of The Gods: Area 1,1549,Bubble Angel (Blue),143,Normal,Normal
276,Shrine of The Gods: Area 1,1548,Bubble Angel (Red),142,Normal,Normal
277,Shrine of The Gods: Area 2,1547,Bubble Angel (Blue),143,Normal,Normal
277,Shrine of The Gods: Area 2,1546,Bubble Angel (Red),143,Normal,Normal
278,Shrine of The Gods: Area 3,1545,Bubble Angel (Blue),145,Normal,Normal
278,Shrine of The Gods: Area 3,1544,Bubble Angel (Red),145,Normal,Normal
275,Barbaros Corridor,1543,Aeternus,130,Normal,Normal
275,Barbaros Corridor,1542,Berylfree,133,Normal,Normal
275,Barbaros Corridor,1541,Planet Head,131,Normal,Normal
276,Shrine of The Gods: Area 1,1540,Bubble Angel (Green),141,Normal,Normal
276,Shrine of The Gods: Area 1,1539,Destiny Cube,143,Normal,Normal
276,Shrine of The Gods: Area 1,1538,Zaman,142,Normal,Normal
277,Shrine of The Gods: Area 2,1537,Gods of Blessing's Guardian,142,Normal,Normal
277,Shrine of The Gods: Area 2,1536,Destiny Cube,144,Normal,Normal
277,Shrine of The Gods: Area 2,1535,Bubble Angel (Green),143,Normal,Normal
278,Shrine of The Gods: Area 3,1534,Bubble Angel (Green),145,Normal,Normal
278,Shrine of The Gods: Area 3,1533,Gods of Blessing's Guardian,143,Normal,Normal
278,Shrine of The Gods: Area 3,1532,Zaman,144,Normal,Normal
279,Hall of Blessings Gods,1531,Mardula,197,Boss,Ultimate
279,Hall of Blessings Gods,1530,Mardula,177,Boss,Nightmare
279,Hall of Blessings Gods,1529,Mardula,167,Boss,Hard
279,Hall of Blessings Gods,1528,Mardula,157,Boss,Normal
279,Hall of Blessings Gods,1527,Mardula,147,Boss,Easy
103,Maia Diela,1526,Eidenliebe (Dark),180,Boss,Ultimate
103,Maia Diela,1525,Eidenliebe (Bitter),150,Boss,Nightmare
103,Maia Diela,1524,Eidenliebe (Sweet),120,Boss,Hard
103,Maia Diela,1523,Eidenliebe (Milk),90,Boss,Normal
272,Ruins of Mt. Mithurna: Stylobate,1522,Mithurna Lynx,177,Mini Boss,Normal
274,Ruins of Mt. Mithurna: Open Air,1521,Zelbuse,194,Boss,Ultimate
274,Ruins of Mt. Mithurna: Open Air,1520,Zelbuse,174,Boss,Nightmare
274,Ruins of Mt. Mithurna: Open Air,1519,Zelbuse,164,Boss,Hard
274,Ruins of Mt. Mithurna: Open Air,1518,Zelbuse,154,Boss,Normal
274,Ruins of Mt. Mithurna: Open Air,1517,Zelbuse,144,Boss,Easy
274,Ruins of Mt. Mithurna: Open Air,1516,Mitta Tret,140,Normal,Normal
274,Ruins of Mt. Mithurna: Open Air,1515,Moss Granite,142,Normal,Normal
273,Ruins of Mt. Mithurna: Long Stairs,1514,Mitta Tret,140,Normal,Normal
273,Ruins of Mt. Mithurna: Long Stairs,1513,Ardvan,139,Normal,Normal
273,Ruins of Mt. Mithurna: Long Stairs,1512,Moss Granite,141,Normal,Normal
272,Ruins of Mt. Mithurna: Stylobate,1511,Mitta Tret,138,Normal,Normal
272,Ruins of Mt. Mithurna: Stylobate,1510,Haliabubo,139,Normal,Normal
272,Ruins of Mt. Mithurna: Stylobate,1509,Ardvan,140,Normal,Normal
87,Event,1508,Kohaku Lil Boar,50,Boss,Ultimate
87,Event,1507,Kohaku Lil Boar,30,Boss,Nightmare
87,Event,1506,Kohaku Lil Boar,20,Boss,Hard
87,Event,1505,Kohaku Lil Boar,10,Boss,Normal
87,Event,1504,Kohaku Lil Boar,1,Boss,Easy
87,Event,1503,Zega (Megiston 2018),180,Boss,Normal
87,Event,1502,Felien (Megiston 2018),170,Boss,Normal
87,Event,1501,Ultimate Machina (Megiston 2018),160,Boss,Normal
87,Event,1500,Guignol (Megiston 2018),150,Boss,Normal
87,Event,1499,Pillar Golem (Megiston 2018),140,Boss,Normal
261,Rokoko Plains,1498,Altoblepas,174,Mini Boss,Normal
265,Noeliel Castle: Hall (120-140),1497,Noeliel the Ice Statue (raid),202,Boss,Ultimate
265,Noeliel Castle: Hall (120-140),1496,Noeliel the Ice Statue (raid),182,Boss,Nightmare
265,Noeliel Castle: Hall (120-140),1495,Noeliel the Ice Statue (raid),172,Boss,Hard
265,Noeliel Castle: Hall (120-140),1494,Noeliel the Ice Statue (raid),162,Boss,Normal
265,Noeliel Castle: Hall (120-140),1493,Noeliel the Ice Statue (raid),152,Boss,Easy
271,Noeliel Castle: Hall (100-120),1492,Noeliel the Ice Statue (raid),182,Boss,Ultimate
271,Noeliel Castle: Hall (100-120),1491,Noeliel the Ice Statue (raid),162,Boss,Nightmare
271,Noeliel Castle: Hall (100-120),1490,Noeliel the Ice Statue (raid),152,Boss,Hard
271,Noeliel Castle: Hall (100-120),1489,Noeliel the Ice Statue (raid),142,Boss,Normal
271,Noeliel Castle: Hall (100-120),1488,Noeliel the Ice Statue (raid),132,Boss,Easy
268,Noeliel Castle: Hall (80-100),1487,Noeliel the Ice Statue (raid),162,Boss,Ultimate
268,Noeliel Castle: Hall (80-100),1486,Noeliel the Ice Statue (raid),142,Boss,Nightmare
268,Noeliel Castle: Hall (80-100),1485,Noeliel the Ice Statue (raid),132,Boss,Hard
268,Noeliel Castle: Hall (80-100),1484,Noeliel the Ice Statue (raid),122,Boss,Normal
268,Noeliel Castle: Hall (80-100),1483,Noeliel the Ice Statue (raid),112,Boss,Easy
271,Noeliel Castle: Hall (100-120),1482,Noeliel the Ice Statue,172,Boss,Ultimate
271,Noeliel Castle: Hall (100-120),1481,Noeliel the Ice Statue,152,Boss,Nightmare
271,Noeliel Castle: Hall (100-120),1480,Noeliel the Ice Statue,142,Boss,Hard
271,Noeliel Castle: Hall (100-120),1479,Noeliel the Ice Statue,132,Boss,Normal
271,Noeliel Castle: Hall (100-120),1478,Noeliel the Ice Statue,122,Boss,Easy
270,Noeliel Castle: 2F (100-120),1477,Snowman,119,Normal,Normal
270,Noeliel Castle: 2F (100-120),1476,Cold Golem,121,Normal,Normal
270,Noeliel Castle: 2F (100-120),1475,Ice Evil Clocl,120,Normal,Normal
269,Noeliel Castle: Entrance (100-120),1474,Ice Evil Clock,117,Normal,Normal
269,Noeliel Castle: Entrance (100-120),1473,Cold Golem,118,Normal,Normal
268,Noeliel Castle: Hall (80-100),1472,Noeliel the Ice Statue,152,Boss,Ultimate
268,Noeliel Castle: Hall (80-100),1471,Noeliel the Ice Statue,132,Boss,Nightmare
268,Noeliel Castle: Hall (80-100),1470,Noeliel the Ice Statue,122,Boss,Hard
268,Noeliel Castle: Hall (80-100),1469,Noeliel the Ice Statue,112,Boss,Normal
268,Noeliel Castle: Hall (80-100),1468,Noeliel the Ice Statue,102,Boss,Easy
267,Noeliel Castle: 2F (80-100),1467,Snowman,99,Normal,Normal
267,Noeliel Castle: 2F (80-100),1466,Freeze Ghost,101,Normal,Normal
267,Noeliel Castle: 2F (80-100),1465,Ice Evil Clock,100,Normal,Normal
266,Noeliel Castle: Entrance (80-100),1464,Freeze Ghost,98,Normal,Normal
266,Noeliel Castle: Entrance (80-100),1463,Ice Evil Clock,97,Normal,Normal
265,Noeliel Castle: Hall (120-140),1462,Noeliel the Ice Statue,191,Boss,Ultimate
265,Noeliel Castle: Hall (120-140),1461,Noeliel the Ice Statue,171,Boss,Nightmare
265,Noeliel Castle: Hall (120-140),1460,Noeliel the Ice Statue,161,Boss,Hard
265,Noeliel Castle: Hall (120-140),1459,Noeliel the Ice Statue,151,Boss,Normal
265,Noeliel Castle: Hall (120-140),1458,Noeliel the Ice Statue,141,Boss,Easy
264,Noeliel Castle 2F (120-140),1457,Snowman,139,Normal,Normal
264,Noeliel Castle 2F (120-140),1456,Frost Golem,141,Normal,Normal
263,Noeliel Castle Entrance (120-140),1455,Ice Evil Clock,137,Normal,Normal
263,Noeliel Castle Entrance (120-140),1454,Frost Golem,138,Normal,Normal
262,Forgotten Cave,1453,Mom Fluck,191,Boss,Ultimate
262,Forgotten Cave,1452,Mom Fluck,171,Boss,Nightmare
262,Forgotten Cave,1451,Mom Fluck,161,Boss,Hard
262,Forgotten Cave,1450,Mom Fluck,151,Boss,Normal
262,Forgotten Cave,1449,Mom Fluck,141,Boss,Easy
262,Forgotten Cave,1448,Fluck,139,Normal,Normal
262,Forgotten Cave,1447,Stone,139,Normal,Normal
262,Forgotten Cave,1446,Melon Soda Potum,138,Normal,Normal
261,Rokoko Plains,1445,Tenoblepas,130,Normal,Normal
261,Rokoko Plains,1444,Kijimu (Green Grape),129,Normal,Normal
261,Rokoko Plains,1443,Kijimu (Purple Grape),127,Normal,Normal
261,Rokoko Plains,1442,Leedle Colon,128,Normal,Normal
261,Rokoko Plains,1441,Tenoblepas,126,Normal,Normal
260,Mt. Mithurna: Entrance,1440,Muddy Gnome,124,Normal,Normal
260,Mt. Mithurna: Entrance,1439,Tylul,123,Normal,Normal
260,Mt. Mithurna: Entrance,1438,Tenoblepas,125,Normal,Normal
87,Event,1437,Yashiro Azuki's Mom (Lv150),195,Boss,Ultimate
87,Event,1436,Yashiro Azuki (Lv150),190,Boss,Ultimate
87,Event,1435,Yashiro Azuki's Mom (Lv150),175,Boss,Nightmare
87,Event,1434,Yashiro Azuki (Lv150),170,Boss,Nightmare
87,Event,1433,Yashiro Azuki's Mom (Lv150),165,Boss,Hard
87,Event,1432,Yashiro Azuki (Lv150),160,Boss,Hard
87,Event,1431,Yashiro Azuki's Mom (Lv150),155,Boss,Normal
87,Event,1430,Yashiro Azuki (Lv150),150,Boss,Normal
87,Event,1429,Yashiro Azuki's Mom (Lv150),145,Boss,Easy
87,Event,1428,Yashiro Azuki (Lv150),140,Boss,Easy
87,Event,1427,Yashiro Azuki's Mom (Lv60),135,Boss,Ultimate
87,Event,1426,Yashiro Azuki (Lv60),130,Boss,Ultimate
87,Event,1425,Yashiro Azuki's Mom (Lv60),115,Boss,Nightmare
87,Event,1424,Yashiro Azuki (Lv60),110,Boss,Nightmare
87,Event,1423,Yashiro Azuki's Mom (Lv60),105,Boss,Hard
87,Event,1422,Yashiro Azuki (Lv60),100,Boss,Hard
87,Event,1421,Yashiro Azuki's Mom (Lv60),95,Boss,Normal
87,Event,1420,Yashiro Azuki (Lv60),90,Boss,Normal
87,Event,1419,Yashiro Azuki's Mom (Lv60),85,Boss,Easy
87,Event,1418,Yashiro Azuki (Lv60),80,Boss,Easy
87,Event,1417,Yashiro Azuki's Mom (Lv30),75,Boss,Ultimate
87,Event,1416,Yashiro Azuki (Lv30),70,Boss,Ultimate
87,Event,1415,Yashiro Azuki's Mom (Lv30),55,Boss,Nightmare
87,Event,1414,Yashiro Azuki (Lv30),50,Boss,Nightmare
87,Event,1413,Yashiro Azuki's Mom (Lv30),45,Boss,Hard
87,Event,1412,Yashiro Azuki (Lv30),40,Boss,Hard
87,Event,1411,Yashiro Azuki's Mom (Lv30),35,Boss,Normal
87,Event,1410,Yashiro Azuki (Lv30),30,Boss,Normal
87,Event,1409,Yashiro Azuki's Mom (Lv30),25,Boss,Easy
87,Event,1408,Yashiro Azuki (Lv30),20,Boss,Easy
248,Tolbas GrassLand,1407,Golden Potum (10M DL),100,Mini Boss,Normal
110,Wanderer's Plain,1406,Golden Potum (10M DL),100,Mini Boss,Normal
70,Darkanon Plain,1405,Golden Potum (10M DL),100,Mini Boss,Normal
51,Yorl Highlands,1404,Golden Potum (10M DL),100,Mini Boss,Normal
7,Rakau Plains,1403,Golden Potum (10M DL),100,Mini Boss,Normal
79,Sofya City: Government Office,1402,Pomie Chan (10M DL),200,Boss,Ultimate
79,Sofya City: Government Office,1401,Hero Potum (10M DL),200,Boss,Ultimate
79,Sofya City: Government Office,1400,Pomie Chan (10M DL),180,Boss,Nightmare
79,Sofya City: Government Office,1399,Hero Potum (10M DL),180,Boss,Nightmare
79,Sofya City: Government Office,1398,Pomie Chan (10M DL),170,Boss,Hard
79,Sofya City: Government Office,1397,Hero Potum (10M DL),170,Boss,Hard
79,Sofya City: Government Office,1396,Pomie Chan (10M DL),160,Boss,Normal
79,Sofya City: Government Office,1395,Hero Potum (10M DL),160,Boss,Normal
79,Sofya City: Government Office,1394,Pomie Chan (10M DL),150,Boss,Easy
79,Sofya City: Government Office,1393,Hero Potum (10M DL),150,Boss,Easy
259,Decaying Ruins,1392,Crystal Titan,188,Boss,Ultimate
259,Decaying Ruins,1391,Crystal Titan,168,Boss,Nightmare
259,Decaying Ruins,1390,Crystal Titan,158,Boss,Hard
259,Decaying Ruins,1389,Crystal Titan,148,Boss,Normal
259,Decaying Ruins,1388,Crystal Titan,138,Boss,Easy
258,Curonne Forest: North Area 2,1387,Fanadon,171,Mini Boss,Normal
258,Curonne Forest: North Area 2,1386,Shark Wolf,135,Normal,Normal
258,Curonne Forest: North Area 2,1385,Fanalizard,134,Normal,Normal
256,Nov Saterica,1384,General Store: Litoa,0,NPC,Normal
256,Nov Saterica,1383,Sentry,0,NPC,Normal
257,Curonne Forest: North Area 1,1382,Leaf Ghost,133,Normal,Normal
257,Curonne Forest: North Area 1,1381,Fanalizard,132,Normal,Normal
257,Curonne Forest: North Area 1,1380,Tehon,131,Normal,Normal
255,Curonne Forest: East,1379,Tehon,122,Normal,Normal
255,Curonne Forest: East,1378,Fanalizard,123,Normal,Normal
255,Curonne Forest: East,1377,Fanalizard,120,Normal,Normal
255,Curonne Forest: East,1376,Tehon,119,Normal,Normal
255,Curonne Forest: East,1375,Squirreen,121,Normal,Normal
254,Halloween Mansion Basement,1374,Zoe,150,Boss,Very Hard
254,Halloween Mansion Basement,1373,Zoe,125,Boss,Hard
254,Halloween Mansion Basement,1372,Zoe,100,Boss,Normal
254,Halloween Mansion Basement,1371,Zoe,75,Boss,Easy
87,Event,1370,Usasama the Necromancer,185,Boss,Normal
248,Tolbas GrassLand,1369,Persimmon Coryn,125,Mini Boss,Normal
253,Otsukimi Event Venue,1368,Usami (Full Moon Lv90+),130,Boss,Ultimate
253,Otsukimi Event Venue,1367,Usakichi (Full Moon Lv90+),130,Boss,Ultimate
253,Otsukimi Event Venue,1366,Usami (Full Moon Lv90+),110,Boss,Nightmare
253,Otsukimi Event Venue,1365,Usakichi (Full Moon Lv90+),110,Boss,Nightmare
253,Otsukimi Event Venue,1364,Usami (Full Moon Lv90+),100,Boss,Hard
253,Otsukimi Event Venue,1363,Usakichi (Full Moon Lv90+),100,Boss,Hard
253,Otsukimi Event Venue,1362,Usami (Full Moon Lv90+),90,Boss,Normal
253,Otsukimi Event Venue,1361,Usakichi (Full Moon Lv90+),90,Boss,Normal
253,Otsukimi Event Venue,1360,Usami (Crescent Moon Lv60+),100,Boss,Ultimate
253,Otsukimi Event Venue,1359,Usakichi (Crescent Moon Lv60+),100,Boss,Ultimate
253,Otsukimi Event Venue,1358,Usami (Crescent Moon Lv60+),80,Boss,Nightmare
253,Otsukimi Event Venue,1357,Usakichi (Crescent Moon Lv60+),80,Boss,Nightmare
253,Otsukimi Event Venue,1356,Usami (Crescent Moon Lv60+),70,Boss,Hard
253,Otsukimi Event Venue,1355,Usakichi (Crescent Moon Lv60+),70,Boss,Hard
253,Otsukimi Event Venue,1354,Usami (Crescent Moon Lv60+),60,Boss,Normal
253,Otsukimi Event Venue,1353,Usakichi (Crescent Moon Lv60+),60,Boss,Normal
253,Otsukimi Event Venue,1352,Usami (New Moon Lv30+),70,Boss,Ultimate
253,Otsukimi Event Venue,1351,Usakichi (New Moon Lv30+),70,Boss,Ultimate
253,Otsukimi Event Venue,1350,Usami (New Moon Lv30+),50,Boss,Nightmare
253,Otsukimi Event Venue,1349,Usakichi (New Moon Lv30+),50,Boss,Nightmare
253,Otsukimi Event Venue,1348,Usami (New Moon Lv30+),40,Boss,Hard
253,Otsukimi Event Venue,1347,Usakichi (New Moon Lv30+),40,Boss,Hard
253,Otsukimi Event Venue,1346,Usami (New Moon Lv30+),30,Boss,Normal
253,Otsukimi Event Venue,1345,Usakichi (New Moon Lv30+),30,Boss,Normal
253,Otsukimi Event Venue,1344,Usami (New Moon Lv30+),20,Boss,Easy
253,Otsukimi Event Venue,1343,Usakichi (New Moon Lv30+),20,Boss,Easy
252,Turnus Mine: Hall,1342,Shampy,185,Boss,Ultimate
252,Turnus Mine: Hall,1341,Shampy,165,Boss,Nightmare
252,Turnus Mine: Hall,1340,Shampy,155,Boss,Hard
252,Turnus Mine: Hall,1339,Shampy,145,Boss,Normal
252,Turnus Mine: Hall,1338,Shampy,135,Boss,Easy
252,Turnus Mine: Hall,1337,Comraby,131,Normal,Normal
252,Turnus Mine: Hall,1336,Rockmadillo,132,Normal,Normal
251,Turnus Mine: Area 3,1335,Solopy,169,Mini Boss,Normal
251,Turnus Mine: Area 3,1334,Rockmadillo,131,Normal,Normal
251,Turnus Mine: Area 3,1333,Light Angler,132,Normal,Normal
250,Turnus Mine: Area 2,1332,Pelle,132,Normal,Normal
250,Turnus Mine: Area 2,1331,Rockmadillo,130,Normal,Normal
250,Turnus Mine: Area 2,1330,Molemet,131,Normal,Normal
249,Turnus Mine: Area 1,1329,Light Angler,131,Normal,Normal
249,Turnus Mine: Area 1,1328,Pelle,130,Normal,Normal
249,Turnus Mine: Area 1,1327,Molemet,129,Normal,Normal
248,Tolbas GrassLand,1326,Lanbat,121,Normal,Normal
248,Tolbas GrassLand,1325,Healily,119,Normal,Normal
248,Tolbas GrassLand,1324,Molemet,117,Normal,Normal
79,Sofya City: Government Office,1323,Hero Potum (9M DL),190,Boss,Ultimate
79,Sofya City: Government Office,1322,Hero Potum (9M DL),170,Boss,Nightmare
79,Sofya City: Government Office,1321,Hero Potum (9M DL),160,Boss,Hard
79,Sofya City: Government Office,1320,Hero Potum (9M DL),150,Boss,Normal
79,Sofya City: Government Office,1319,Hero Potum (9M DL),140,Boss,Easy
110,Wanderer's Plain,1318,Golden Potum (9M DL),100,Mini Boss,Normal
70,Darkanon Plain,1317,Golden Potum (9M DL),100,Mini Boss,Normal
51,Yorl Highlands,1316,Golden Potum (9M DL),100,Mini Boss,Normal
7,Rakau Plains,1315,Golden Potum (9M DL),100,Mini Boss,Normal
247,Buried Tower: Entrance,1314,Maton Sword,183,Boss,Ultimate
247,Buried Tower: Entrance,1313,Maton Sword,163,Boss,Nightmare
247,Buried Tower: Entrance,1312,Maton Sword,153,Boss,Hard
247,Buried Tower: Entrance,1311,Maton Sword,143,Boss,Normal
247,Buried Tower: Entrance,1310,Maton Sword,133,Boss,Easy
246,Buried Tower: Inside,1309,Seraph Machina,167,Mini Boss,Normal
246,Buried Tower: Inside,1308,Mine Digger,130,Normal,Normal
246,Buried Tower: Inside,1307,Lost Machina,129,Normal,Normal
246,Buried Tower: Inside,1306,Galdon,131,Normal,Normal
245,Buried Tower: Collapsed Top,1305,Lost Machina,127,Normal,Normal
245,Buried Tower: Collapsed Top,1304,Galdon,129,Normal,Normal
245,Buried Tower: Collapsed Top,1303,Mine Digger,128,Normal,Normal
213,Ultimea Sewer: Southeast,1302,Amoeba Machina,158,Mini Boss,Normal
241,Anniversary Arena: 3rd Venue,1301,Megiston,200,Boss,Ultimate
241,Anniversary Arena: 3rd Venue,1300,Megiston,180,Boss,Nightmare
241,Anniversary Arena: 3rd Venue,1299,Megiston,170,Boss,Hard
241,Anniversary Arena: 3rd Venue,1298,Megiston,160,Boss,Normal
87,Event,1297,Titeres,160,Boss,Normal
243,Saltau's Beach: Beach House,1296,Ganglef,160,Normal,Normal
243,Saltau's Beach: Beach House,1295,Summer Potum,80,Normal,Normal
242,Ultimea Palace: Throne,1294,Venena Coenubia,190,Boss,Ultimate
242,Ultimea Palace: Throne,1293,Venena Coenubia,170,Boss,Nightmare
242,Ultimea Palace: Throne,1292,Venena Coenubia,160,Boss,Hard
242,Ultimea Palace: Throne,1291,Venena Coenubia,150,Boss,Normal
242,Ultimea Palace: Throne,1290,Venena Coenubia,140,Boss,Easy
241,Anniversary Arena: 3rd Venue,1289,The Tyrannic Thrust,195,Boss,Ultimate
241,Anniversary Arena: 3rd Venue,1288,The Claws of Death,195,Boss,Ultimate
241,Anniversary Arena: 3rd Venue,1287,The Cursed Venom Arm,195,Boss,Ultimate
241,Anniversary Arena: 3rd Venue,1286,The Tyrannic Thrust,175,Boss,Nightmare
241,Anniversary Arena: 3rd Venue,1285,The Claws of Death,175,Boss,Nightmare
241,Anniversary Arena: 3rd Venue,1284,The Cursed Venom Arm,175,Boss,Nightmare
241,Anniversary Arena: 3rd Venue,1283,The Tyrannic Thrust,165,Boss,Hard
241,Anniversary Arena: 3rd Venue,1282,The Claws of Death,165,Boss,Hard
241,Anniversary Arena: 3rd Venue,1281,The Cursed Venom Arm,165,Boss,Hard
241,Anniversary Arena: 3rd Venue,1280,The Tyrannic Thrust,155,Boss,Normal
241,Anniversary Arena: 3rd Venue,1279,The Claws of Death,155,Boss,Normal
241,Anniversary Arena: 3rd Venue,1278,The Cursed Venom Arm,155,Boss,Normal
241,Anniversary Arena: 3rd Venue,1277,Masked Moon,180,Boss,Ultimate
241,Anniversary Arena: 3rd Venue,1276,Masked Gloom,180,Boss,Ultimate
241,Anniversary Arena: 3rd Venue,1275,Masked Axeman,180,Boss,Ultimate
241,Anniversary Arena: 3rd Venue,1274,Masked Moon,160,Boss,Nightmare
241,Anniversary Arena: 3rd Venue,1273,Masked Gloom,160,Boss,Nightmare
241,Anniversary Arena: 3rd Venue,1272,Masked Axeman,160,Boss,Nightmare
241,Anniversary Arena: 3rd Venue,1271,Masked Moon,150,Boss,Hard
241,Anniversary Arena: 3rd Venue,1270,Masked Gloom,150,Boss,Hard
241,Anniversary Arena: 3rd Venue,1269,Masked Axeman,150,Boss,Hard
241,Anniversary Arena: 3rd Venue,1268,Masked Moon,140,Boss,Normal
241,Anniversary Arena: 3rd Venue,1267,Masked Gloom,140,Boss,Normal
241,Anniversary Arena: 3rd Venue,1266,Masked Axeman,140,Boss,Normal
87,Event,1265,3rd Anniv Event (all boss),0,Boss,Normal
240,Anniversary Arena: 2nd Venue,1264,Zolban the Dark Captain of Wind,165,Boss,Ultimate
240,Anniversary Arena: 2nd Venue,1263,Vatendeth the Dark General,165,Boss,Ultimate
240,Anniversary Arena: 2nd Venue,1262,Grecia the Goddess of Courage,165,Boss,Ultimate
240,Anniversary Arena: 2nd Venue,1261,Zolban the Dark Captain of Wind,145,Boss,Nightmare
240,Anniversary Arena: 2nd Venue,1260,Vatendeth the Dark General,145,Boss,Nightmare
240,Anniversary Arena: 2nd Venue,1259,Grecia the Goddess of Courage,145,Boss,Nightmare
240,Anniversary Arena: 2nd Venue,1258,Zolban the Dark Captain of Wind,135,Boss,Hard
240,Anniversary Arena: 2nd Venue,1257,Vatendeth the Dark General,135,Boss,Hard
240,Anniversary Arena: 2nd Venue,1256,Grecia the Goddess of Courage,135,Boss,Hard
240,Anniversary Arena: 2nd Venue,1255,Zolban the Dark Captain of Wind,125,Boss,Normal
240,Anniversary Arena: 2nd Venue,1254,Vatendeth the Dark General,125,Boss,Normal
240,Anniversary Arena: 2nd Venue,1253,Grecia the Goddess of Courage,125,Boss,Normal
240,Anniversary Arena: 2nd Venue,1252,Iceberg Silver Knight,140,Boss,Ultimate
240,Anniversary Arena: 2nd Venue,1251,Evil Emerald Beast,140,Boss,Ultimate
240,Anniversary Arena: 2nd Venue,1250,Hellfire Scrap Golem,140,Boss,Ultimate
240,Anniversary Arena: 2nd Venue,1249,Iceberg Silver Knight,120,Boss,Nightmare
240,Anniversary Arena: 2nd Venue,1248,Evil Emerald Beast,120,Boss,Nightmare
240,Anniversary Arena: 2nd Venue,1247,Hellfire Scrap Golem,120,Boss,Nightmare
240,Anniversary Arena: 2nd Venue,1246,Iceberg Silver Knight,110,Boss,Hard
240,Anniversary Arena: 2nd Venue,1245,Evil Emerald Beast,110,Boss,Hard
240,Anniversary Arena: 2nd Venue,1244,Hellfire Scrap Golem,110,Boss,Hard
240,Anniversary Arena: 2nd Venue,1243,Iceberg Silver Knight,100,Boss,Normal
240,Anniversary Arena: 2nd Venue,1242,Evil Emerald Beast,100,Boss,Normal
240,Anniversary Arena: 2nd Venue,1241,Hellfire Scrap Golem,100,Boss,Normal
51,Yorl Highlands,1240,Goleps,160,Boss,Normal
239,Anniversary Arena: 1st Venue,1239,False God,115,Boss,Ultimate
239,Anniversary Arena: 1st Venue,1238,Faithful Guardian,115,Boss,Ultimate
239,Anniversary Arena: 1st Venue,1237,Outerworld Soldier,115,Boss,Ultimate
239,Anniversary Arena: 1st Venue,1236,False God,95,Boss,Nightmare
239,Anniversary Arena: 1st Venue,1235,Faithful Guardian,95,Boss,Nightmare
239,Anniversary Arena: 1st Venue,1234,Outerworld Soldier,95,Boss,Nightmare
239,Anniversary Arena: 1st Venue,1233,False God,85,Boss,Hard
239,Anniversary Arena: 1st Venue,1232,Faithful Guardian,85,Boss,Hard
239,Anniversary Arena: 1st Venue,1231,Outerworld Soldier,85,Boss,Hard
239,Anniversary Arena: 1st Venue,1230,False God,75,Boss,Normal
239,Anniversary Arena: 1st Venue,1229,Faithful Guardian,75,Boss,Normal
239,Anniversary Arena: 1st Venue,1228,Outerworld Soldier,75,Boss,Normal
239,Anniversary Arena: 1st Venue,1227,Priest Warmonger,90,Boss,Ultimate
239,Anniversary Arena: 1st Venue,1226,Warrior Minotaur,90,Boss,Ultimate
239,Anniversary Arena: 1st Venue,1225,Fighter Mochelo,90,Boss,Ultimate
239,Anniversary Arena: 1st Venue,1224,Priest Warmonger,70,Boss,Nightmare
239,Anniversary Arena: 1st Venue,1223,Warrior Minotaur,70,Boss,Nightmare
239,Anniversary Arena: 1st Venue,1222,Fighter Mochelo,70,Boss,Nightmare
239,Anniversary Arena: 1st Venue,1221,Priest Warmonger,60,Boss,Hard
239,Anniversary Arena: 1st Venue,1220,Warrior Minotaur,60,Boss,Hard
239,Anniversary Arena: 1st Venue,1219,Fighter Mochelo,60,Boss,Hard
239,Anniversary Arena: 1st Venue,1218,Priest Warmonger,50,Boss,Normal
239,Anniversary Arena: 1st Venue,1217,Warrior Minotaur,50,Boss,Normal
239,Anniversary Arena: 1st Venue,1216,Fighter Mochelo,50,Boss,Normal
239,Anniversary Arena: 1st Venue,1215,Festival Golem C,65,Boss,Ultimate
239,Anniversary Arena: 1st Venue,1214,Festival Golem B,65,Boss,Ultimate
239,Anniversary Arena: 1st Venue,1213,Festival Golem A,65,Boss,Ultimate
239,Anniversary Arena: 1st Venue,1212,Festival Golem C,45,Boss,Nightmare
239,Anniversary Arena: 1st Venue,1211,Festival Golem B,45,Boss,Nightmare
239,Anniversary Arena: 1st Venue,1210,Festival Golem A,45,Boss,Nightmare
239,Anniversary Arena: 1st Venue,1209,Festival Golem C,35,Boss,Hard
239,Anniversary Arena: 1st Venue,1208,Festival Golem B,35,Boss,Hard
239,Anniversary Arena: 1st Venue,1207,Festival Golem A,35,Boss,Hard
239,Anniversary Arena: 1st Venue,1206,Festival Golem C,25,Boss,Normal
239,Anniversary Arena: 1st Venue,1205,Festival Golem B,25,Boss,Normal
239,Anniversary Arena: 1st Venue,1204,Festival Golem A,25,Boss,Normal
238,Copia Reservoir,1203,Young Pore,114,Normal,Normal
238,Copia Reservoir,1202,Copia Cat,116,Normal,Normal
238,Copia Reservoir,1201,Pond Snake,115,Normal,Normal
237,Ultimea Palace: Corridor,1200,Ornlarf,182,Boss,Ultimate
237,Ultimea Palace: Corridor,1199,Ornlarf,162,Boss,Nightmare
237,Ultimea Palace: Corridor,1198,Ornlarf,152,Boss,Hard
237,Ultimea Palace: Corridor,1197,Ornlarf,142,Boss,Normal
237,Ultimea Palace: Corridor,1196,Ornlarf,132,Boss,Easy
236,Ultimea Palace: Demi Machina Storage,1195,Wandering Wheel,163,Mini Boss,Normal
236,Ultimea Palace: Demi Machina Storage,1194,Stravos Machina,128,Normal,Normal
236,Ultimea Palace: Demi Machina Storage,1193,Wheel Machina,130,Normal,Normal
236,Ultimea Palace: Demi Machina Storage,1192,High Tigris,129,Normal,Normal
235,Ultimea Palace: Storage Area 2,1191,Wheel Machina,128,Normal,Normal
235,Ultimea Palace: Storage Area 2,1190,Stravos Machina,127,Normal,Normal
235,Ultimea Palace: Storage Area 2,1189,Lyard Defender,129,Normal,Normal
234,Ultimea Palace: Storage Area 1,1188,Lyark Defender,127,Normal,Normal
234,Ultimea Palace: Storage Area 1,1187,High Tigris,128,Normal,Normal
234,Ultimea Palace: Storage Area 1,1186,Stravos Machina,126,Normal,Normal
110,Wanderer's Plain,1185,Golden Potum (8M DL),100,Mini Boss,Normal
70,Darkanon Plain,1184,Golden Potum (8M DL),100,Mini Boss,Normal
51,Yorl Highlands,1183,Golden Potum (8M DL),100,Mini Boss,Normal
7,Rakau Plains,1182,Golden Potum (8M DL),100,Mini Boss,Normal
87,Event,1181,Gespenst,175,Boss,Ultimate
87,Event,1180,P. Avatar,800,Boss,Normal
233,Droma Square,1179,Ultimate Machina,179,Boss,Ultimate
233,Droma Square,1178,Ultimate Machina,159,Boss,Nightmare
233,Droma Square,1177,Ultimate Machina,149,Boss,Hard
233,Droma Square,1176,Ultimate Machina,139,Boss,Normal
233,Droma Square,1175,Ultimate Machina,129,Boss,Easy
232,Suburb of Droma Square: Area 3,1174,Cannon Golem,126,Normal,Normal
232,Suburb of Droma Square: Area 3,1173,Volotur,160,Mini Boss,Normal
232,Suburb of Droma Square: Area 3,1172,Volo,125,Normal,Normal
232,Suburb of Droma Square: Area 3,1171,Lyark Brawler,127,Normal,Normal
231,Suburb of Droma Square: Area 2,1170,Volo,124,Normal,Normal
231,Suburb of Droma Square: Area 2,1169,Lyark Brawler,126,Normal,Normal
231,Suburb of Droma Square: Area 2,1168,Cannon Golem,125,Normal,Normal
230,Suburb of Droma Square: Area 1,1167,Cannon Golem,123,Normal,Normal
230,Suburb of Droma Square: Area 1,1166,Death Media,125,Normal,Normal
230,Suburb of Droma Square: Area 1,1165,Lyark Brawler,124,Normal,Normal
229,Ultimea City: Roof,1164,Petarma,115,Normal,Normal
229,Ultimea City: Roof,1163,Death Media,114,Normal,Normal
229,Ultimea City: Roof,1162,Ignis Golem,113,Normal,Normal
229,Ultimea City: Roof,1161,Death Media,112,Normal,Normal
229,Ultimea City: Roof,1160,Ignis Golem,111,Normal,Normal
79,Sofya City: Government Office,1159,Golden Iconos (2018),115,Boss,Ultimate
79,Sofya City: Government Office,1158,Golden Iconos (2018),95,Boss,Nightmare
79,Sofya City: Government Office,1157,Golden Iconos (2018),85,Boss,Hard
79,Sofya City: Government Office,1156,Golden Iconos (2018),75,Boss,Normal
110,Wanderer's Plain,1155,Golden Coryn (2018),100,Mini Boss,Normal
70,Darkanon Plain,1154,Golden Coryn (2018),100,Mini Boss,Normal
51,Yorl Highlands,1153,Golden Coryn (2018),100,Mini Boss,Normal
7,Rakau Plains,1152,Golden Coryn (2018),100,Mini Boss,Normal
215,Brahe Laboratory: 2nd Building,1151,Lyark Master Specialist,157,Mini Boss,Normal
228,Cuervo Jail: Roof,1150,Gwaimol,176,Boss,Ultimate
228,Cuervo Jail: Roof,1149,Gwaimol,156,Boss,Nightmare
228,Cuervo Jail: Roof,1148,Gwaimol,146,Boss,Hard
228,Cuervo Jail: Roof,1147,Gwaimol,136,Boss,Normal
228,Cuervo Jail: Roof,1146,Gwaimol,126,Boss,Easy
227,Cuervo Jail: 3rd Floor,1145,Ghost in the Jail,122,Normal,Normal
227,Cuervo Jail: 3rd Floor,1144,Lyark Machine Soldier,124,Normal,Normal
227,Cuervo Jail: 3rd Floor,1143,Toy Bolg,123,Normal,Normal
226,Cuervo Jail: 2nd Floor,1142,Toy Bolg,122,Normal,Normal
226,Cuervo Jail: 2nd Floor,1141,Ghost in the Jail,121,Normal,Normal
226,Cuervo Jail: 2nd Floor,1140,Lyark Jailer,121,Normal,Normal
225,Cuervo Jail: 1st Floor,1139,Lyark Machine Soldier,121,Normal,Normal
225,Cuervo Jail: 1st Floor,1138,Lyark Jailer,120,Normal,Normal
225,Cuervo Jail: 1st Floor,1137,Ghost in the Jail,120,Normal,Normal
224,Ultimea Sewer: South,1136,Squnail,115,Normal,Normal
224,Ultimea Sewer: South,1135,Mine Digger,113,Normal,Normal
224,Ultimea Sewer: South,1134,Venomsch,112,Normal,Normal
224,Ultimea Sewer: South,1133,Squnail,111,Normal,Normal
223,Hanami Event Venue: Dock (Chapter 3 Normal),1132,Deniala,110,Boss,Normal
222,Hanami Event Venue (Chapter 3 Normal),1131,Pojo,100,Normal,Normal
222,Hanami Event Venue (Chapter 3 Normal),1130,Pova,103,Normal,Normal
222,Hanami Event Venue (Chapter 3 Normal),1129,Miwi,102,Normal,Normal
222,Hanami Event Venue (Chapter 3 Normal),1128,Pova,104,Normal,Normal
222,Hanami Event Venue (Chapter 3 Normal),1127,Bunny Summoner,110,Normal,Normal
222,Hanami Event Venue (Chapter 3 Normal),1126,Miwi,101,Normal,Normal
221,Hanami Event Venue: Dock (Chapter 3 Easy),1125,Deniala,90,Boss,Easy
220,Hanami Event Venue (Chapter 3 Easy),1124,Farfalla,82,Normal,Normal
220,Hanami Event Venue (Chapter 3 Easy),1123,Piedra,84,Normal,Normal
220,Hanami Event Venue (Chapter 3 Easy),1122,Piedra,83,Normal,Normal
220,Hanami Event Venue (Chapter 3 Easy),1121,Mewte,80,Normal,Normal
220,Hanami Event Venue (Chapter 3 Easy),1120,Frosch,90,Normal,Normal
220,Hanami Event Venue (Chapter 3 Easy),1119,Farfalla,81,Normal,Normal
219,Hanami Event Venue: Dock (Chapter 3 Hard),1118,Deniala,150,Boss,Nightmare
219,Hanami Event Venue: Dock (Chapter 3 Hard),1117,Deniala,130,Boss,Hard
218,Hanami Event Venue (Chapter 3 Hard),1116,Sick Mushroom,120,Normal,Normal
218,Hanami Event Venue (Chapter 3 Hard),1115,Mochelo,130,Normal,Normal
218,Hanami Event Venue (Chapter 3 Hard),1114,Euris,121,Normal,Normal
218,Hanami Event Venue (Chapter 3 Hard),1113,Euris,122,Normal,Normal
218,Hanami Event Venue (Chapter 3 Hard),1112,Hound,124,Normal,Normal
218,Hanami Event Venue (Chapter 3 Hard),1111,Hound,123,Normal,Normal
217,Brahe Laboratory: 4th Building,1110,Guignol,173,Boss,Ultimate
217,Brahe Laboratory: 4th Building,1109,Guignol,153,Boss,Nightmare
217,Brahe Laboratory: 4th Building,1108,Guignol,143,Boss,Hard
217,Brahe Laboratory: 4th Building,1107,Guignol,133,Boss,Normal
217,Brahe Laboratory: 4th Building,1106,Guignol,123,Boss,Easy
216,Brahe Laboratory: 3rd Building,1105,Moth Machina,120,Normal,Normal
216,Brahe Laboratory: 3rd Building,1104,Mystery Pot,121,Normal,Normal
216,Brahe Laboratory: 3rd Building,1103,Parasitized Spider,121,Normal,Normal
215,Brahe Laboratory: 2nd Building,1102,Retainer Doll,120,Normal,Normal
215,Brahe Laboratory: 2nd Building,1101,Bio Launcher,120,Normal,Normal
215,Brahe Laboratory: 2nd Building,1100,Lyark Specialist,119,Normal,Normal
214,Brahe Laboratory: 1st Building,1099,Singing Eye,119,Normal,Normal
214,Brahe Laboratory: 1st Building,1098,Bio Launcher,117,Normal,Normal
214,Brahe Laboratory: 1st Building,1097,Moth Machina,118,Normal,Normal
213,Ultimea Sewer: Southeast,1096,Grape Jelly,110,Normal,Normal
213,Ultimea Sewer: Southeast,1095,Underground Nemico,111,Normal,Normal
213,Ultimea Sewer: Southeast,1094,Underground Nemico,109,Normal,Normal
213,Ultimea Sewer: Southeast,1093,Singing Eye,108,Normal,Normal
212,Ultimea Sewer: East,1092,Energy Quartz,108,Normal,Normal
212,Ultimea Sewer: East,1091,Energy Quartz,106,Normal,Normal
212,Ultimea Sewer: East,1090,Soldier Rat,107,Normal,Normal
212,Ultimea Sewer: East,1089,Killer Mouse,105,Normal,Normal
212,Ultimea Sewer: East,1088,Killer Mouse,109,Normal,Normal
85,Orb Shop,1087,Refinement Chest,0,Orb Shop,Normal
45,Douce Hamlet,1086,Candela Cola (White Day 2018),160,Boss,Normal
45,Douce Hamlet,1085,Candela Soda (White Day 2018),130,Boss,Normal
45,Douce Hamlet,1084,Candela Mint (White Day 2018),100,Boss,Normal
45,Douce Hamlet,1083,Candela Lemon (White Day 2018),70,Boss,Normal
45,Douce Hamlet,1082,Candela Melon (White Day 2018),40,Boss,Normal
87,Event,1081,Snowball Fight,0,,Normal
211,Lufenas Mansion: Hall,1080,Zahhak Machina,170,Boss,Ultimate
211,Lufenas Mansion: Hall,1079,Zahhak Machina,150,Boss,Nightmare
211,Lufenas Mansion: Hall,1078,Zahhak Machina,140,Boss,Hard
211,Lufenas Mansion: Hall,1077,Zahhak Machina,130,Boss,Normal
211,Lufenas Mansion: Hall,1076,Zahhak Machina,120,Boss,Easy
210,Lufenas Mansion: Library,1075,Puppet Dragon,116,Normal,Normal
210,Lufenas Mansion: Library,1074,Lyark Vanguard,117,Normal,Normal
210,Lufenas Mansion: Library,1073,Assault Golem,118,Normal,Normal
209,Lufenas Mansion: Corridor,1072,Puppet Dragon,115,Normal,Normal
209,Lufenas Mansion: Corridor,1071,Lyark Vanguard,116,Normal,Normal
209,Lufenas Mansion: Corridor,1070,Assault Golem,117,Normal,Normal
208,Lufenas Mansion: Entrance,1069,Lyark Vanguard,115,Normal,Normal
208,Lufenas Mansion: Entrance,1068,Puppet Dragon,114,Normal,Normal
208,Lufenas Mansion: Entrance,1067,Commander Golem,154,Mini Boss,Normal
208,Lufenas Mansion: Entrance,1066,Assault Golem,116,Normal,Normal
207,Lufenas Mansion: Garden,1065,Earl Colon,102,Normal,Normal
207,Lufenas Mansion: Garden,1064,Tigris Machina,104,Normal,Normal
207,Lufenas Mansion: Garden,1063,Lyark Vanguard,106,Normal,Normal
207,Lufenas Mansion: Garden,1062,Tigris Machina,105,Normal,Normal
207,Lufenas Mansion: Garden,1061,Lyark Vanguard,103,Normal,Normal
205,Hora Diomedea: Blacksmith,1060,Blacksmith: Liut,0,NPC,Normal
204,Hora Diomedea: Synthesist,1059,Synthesist: Lefe,0,NPC,Normal
203,Hora Diomedea,1058,General Store: Adala,0,NPC,Normal
16,Underground Channel,1057,Chocolate Ooze (Dark) (Valentine 2018),150,Boss,Normal
16,Underground Channel,1056,Chocolate Ooze (Bitter) (Valentine 2018),120,Boss,Normal
16,Underground Channel,1055,Chocolate Ooze (Sweet) (Valentine 2018),90,Boss,Normal
16,Underground Channel,1054,Chocolate Ooze (Milk) (Valentine 2018),60,Boss,Normal
16,Underground Channel,1053,Chocolate Ooze (White) (Valentine 2018),30,Boss,Normal
200,Monster's Forest: Animal Trail,1052,Pecols,113,Normal,Normal
200,Monster's Forest: Animal Trail,1051,Super Death Mushroom,150,Mini Boss,Normal
202,Monster's Forest: Tree Way,1050,Pecols,115,Normal,Normal
202,Monster's Forest: Tree Way,1049,Sick Mushroom,113,Normal,Normal
202,Monster's Forest: Tree Way,1048,Owlzard,114,Normal,Normal
201,Monster's Forest: Deep Part,1047,Lalvada,167,Boss,Ultimate
201,Monster's Forest: Deep Part,1046,Lalvada,147,Boss,Nightmare
201,Monster's Forest: Deep Part,1045,Lalvada,137,Boss,Hard
201,Monster's Forest: Deep Part,1044,Lalvada,127,Boss,Normal
201,Monster's Forest: Deep Part,1043,Lalvada,117,Boss,Easy
201,Monster's Forest: Deep Part,1042,Nepenthe,114,Normal,Normal
201,Monster's Forest: Deep Part,1041,Owlzard,114,Normal,Normal
200,Monster's Forest: Animal Trail,1040,Sick Mushroom,112,Normal,Normal
200,Monster's Forest: Animal Trail,1039,Nepenthe,114,Normal,Normal
199,Monster's Forest: Foggy Way,1038,Owlzard,112,Normal,Normal
199,Monster's Forest: Foggy Way,1037,Nepenthe,113,Normal,Normal
199,Monster's Forest: Foggy Way,1036,Sick Mushroom,111,Normal,Normal
87,Event,1035,Zega (Megiston 2017),160,Boss,Normal
87,Event,1034,York (Megiston 2017),150,Boss,Normal
87,Event,1033,Bexiz (Megiston 2017),140,Boss,Normal
87,Event,1032,Evil Crystal Beast (Megiston 2017),130,Boss,Normal
87,Event,1031,Jade Raptor (Megiston 2017),120,Boss,Normal
87,Event,1030,Perro,50,Boss,Ultimate
87,Event,1029,Perro,30,Boss,Nightmare
87,Event,1028,Perro,20,Boss,Hard
87,Event,1027,Perro,10,Boss,Normal
87,Event,1026,Perro,1,Boss,Easy
192,Navida City: Central Square,1025,Baphomela,170,Boss,Ultimate
192,Navida City: Central Square,1024,Baphomela,150,Boss,Nightmare
192,Navida City: Central Square,1023,Baphomela,140,Boss,Hard
192,Navida City: Central Square,1022,Baphomela,130,Boss,Normal
192,Navida City: Central Square,1021,Baphomela,120,Boss,Easy
198,Navida City: East (60-80),1020,Finpen,72,Normal,Normal
198,Navida City: East (60-80),1019,Avalan,70,Normal,Normal
198,Navida City: East (60-80),1018,Evil Ice Crystal,71,Normal,Normal
197,Navida City: West  (60-80),1017,Evil Ice Crystal,71,Normal,Normal
197,Navida City: West  (60-80),1016,Colton,70,Normal,Normal
197,Navida City: West  (60-80),1015,Finpen,72,Normal,Normal
196,Navida City: Crossroad (60-80),1014,Colton,70,Normal,Normal
196,Navida City: Crossroad (60-80),1013,Evil Ice Crystal,71,Normal,Normal
196,Navida City: Crossroad (60-80),1012,Avalan,68,Normal,Normal
196,Navida City: Crossroad (60-80),1011,Finpen,69,Normal,Normal
194,Navida City: West (100-120),1010,Freeze Ant,111,Normal,Normal
194,Navida City: West (100-120),1009,Ginpeng,113,Normal,Normal
194,Navida City: West (100-120),1008,Evil Ice Crystal,112,Normal,Normal
195,Navida City: East (100-120),1007,Evil Ice Crystal,112,Normal,Normal
195,Navida City: East (100-120),1006,Chill Puffer,110,Normal,Normal
195,Navida City: East (100-120),1005,Ginpeng,113,Normal,Normal
192,Navida City: Central Square,1004,Santa Potum,90,Normal,Normal
193,Navida City: Crossroad (100-120),1003,Evil Ice Crystal,112,Normal,Normal
193,Navida City: Crossroad (100-120),1002,Chill Puffer,109,Normal,Normal
193,Navida City: Crossroad (100-120),1001,Freeze Ant,111,Normal,Normal
193,Navida City: Crossroad (100-120),1000,Ginpeng,110,Normal,Normal
191,Navida City: East (80-100),999,Finpen,93,Normal,Normal
191,Navida City: East (80-100),998,Evil Ice Crystal,92,Normal,Normal
191,Navida City: East (80-100),997,Maple Fox,91,Normal,Normal
190,Navida City: West (80-100),996,Finpen,93,Normal,Normal
190,Navida City: West (80-100),995,Evil Ice Crystal,92,Normal,Normal
190,Navida City: West (80-100),994,Grecion,91,Normal,Normal
189,Navida City: Crossroad (80-100),993,Maple Fox,91,Normal,Normal
189,Navida City: Crossroad (80-100),992,Finpen,90,Normal,Normal
189,Navida City: Crossroad (80-100),991,Evil Ice Crystal,92,Normal,Normal
189,Navida City: Crossroad (80-100),990,Grecion,89,Normal,Normal
87,Event,989,Grecia the Goddess of Courage (7M DL),150,Boss,Normal
87,Event,988,Ancient Empress (7M DL),150,Boss,Normal
87,Event,987,Platinum Potum (7M DL),150,Boss,Normal
188,Large Demi Machina Factory: Deepest Part,986,Mozto Machina,164,Boss,Ultimate
188,Large Demi Machina Factory: Deepest Part,985,Mozto Machina,144,Boss,Nightmare
188,Large Demi Machina Factory: Deepest Part,984,Mozto Machina,134,Boss,Hard
188,Large Demi Machina Factory: Deepest Part,983,Mozto Machina,124,Boss,Normal
188,Large Demi Machina Factory: Deepest Part,982,Mozto Machina,114,Boss,Easy
187,Large Demi Machina Factory: Area 3,981,Horn Machina,110,Normal,Normal
187,Large Demi Machina Factory: Area 3,980,Golem Guard,112,Normal,Normal
187,Large Demi Machina Factory: Area 3,979,Ledon Machina,111,Normal,Normal
186,Large Demi Machina Factory: Area 2,978,Odelon Machina,146,Mini Boss,Normal
186,Large Demi Machina Factory: Area 2,977,Horn Machina,109,Normal,Normal
186,Large Demi Machina Factory: Area 2,976,Golem Guard,110,Normal,Normal
186,Large Demi Machina Factory: Area 2,975,Ledon Machina,111,Normal,Normal
185,Large Demi Machina Factory: Area 1,974,Horn Machina,110,Normal,Normal
185,Large Demi Machina Factory: Area 1,973,Golem Guard,109,Normal,Normal
185,Large Demi Machina Factory: Area 1,972,Ledon Machina,108,Normal,Normal
184,Sykea Deep Valley,971,Coffee Jelly,96,Normal,Normal
184,Sykea Deep Valley,970,Demi Ork,100,Normal,Normal
184,Sykea Deep Valley,969,Demi Ork,98,Normal,Normal
184,Sykea Deep Valley,968,Mech Little Boar,99,Normal,Normal
184,Sykea Deep Valley,967,Mech Little Boar,97,Normal,Normal
7,Rakau Plains,966,Golden Potum (7M DL),100,Mini Boss,Normal
51,Yorl Highlands,965,Golden Potum (7M DL),100,Mini Boss,Normal
70,Darkanon Plain,964,Golden Potum (7M DL),100,Mini Boss,Normal
110,Wanderer's Plain,963,Golden Potum (7M DL),100,Mini Boss,Normal
183,Small Demi Machina Factory Core,962,Tyrant Machina,161,Boss,Ultimate
183,Small Demi Machina Factory Core,961,Tyrant Machina,141,Boss,Nightmare
183,Small Demi Machina Factory Core,960,Tyrant Machina,131,Boss,Hard
183,Small Demi Machina Factory Core,959,Tyrant Machina,111,Boss,Easy
183,Small Demi Machina Factory Core,958,Tyrant Machina,121,Boss,Normal
182,Small Demi Machina Factory: Area 3,957,Torture Machina,109,Normal,Normal
182,Small Demi Machina Factory: Area 3,956,Rugos Demi Machina,108,Normal,Normal
181,Small Demi Machina Factory: Area 2,955,Dusk Machina,142,Mini Boss,Normal
181,Small Demi Machina Factory: Area 2,954,Torture Machina,106,Normal,Normal
181,Small Demi Machina Factory: Area 2,953,Rugos Demi Machina,108,Normal,Normal
181,Small Demi Machina Factory: Area 2,952,Fist Machina,107,Normal,Normal
180,Small Demi Machina Factory: Area 1,951,Fist Machina,107,Normal,Normal
180,Small Demi Machina Factory: Area 1,950,Rugos Demi Machina,105,Normal,Normal
179,Peligro Landfill,949,Plant Machina,97,Normal,Normal
179,Peligro Landfill,948,Plant Machina,95,Normal,Normal
180,Small Demi Machina Factory: Area 1,947,Torture Machina,106,Normal,Normal
179,Peligro Landfill,946,Petally,94,Normal,Normal
179,Peligro Landfill,945,Kinote,96,Normal,Normal
179,Peligro Landfill,944,Plant Machina,93,Normal,Normal
178,Halloween Castle,943,Jeila,125,Boss,Very Hard
178,Halloween Castle,942,Jeila,100,Boss,Hard
178,Halloween Castle,941,Jeila,75,Boss,Normal
178,Halloween Castle,940,Jeila,50,Boss,Easy
177,Halloween Castle: Entrance,939,Potumkin,50,Normal,Normal
104,Gravel Terrace,938,Goldoon (Fall 2017),140,Boss,Normal
130,Lunagent Mountain: Deepest Area,933,Evil Crystal Beast,131,Boss,Ultimate
130,Lunagent Mountain: Deepest Area,932,Evil Crystal Beast,111,Boss,Nightmare
130,Lunagent Mountain: Deepest Area,931,Evil Crystal Beast,101,Boss,Hard
130,Lunagent Mountain: Deepest Area,930,Evil Crystal Beast,81,Boss,Easy
120,Magic Waste Site: Deepest Part,929,Scrader,125,Boss,Ultimate
120,Magic Waste Site: Deepest Part,928,Scrader,105,Boss,Nightmare
120,Magic Waste Site: Deepest Part,927,Scrader,95,Boss,Hard
120,Magic Waste Site: Deepest Part,926,Scrader,75,Boss,Easy
125,Abyss of No Return: Deepest Area,925,Black Knight of Delusion,128,Boss,Ultimate
125,Abyss of No Return: Deepest Area,924,Black Knight of Delusion,108,Boss,Nightmare
125,Abyss of No Return: Deepest Area,923,Black Knight of Delusion,98,Boss,Hard
125,Abyss of No Return: Deepest Area,922,Black Knight of Delusion,78,Boss,Easy
107,Akaku Desert: Hill,921,Goovua,122,Boss,Ultimate
107,Akaku Desert: Hill,920,Goovua,102,Boss,Nightmare
107,Akaku Desert: Hill,919,Goovua,92,Boss,Hard
107,Akaku Desert: Hill,918,Goovua,72,Boss,Easy
104,Gravel Terrace,917,Jade Raptor,119,Boss,Ultimate
104,Gravel Terrace,916,Jade Raptor,99,Boss,Nightmare
104,Gravel Terrace,915,Jade Raptor,89,Boss,Hard
104,Gravel Terrace,914,Jade Raptor,69,Boss,Easy
102,Gate to Another World: Front,913,Nurethoth,116,Boss,Ultimate
102,Gate to Another World: Front,912,Nurethoth,96,Boss,Nightmare
102,Gate to Another World: Front,911,Nurethoth,86,Boss,Hard
102,Gate to Another World: Front,910,Nurethoth,66,Boss,Easy
98,Road to Another World: Area 1,909,Kijimu,49,Normal,Normal
96,Albatif Village,908,Grass Dragon Yelb,113,Boss,Ultimate
96,Albatif Village,907,Grass Dragon Yelb,93,Boss,Nightmare
96,Albatif Village,906,Grass Dragon Yelb,83,Boss,Hard
96,Albatif Village,905,Grass Dragon Yelb,63,Boss,Easy
94,Fabizo Boundary,904,Larmo,48,Normal,Normal
92,Lost Town: Magic Barrier,903,Pillar Golem,110,Boss,Ultimate
92,Lost Town: Magic Barrier,902,Pillar Golem,90,Boss,Nightmare
92,Lost Town: Magic Barrier,901,Pillar Golem,80,Boss,Hard
92,Lost Town: Magic Barrier,900,Pillar Golem,60,Boss,Easy
32,Rinom Plains,899,B.B. Goblin,110,Boss,Ultimate
32,Rinom Plains,898,B.B. Goblin,90,Boss,Nightmare
32,Rinom Plains,897,B.B. Goblin,80,Boss,Hard
32,Rinom Plains,896,B.B. Goblin,60,Boss,Easy
84,Land Under Cultivation: Hill,895,Masked Warrior,107,Boss,Ultimate
84,Land Under Cultivation: Hill,894,Masked Warrior,87,Boss,Nightmare
84,Land Under Cultivation: Hill,893,Masked Warrior,77,Boss,Hard
84,Land Under Cultivation: Hill,892,Masked Warrior,57,Boss,Easy
75,Ancient Empress Tomb: Deepest Part,891,Ancient Empress Mezzaluna,104,Boss,Ultimate
75,Ancient Empress Tomb: Deepest Part,890,Ancient Empress Mezzaluna,84,Boss,Nightmare
75,Ancient Empress Tomb: Deepest Part,889,Ancient Empress Mezzaluna,74,Boss,Hard
75,Ancient Empress Tomb: Deepest Part,888,Ancient Empress Mezzaluna,54,Boss,Easy
93,Centerio Highlands,887,Foxiger,48,Normal,Normal
93,Centerio Highlands,886,Sand Frosch,47,Normal,Normal
65,Saham Crater,885,Demon's Gate,100,Boss,Ultimate
65,Saham Crater,884,Demon's Gate,80,Boss,Nightmare
65,Saham Crater,883,Demon's Gate,70,Boss,Hard
65,Saham Crater,882,Demon's Gate,50,Boss,Easy
57,Haotas Ravine: Deepest Part,881,Warmonger,100,Boss,Ultimate
57,Haotas Ravine: Deepest Part,880,Warmonger,80,Boss,Nightmare
57,Haotas Ravine: Deepest Part,879,Warmonger,70,Boss,Hard
57,Haotas Ravine: Deepest Part,878,Warmonger,50,Boss,Easy
176,Huge Crysta Factory: Storage,877,York,158,Boss,Ultimate
176,Huge Crysta Factory: Storage,876,York,138,Boss,Nightmare
176,Huge Crysta Factory: Storage,875,York,128,Boss,Hard
176,Huge Crysta Factory: Storage,874,York,108,Boss,Easy
176,Huge Crysta Factory: Storage,873,York,118,Boss,Normal
175,Huge Crysta Factory: 3rd Floor,872,Builder Golem,138,Mini Boss,Normal
175,Huge Crysta Factory: 3rd Floor,871,Custos Demi Machima,105,Normal,Normal
175,Huge Crysta Factory: 3rd Floor,870,Clockwork Watcher,104,Normal,Normal
175,Huge Crysta Factory: 3rd Floor,869,Crafted Golem,106,Normal,Normal
174,Huge Crysta Factory: 2nd Floor,868,Custos Demi Machima,105,Normal,Normal
174,Huge Crysta Factory: 2nd Floor,867,Clockwork Watcher,104,Normal,Normal
174,Huge Crysta Factory: 2nd Floor,866,Crafted Golem,103,Normal,Normal
173,Huge Crysta Factory: 1st Floor,865,Clockwork Watcher,104,Normal,Normal
173,Huge Crysta Factory: 1st Floor,864,Crafted Golem,103,Normal,Normal
173,Huge Crysta Factory: 1st Floor,863,Crafted Golem,102,Normal,Normal
172,Site of Simcracker,862,Gajo,93,Normal,Normal
172,Site of Simcracker,861,Gajo,90,Normal,Normal
172,Site of Simcracker,860,Floral Bee,91,Normal,Normal
172,Site of Simcracker,859,Muddy Gnome,94,Normal,Normal
87,Event,858,Platinum Potum (6M DL),90,Boss,Easy
87,Event,857,Platinum Potum (6M DL),140,Boss,Ultimate
87,Event,856,Platinum Potum (6M DL),120,Boss,Nightmare
87,Event,855,Platinum Potum (6M DL),107,Boss,Hard
87,Event,854,Platinum Potum (Normal) (6M DL),100,Boss,Normal
87,Event,853,Golden Potum (6M DL),100,Boss,Normal
110,Wanderer's Plain,852,Golden Potum (6M DL),100,Mini Boss,Normal
70,Darkanon Plain,851,Golden Potum (6M DL),100,Mini Boss,Normal
51,Yorl Highlands,850,Golden Potum (6M DL),100,Mini Boss,Normal
7,Rakau Plains,849,Golden Potum (6M DL),100,Mini Boss,Normal
170,Singolare Ruins: 2nd Floor,848,Evil Magic Sword,134,Mini Boss,Normal
171,Singolare Ruins: 3rd Floor,847,Proto Leon,155,Boss,Ultimate
171,Singolare Ruins: 3rd Floor,846,Proto Leon,135,Boss,Nightmare
171,Singolare Ruins: 3rd Floor,845,Proto Leon,125,Boss,Hard
171,Singolare Ruins: 3rd Floor,844,Proto Leon,105,Boss,Easy
171,Singolare Ruins: 3rd Floor,843,Proto Leon,115,Boss,Normal
171,Singolare Ruins: 3rd Floor,842,Cursed Magic Sword,103,Normal,Normal
171,Singolare Ruins: 3rd Floor,841,Octaray,102,Normal,Normal
171,Singolare Ruins: 3rd Floor,840,Rocksaur,101,Normal,Normal
170,Singolare Ruins: 2nd Floor,839,Octaray,102,Normal,Normal
170,Singolare Ruins: 2nd Floor,838,Cursed Magic Sword,100,Normal,Normal
170,Singolare Ruins: 2nd Floor,837,Rocksaur,101,Normal,Normal
169,Singolare Ruins: 1st Floor,836,Cursed Magic Sword,100,Normal,Normal
169,Singolare Ruins: 1st Floor,835,Rocksaur,101,Normal,Normal
169,Singolare Ruins: 1st Floor,834,Cavern Rat,99,Normal,Normal
168,Klaspe Slum,833,Duston,91,Normal,Normal
168,Klaspe Slum,832,Slum Potum,89,Normal,Normal
168,Klaspe Slum,831,Rat Scavenger,87,Normal,Normal
168,Klaspe Slum,830,Rat Scavenger,90,Normal,Normal
168,Klaspe Slum,829,Duston,88,Normal,Normal
87,Event,828,Mini Zega,100,Boss,Normal
87,Event,827,Zega,150,Boss,Normal
139,Spring of Rebirth: Middle,826,Daddy Finpen,123,Mini Boss,Normal
87,Event,825,Zolban the Dark Captain of Wind,165,Boss,Ultimate
87,Event,824,Zolban the Dark Captain of Wind,145,Boss,Nightmare
87,Event,823,Zolban the Dark Captain of Wind,135,Boss,Hard
87,Event,822,Zolban the Dark Captain of Wind,125,Boss,Normal
87,Event,821,Vatendeth the Dark General,165,Boss,Ultimate
87,Event,820,Vatendeth the Dark General,145,Boss,Nightmare
87,Event,819,Vatendeth the Dark General,135,Boss,Hard
87,Event,818,Vatendeth the Dark General,125,Boss,Normal
87,Event,817,Grecia the Goddess of Courage,165,Boss,Ultimate
87,Event,816,Grecia the Goddess of Courage,145,Boss,Nightmare
87,Event,815,Grecia the Goddess of Courage,135,Boss,Hard
87,Event,814,Grecia the Goddess of Courage,125,Boss,Normal
87,Event,813,Iceberg Silver Knight,140,Boss,Ultimate
87,Event,812,Hellfire Scrap Golem,140,Boss,Ultimate
87,Event,811,Evil Emerald Beast,140,Boss,Ultimate
87,Event,810,Iceberg Silver Knight,120,Boss,Nightmare
87,Event,809,Hellfire Scrap Golem,120,Boss,Nightmare
87,Event,808,Evil Emerald Beast,120,Boss,Nightmare
87,Event,807,Iceberg Silver Knight,110,Boss,Hard
87,Event,806,Hellfire Scrap Golem,110,Boss,Hard
87,Event,805,Evil Emerald Beast,110,Boss,Hard
87,Event,804,Iceberg Silver Knight,100,Boss,Normal
87,Event,803,Hellfire Scrap Golem,100,Boss,Normal
87,Event,802,Evil Emerald Beast,100,Boss,Normal
87,Event,801,Outer World Soldier,115,Boss,Ultimate
87,Event,800,Outer World Soldier,95,Boss,Nightmare
87,Event,799,Outer World Soldier,85,Boss,Hard
87,Event,798,Outer World Soldier,75,Boss,Normal
87,Event,797,Faithful Guardian,115,Boss,Ultimate
87,Event,796,Faithful Guardian,95,Boss,Nightmare
87,Event,795,Faithful Guardian,85,Boss,Hard
87,Event,794,Faithful Guardian,75,Boss,Normal
87,Event,793,False God,115,Boss,Ultimate
87,Event,792,False God,95,Boss,Nightmare
87,Event,791,False God,85,Boss,Hard
87,Event,790,False God,75,Boss,Normal
87,Event,789,Priest Warmonger,90,Boss,Ultimate
87,Event,788,Priest Warmonger,70,Boss,Nightmare
87,Event,787,Priest Warmonger,60,Boss,Hard
87,Event,786,Priest Warmonger,50,Boss,Normal
87,Event,785,Warrior Minotaur,90,Boss,Ultimate
87,Event,784,Warrior Minotaur,70,Boss,Nightmare
87,Event,783,Warrior Minotaur,60,Boss,Hard
87,Event,782,Warrior Minotaur,50,Boss,Normal
87,Event,781,Fighter Mochelo,90,Boss,Ultimate
87,Event,780,Fighter Mochelo,70,Boss,Nightmare
87,Event,779,Fighter Mochelo,60,Boss,Hard
87,Event,778,Fighter Mochelo,50,Boss,Normal
87,Event,777,Festival Golem Type C,65,Boss,Ultimate
87,Event,776,Festival Golem Type C,45,Boss,Nightmare
87,Event,775,Festival Golem Type C,35,Boss,Hard
87,Event,774,Festival Golem Type C,25,Boss,Normal
87,Event,773,Festival Golem Type B,65,Boss,Ultimate
87,Event,772,Festival Golem Type B,45,Boss,Nightmare
87,Event,771,Festival Golem Type B,35,Boss,Hard
87,Event,770,Festival Golem Type B,25,Boss,Normal
87,Event,769,Festival Golem Type A,65,Boss,Ultimate
87,Event,768,Festival Golem Type A,45,Boss,Nightmare
87,Event,767,Festival Golem Type A,35,Boss,Hard
87,Event,766,Festival Golem Type A,25,Boss,Normal
87,Event,765,2nd Anniversary Event (all boss),0,Boss,Normal
167,Blazing Graben: Deepest Part,764,Ifrid,152,Boss,Ultimate
167,Blazing Graben: Deepest Part,763,Ifrid,132,Boss,Nightmare
167,Blazing Graben: Deepest Part,762,Ifrid,122,Boss,Hard
167,Blazing Graben: Deepest Part,761,Ifrid,102,Boss,Easy
167,Blazing Graben: Deepest Part,760,Ifrid,112,Boss,Normal
166,Blazing Graben: Lower,759,Baby Salamander,100,Normal,Normal
166,Blazing Graben: Lower,758,Blaze Ant,99,Normal,Normal
166,Blazing Graben: Lower,757,Sufard,98,Normal,Normal
165,Blazing Graben: Upper,756,Salamander,132,Mini Boss,Normal
165,Blazing Graben: Upper,755,Blaze Ant,99,Normal,Normal
165,Blazing Graben: Upper,754,Sufard,98,Normal,Normal
165,Blazing Graben: Upper,753,Baby Salamander,97,Normal,Normal
55,Lutaros Cavern: Deepest Part,752,Ooze,92,Boss,Ultimate
55,Lutaros Cavern: Deepest Part,751,Ooze,72,Boss,Nightmare
55,Lutaros Cavern: Deepest Part,750,Ooze,62,Boss,Hard
55,Lutaros Cavern: Deepest Part,749,Ooze,42,Boss,Easy
53,Lutaros Cavern: B1,748,Slime,38,Normal,Normal
52,Lutaros Cavern Entrance,747,Stone Soldier,36,Normal,Normal
51,Yorl Highlands,746,Conoppy,25,Normal,Normal
69,Saham Underground Cave - Deepest Part,745,Boss Roga,102,Boss,Ultimate
69,Saham Underground Cave - Deepest Part,744,Boss Roga,82,Boss,Nightmare
69,Saham Underground Cave - Deepest Part,743,Boss Roga,72,Boss,Hard
69,Saham Underground Cave - Deepest Part,742,Boss Roga,52,Boss,Easy
70,Darkanon Plain,741,Pojo,38,Normal,Normal
70,Darkanon Plain,740,Rocksaur,37,Normal,Normal
62,New Moon Palace: Innermost,739,Mauez,95,Boss,Ultimate
62,New Moon Palace: Innermost,738,Mauez,75,Boss,Nightmare
62,New Moon Palace: Innermost,737,Mauez,65,Boss,Hard
62,New Moon Palace: Innermost,736,Mauez,45,Boss,Easy
50,Aulada Ancient Tower,734,Astol,90,Boss,Ultimate
50,Aulada Ancient Tower,733,Astol,70,Boss,Nightmare
50,Aulada Ancient Tower,732,Astol,60,Boss,Hard
50,Aulada Ancient Tower,731,Astol,40,Boss,Easy
49,Land Of Chaos,730,Forestia,89,Boss,Ultimate
49,Land Of Chaos,729,Forestia,69,Boss,Nightmare
49,Land Of Chaos,728,Forestia,59,Boss,Hard
49,Land Of Chaos,727,Forestia,39,Boss,Easy
48,Scaro Town: Deepest Part,726,Ganglef,98,Boss,Ultimate
48,Scaro Town: Deepest Part,725,Ganglef,78,Boss,Nightmare
48,Scaro Town: Deepest Part,724,Ganglef,68,Boss,Hard
48,Scaro Town: Deepest Part,723,Ganglef,48,Boss,Easy
44,Zoktzda ruins : Reversed Hall,722,Ruin Golem,85,Boss,Ultimate
44,Zoktzda ruins : Reversed Hall,721,Ruin Golem,65,Boss,Nightmare
44,Zoktzda ruins : Reversed Hall,720,Ruin Golem,55,Boss,Hard
44,Zoktzda ruins : Reversed Hall,719,Ruin Golem,35,Boss,Easy
41,Fiery Volcano: Boss Map,718,Flare Volg,90,Boss,Ultimate
41,Fiery Volcano: Boss Map,717,Flare Volg,70,Boss,Nightmare
41,Fiery Volcano: Boss Map,716,Flare Volg,60,Boss,Hard
41,Fiery Volcano: Boss Map,715,Flare Volg,40,Boss,Easy
40,Fiery Volcano: Area 3,714,Mochelo,83,Boss,Ultimate
40,Fiery Volcano: Area 3,713,Mochelo,63,Boss,Nightmare
40,Fiery Volcano: Area 3,712,Mochelo,53,Boss,Hard
40,Fiery Volcano: Area 3,711,Mochelo,33,Boss,Easy
36,Ribisco Cave: Deepest Part,710,Boss Goblin,80,Boss,Ultimate
36,Ribisco Cave: Deepest Part,709,Boss Goblin,60,Boss,Nightmare
36,Ribisco Cave: Deepest Part,708,Boss Goblin,50,Boss,Hard
36,Ribisco Cave: Deepest Part,707,Boss Goblin,30,Boss,Easy
32,Rinom Plains,706,Kijimu,15,Normal,Normal
31,Suedor Cliff,705,Raffy,12,Normal,Normal
146,Garden of Sublimation: Central Part,704,Aranea,140,Boss,Ultimate
146,Garden of Sublimation: Central Part,703,Aranea,120,Boss,Nightmare
146,Garden of Sublimation: Central Part,702,Aranea,110,Boss,Hard
146,Garden of Sublimation: Central Part,701,Aranea,90,Boss,Easy
145,Garden of Sublimation: Area 3,700,Shiny Roar,86,Normal,Normal
143,Garden of Sublimation: Area 1,699,Corroded Knight,87,Normal,Normal
142,Dark Mirror,698,Zolban,138,Boss,Ultimate
142,Dark Mirror,697,Zolban,118,Boss,Nightmare
142,Dark Mirror,696,Zolban,108,Boss,Hard
142,Dark Mirror,695,Zolban,88,Boss,Easy
142,Dark Mirror,694,Heat Pufferfish,75,Normal,Normal
142,Dark Mirror,693,Sunion,76,Normal,Normal
141,Spring of Rebirth: Top,692,Cerberus,137,Boss,Ultimate
141,Spring of Rebirth: Top,691,Cerberus,117,Boss,Nightmare
141,Spring of Rebirth: Top,690,Cerberus,107,Boss,Hard
141,Spring of Rebirth: Top,689,Cerberus,87,Boss,Easy
140,Spring of Rebirth: Upper,688,Finpen,85,Normal,Normal
138,Spring of Rebirth: Lower,687,Corroded Knight,82,Normal,Normal
135,Fort Solfini: Roof,686,Twilight Dragon,140,Boss,Ultimate
135,Fort Solfini: Roof,685,Twilight Dragon,120,Boss,Nightmare
135,Fort Solfini: Roof,684,Twilight Dragon,110,Boss,Hard
135,Fort Solfini: Roof,683,Twilight Dragon,90,Boss,Easy
135,Fort Solfini: Roof,682,Inzanio the Dark Knight,94,Boss,Normal
135,Fort Solfini: Roof,681,Inzanio the Dark Knight,134,Boss,Ultimate
135,Fort Solfini: Roof,680,Inzanio the Dark Knight,114,Boss,Nightmare
135,Fort Solfini: Roof,679,Inzanio the Dark Knight,104,Boss,Hard
135,Fort Solfini: Roof,678,Inzanio the Dark Knight,84,Boss,Easy
30,Nisel Mountain: The Top,677,Brutal Dragon Decel,80,Boss,Ultimate
30,Nisel Mountain: The Top,675,Brutal Dragon Decel,60,Boss,Nightmare
30,Nisel Mountain: The Top,674,Brutal Dragon Decel,50,Boss,Hard
30,Nisel Mountain: The Top,673,Brutal Dragon Decel,30,Boss,Easy
25,Marbaro Forest: Deepest Part,672,Forest Wolf,70,Boss,Ultimate
25,Marbaro Forest: Deepest Part,671,Forest Wolf,50,Boss,Nightmare
25,Marbaro Forest: Deepest Part,670,Forest Wolf,40,Boss,Hard
25,Marbaro Forest: Deepest Part,669,Forest Wolf,20,Boss,Easy
16,Underground Channel,668,Gespenst,60,Boss,Ultimate
16,Underground Channel,667,Gespenst,40,Boss,Nightmare
16,Underground Channel,666,Gespenst,30,Boss,Hard
16,Underground Channel,665,Gespenst,10,Boss,Easy
15,Ruined Temple: Forbidden hall,664,Minotaur,72,Boss,Ultimate
15,Ruined Temple: Forbidden hall,663,Minotaur,52,Boss,Nightmare
15,Ruined Temple: Forbidden hall,662,Minotaur,42,Boss,Hard
15,Ruined Temple: Forbidden hall,661,Minotaur,22,Boss,Easy
11,Ruined Temple Town,660,Raffy,10,Normal,Normal
10,Isthmus Of Kaus: Dragon's Den,659,Eerie Crystal,64,Boss,Ultimate
10,Isthmus Of Kaus: Dragon's Den,658,Eerie Crystal,44,Boss,Nightmare
10,Isthmus Of Kaus: Dragon's Den,657,Eerie Crystal,34,Boss,Hard
10,Isthmus Of Kaus: Dragon's Den,656,Eerie Crystal,14,Boss,Easy
9,Isthmus Of Kaus,655,Purple Jelly,16,Normal,Normal
9,Isthmus Of Kaus,654,Hound,15,Normal,Normal
6,Underground Ruins: Deepest Part,653,Excavated Golem,56,Boss,Ultimate
6,Underground Ruins: Deepest Part,652,Excavated Golem,36,Boss,Nightmare
6,Underground Ruins: Deepest Part,651,Excavated Golem,26,Boss,Hard
6,Underground Ruins: Deepest Part,650,Excavated Golem,6,Boss,Easy
2,Land Under Development,649,Boss Colon,50,Boss,Ultimate
2,Land Under Development,648,Boss Colon,30,Boss,Nightmare
2,Land Under Development,647,Boss Colon,20,Boss,Hard
2,Land Under Development,646,Boss Colon,4,Boss,Easy
164,Blazing Graben: Surface,645,Tapir,160,Boss,Ultimate
164,Blazing Graben: Surface,644,Tapir,140,Boss,Nightmare
164,Blazing Graben: Surface,643,Tapir,130,Boss,Hard
164,Blazing Graben: Surface,642,Tapir,110,Boss,Easy
164,Blazing Graben: Surface,641,Tapir,120,Boss,Normal
164,Blazing Graben: Surface,640,Wooly,96,Normal,Normal
164,Blazing Graben: Surface,639,Bestion,98,Normal,Normal
164,Blazing Graben: Surface,638,Baby Salamander,97,Normal,Normal
163,Artillery Defense Line,637,Demi Marchina,87,Normal,Normal
163,Artillery Defense Line,636,Iconos,148,Boss,Ultimate
163,Artillery Defense Line,635,Iconos,128,Boss,Nightmare
163,Artillery Defense Line,634,Iconos,118,Boss,Hard
163,Artillery Defense Line,633,Iconos,98,Boss,Easy
163,Artillery Defense Line,632,Iconos,108,Boss,Normal
163,Artillery Defense Line,631,Greg,84,Normal,Normal
163,Artillery Defense Line,630,Demi Machina,86,Normal,Normal
163,Artillery Defense Line,629,Ornis Demi Machina,85,Normal,Normal
162,Einklang,628,Woman in Need,0,NPC,Normal
162,Einklang,627,Young Man,0,NPC,Normal
162,Einklang,626,Tnark,0,NPC,Normal
162,Einklang,625,Female Blacksmith,0,NPC,Normal
162,Einklang,624,Senie,0,NPC,Normal
162,Einklang,623,Yumomo,0,NPC,Normal
87,Event,622,June Bride Event (all mini boss),0,Mini Boss,Normal
87,Event,621,June Bride Event (all boss),0,Boss,Normal
87,Event,620,Ancient Empress Mezzaluna,135,Boss,Normal
87,Event,619,Easter Event (all monster),0,Normal,Normal
159,Dark Castle: Area 2,618,Memecoleous,140,Boss,Ultimate
159,Dark Castle: Area 2,617,Memecoleous,120,Boss,Nightmare
159,Dark Castle: Area 2,616,Memecoleous,110,Boss,Hard
159,Dark Castle: Area 2,615,Memecoleous,90,Boss,Easy
161,Dark Castle: Grand Hall,614,Imitacia,149,Boss,Ultimate
161,Dark Castle: Grand Hall,613,Imitacia,129,Boss,Nightmare
161,Dark Castle: Grand Hall,612,Imitacia,119,Boss,Hard
161,Dark Castle: Grand Hall,611,Imitacia,99,Boss,Easy
161,Dark Castle: Grand Hall,610,Imitacia,109,Boss,Normal
160,Dark Castle: Area 3,609,Manticore,96,Normal,Normal
160,Dark Castle: Area 3,608,Corroded Sentry Fighter,97,Normal,Normal
160,Dark Castle: Area 3,607,Shadow Fly,94,Normal,Normal
160,Dark Castle: Area 3,606,Corroded Sentry Knight,95,Normal,Normal
159,Dark Castle: Area 2,605,Memecoleous,100,Boss,Normal
159,Dark Castle: Area 2,604,Corroded Sentry Knight,95,Normal,Normal
159,Dark Castle: Area 2,603,Corroded Sentry Fighter,97,Normal,Normal
159,Dark Castle: Area 2,602,Controlled Fighter,95,Normal,Normal
159,Dark Castle: Area 2,601,Manticore,96,Normal,Normal
159,Dark Castle: Area 2,600,Shadow Fly,94,Normal,Normal
159,Dark Castle: Area 2,599,Controlled Knight,93,Normal,Normal
158,Dark Castle: Area 1,598,Manticore,96,Normal,Normal
158,Dark Castle: Area 1,597,Controlled Knight,93,Normal,Normal
158,Dark Castle: Area 1,596,Shadow Fly,94,Normal,Normal
158,Dark Castle: Area 1,595,Controlled Fighter,95,Normal,Normal
51,Yorl Highlands,594,Golden Coryn (2017),100,Mini Boss,Normal
70,Darkanon Plain,593,Golden Coryn (2017),100,Mini Boss,Normal
110,Wanderer's Plain,592,Golden Coryn (2017),100,Mini Boss,Normal
7,Rakau Plains,591,Golden Coryn (2017),100,Mini Boss,Normal
157,Plastida: Deepest Part,590,Imitator,146,Boss,Ultimate
157,Plastida: Deepest Part,589,Imitator,126,Boss,Nightmare
157,Plastida: Deepest Part,588,Imitator,116,Boss,Hard
157,Plastida: Deepest Part,587,Imitator,96,Boss,Easy
157,Plastida: Deepest Part,586,Imitator,106,Boss,Normal
156,Plastida: Area 2,585,Blood Draining Jelly,81,Normal,Normal
156,Plastida: Area 2,584,Wandering Life Form,82,Normal,Normal
156,Plastida: Area 2,583,Flying Crystal,80,Normal,Normal
156,Plastida: Area 2,582,Strange Tentacle,96,Normal,Normal
155,Plastida: Area 1,581,Blood Draining Jelly,79,Normal,Normal
155,Plastida: Area 1,580,Flying Crystal,78,Normal,Normal
155,Plastida: Area 1,579,Strange Tentacle,96,Normal,Normal
155,Plastida: Area 1,578,Wandering Life Form,80,Normal,Normal
154,Dark Manor: Area 2,577,Evil Dark Book,92,Normal,Normal
154,Dark Manor: Area 2,576,Corroded Brawler,93,Normal,Normal
154,Dark Manor: Area 2,575,Corroded Shielder,91,Normal,Normal
154,Dark Manor: Area 2,574,Evil Dark Book,90,Normal,Normal
153,Dark Manor: Area 1,573,Corroded Knight Captain,128,Mini Boss,Normal
153,Dark Manor: Area 1,572,Evil Dark Book,92,Normal,Normal
153,Dark Manor: Area 1,571,Corroded Brawler,93,Normal,Normal
153,Dark Manor: Area 1,570,Corroded Shielder,91,Normal,Normal
152,Hanami Venue: Summit,569,Cerabes (Hanami 2017),100,Boss,Normal
152,Hanami Venue: Summit,568,Super Night Mushroom (Hanami 2017),100,Boss,Normal
152,Hanami Venue: Summit,567,Marchitar (Hanami 2017),100,Boss,Normal
152,Hanami Venue: Summit,566,Viscum (Hanami 2017),100,Boss,Normal
152,Hanami Venue: Summit,565,Cerabes (Hanami 2017),80,Boss,Normal
152,Hanami Venue: Summit,564,Super Night Mushroom (Hanami 2017),80,Boss,Normal
152,Hanami Venue: Summit,563,Marchitar (Hanami 2017),80,Boss,Normal
152,Hanami Venue: Summit,562,Viscum (Hanami 2017),80,Boss,Normal
152,Hanami Venue: Summit,561,Cerabes (Hanami 2017),60,Boss,Normal
152,Hanami Venue: Summit,560,Super Night Mushroom (Hanami 2017),60,Boss,Normal
152,Hanami Venue: Summit,559,Marchitar (Hanami 2017),60,Boss,Normal
152,Hanami Venue: Summit,558,Viscum (Hanami 2017),60,Boss,Normal
151,Hanami Mountain Path,557,Kijimu (Hanami 2017),56,Normal,Normal
151,Hanami Mountain Path,556,Raffy (Hanami 2017),54,Normal,Normal
151,Hanami Mountain Path,555,Wooly (Hanami 2017),55,Normal,Normal
150,Cradle of Soldier: Deepest Part,554,Bexiz,143,Boss,Ultimate
150,Cradle of Soldier: Deepest Part,553,Bexiz,123,Boss,Nightmare
150,Cradle of Soldier: Deepest Part,552,Bexiz,113,Boss,Hard
150,Cradle of Soldier: Deepest Part,551,Bexiz,93,Boss,Easy
150,Cradle of Soldier: Deepest Part,550,Bexiz,103,Boss,Normal
149,Cradle of Soldier: Inside,549,Moxiz,91,Normal,Normal
149,Cradle of Soldier: Inside,548,Pecora,90,Normal,Normal
149,Cradle of Soldier: Inside,547,Corroded Fighter,88,Normal,Normal
149,Cradle of Soldier: Inside,546,Flying Executioner,89,Normal,Normal
148,Cradle of Soldier: Entrance,545,Pecora,87,Normal,Normal
148,Cradle of Soldier: Entrance,544,Pecora,90,Normal,Normal
148,Cradle of Soldier: Entrance,543,Flying Executioner,89,Normal,Normal
148,Cradle of Soldier: Entrance,542,Corroded Fighter,88,Normal,Normal
147,Trace of Dark River,541,Corroded Knight,78,Normal,Normal
147,Trace of Dark River,540,Lapin The Necromancer,124,Mini Boss,Normal
147,Trace of Dark River,539,Infested Mushroom,76,Normal,Normal
147,Trace of Dark River,538,Bunny Summoner,79,Normal,Normal
147,Trace of Dark River,537,Ogler,75,Normal,Normal
22,Rugio Ruins,536,Raffy,5,Normal,Normal
22,Rugio Ruins,535,Raffy,3,Normal,Normal
45,Douce Hamlet,534,Candela (Mint),100,Boss,Normal
45,Douce Hamlet,533,Candela (Lemon),70,Boss,Normal
45,Douce Hamlet,532,Candela (Melon),40,Boss,Normal
146,Garden of Sublimation: Central Part,531,Aranea,100,Boss,Normal
145,Garden of Sublimation: Area 3,530,Corroded Fighter,88,Normal,Normal
145,Garden of Sublimation: Area 3,529,Corroded Knight,86,Normal,Normal
145,Garden of Sublimation: Area 3,528,Aramia,87,Normal,Normal
145,Garden of Sublimation: Area 3,527,Kodama,88,Normal,Normal
144,Garden of Sublimation: Area 2,526,Kodama,85,Normal,Normal
144,Garden of Sublimation: Area 2,525,Aramia,87,Normal,Normal
144,Garden of Sublimation: Area 2,524,Shiny Roar,86,Normal,Normal
143,Garden of Sublimation: Area 1,523,Corroded Knight,86,Normal,Normal
143,Garden of Sublimation: Area 1,522,Shiny Roar,86,Normal,Normal
143,Garden of Sublimation: Area 1,521,Kodama,85,Normal,Normal
143,Garden of Sublimation: Area 1,520,Corroded Fighter,84,Normal,Normal
142,Dark Mirror,519,Zolban,98,Boss,Normal
142,Dark Mirror,518,Heat Pufferfish,72,Normal,Normal
142,Dark Mirror,517,Corroded Fighter,74,Normal,Normal
142,Dark Mirror,516,Sunion,73,Normal,Normal
16,Underground Channel,515,Chocolate Ooze (Dark) (Valentine 2017),90,Boss,Normal
16,Underground Channel,514,Chocolate Ooze (Bitter) (Valentine 2017),60,Boss,Normal
16,Underground Channel,513,Chocolate Ooze (Sweet) (Valentine 2017),30,Boss,Normal
87,Event,512,Grand Pojo,10,Boss,Normal
141,Spring of Rebirth: Top,511,Cerberus,97,Boss,Normal
140,Spring of Rebirth: Upper,510,Corroded Fighter,85,Normal,Normal
140,Spring of Rebirth: Upper,509,Corroded Knight,84,Normal,Normal
140,Spring of Rebirth: Upper,508,Jewel Eye,84,Normal,Normal
139,Spring of Rebirth: Middle,507,Corroded Fighter,81,Normal,Normal
139,Spring of Rebirth: Middle,506,Corroded Knight,82,Normal,Normal
139,Spring of Rebirth: Middle,505,Jewel Eye,84,Normal,Normal
139,Spring of Rebirth: Middle,504,Finpen,83,Normal,Normal
138,Spring of Rebirth: Lower,503,Finpen,83,Normal,Normal
138,Spring of Rebirth: Lower,502,Corroded Fighter,81,Normal,Normal
137,Garden of Beginning,501,Nightmare Potum,120,Mini Boss,Normal
137,Garden of Beginning,500,Ghost Potum,70,Normal,Normal
137,Garden of Beginning,499,Fida,0,NPC,Normal
136,Dark Wasteland,498,Corroded Fighter,70,Normal,Normal
136,Dark Wasteland,497,Corroded Fighter,73,Normal,Normal
136,Dark Wasteland,496,Corroded Knight,72,Normal,Normal
136,Dark Wasteland,495,Paratized Dog,69,Normal,Normal
87,Event,494,Moonlight Potum,100,Boss,Normal
87,Event,493,Ghost Potum,100,Boss,Normal
87,Event,492,Soda Potum,100,Boss,Normal
87,Event,491,Miracle Potum,100,Boss,Normal
87,Event,490,King Potum,100,Boss,Normal
87,Event,489,Sunlight Potum,100,Boss,Normal
87,Event,488,Golden Potum (5M DL),100,Boss,Normal
110,Wanderer's Plain,487,Golden Potum (5M DL),100,Mini Boss,Normal
70,Darkanon Plain,486,Golden Potum (5M DL),100,Mini Boss,Normal
51,Yorl Highlands,485,Golden Potum (5M DL),100,Mini Boss,Normal
7,Rakau Plains,484,Golden Potum (5M DL),100,Mini Boss,Normal
87,Event,483,Zega (Megiston 2016),120,Boss,Normal
87,Event,482,Ancient Empress Mezzaluna (Megiston 2016),110,Boss,Normal
87,Event,481,Ooze (Megiston 2016),100,Boss,Normal
87,Event,480,Brutal Dragon Decel (Megiston 2016),90,Boss,Normal
87,Event,479,Boss Goblin (Megiston 2016),80,Boss,Normal
87,Event,478,B.B. Goblin (Megiston 2016),80,Boss,Normal
135,Fort Solfini: Roof,477,Twilight Dragon,100,Boss,Normal
135,Fort Solfini: Roof,476,Inzanio the Dark Knight (Xmas Event 2016),94,Boss,Normal
134,Fort Solfini: Inside,475,Pawn,82,Normal,Normal
134,Fort Solfini: Inside,474,Goblin,80,Normal,Normal
134,Fort Solfini: Inside,473,Skeleton,81,Normal,Normal
133,Fort Solfini: Outside,472,Pawn,82,Normal,Normal
133,Fort Solfini: Outside,471,Goblin,80,Normal,Normal
133,Fort Solfini: Outside,470,Frosti,79,Normal,Normal
132,Fort Solfini: Wall,469,Pawn,78,Normal,Normal
132,Fort Solfini: Wall,468,Skeleton,81,Normal,Normal
132,Fort Solfini: Wall,467,Frosti,79,Normal,Normal
132,Fort Solfini: Wall,466,Goblin,80,Normal,Normal
131,Polde Ice Valley,465,Don Yeti,103,Mini Boss,Normal
131,Polde Ice Valley,464,Little Snow Boar,69,Normal,Normal
131,Polde Ice Valley,463,Yeti,66,Normal,Normal
131,Polde Ice Valley,462,Milk Potum,67,Normal,Normal
131,Polde Ice Valley,461,Yeti,70,Normal,Normal
131,Polde Ice Valley,460,Rabby,68,Normal,Normal
118,Magic Waste Site: Area 2,459,Orange Jelly,72,Normal,Normal
128,Lunagent Mountain: Area 2,458,Noir Nemico,76,Normal,Normal
129,Lunagent Mountain: Area 3,457,Noir Nemico,76,Normal,Normal
126,Calle mort,456,Elder&Servant,0,NPC,Normal
126,Calle mort,455,Black-Clothed,0,NPC,Normal
126,Calle mort,454,Black-Clothed,0,NPC,Normal
130,Lunagent Mountain: Deepest Area,453,Evil Crystal Beast,91,Boss,Normal
129,Lunagent Mountain: Area 3,452,Hangged Mummy,78,Normal,Normal
129,Lunagent Mountain: Area 3,451,Phobos,77,Normal,Normal
129,Lunagent Mountain: Area 3,450,Soul Reaper,75,Normal,Normal
128,Lunagent Mountain: Area 2,449,Hangged Mummy,78,Normal,Normal
128,Lunagent Mountain: Area 2,448,Phobos,77,Normal,Normal
127,Lunagent Mountain: Area 1,447,Noir Nemico,76,Normal,Normal
127,Lunagent Mountain: Area 1,446,Soul Reaper,75,Normal,Normal
127,Lunagent Mountain: Area 1,445,Phobos,77,Normal,Normal
126,Calle mort,444,Phobos,65,Normal,Normal
126,Calle mort,443,Ghost Potum,66,Normal,Normal
126,Calle mort,442,Chandler,67,Normal,Normal
110,Wanderer's Plain,441,Grylle,90,Mini Boss,Normal
125,Abyss of No Return: Deepest Area,439,Black Knight of Delusion,88,Boss,Normal
124,Abyss of No Return: Area 3,438,Granny,88,Mini Boss,Normal
124,Abyss of No Return: Area 3,437,Gramp,79,Normal,Normal
124,Abyss of No Return: Area 3,436,Shell Kraken,77,Normal,Normal
124,Abyss of No Return: Area 3,435,Shell Mask,76,Normal,Normal
124,Abyss of No Return: Area 3,434,Targa,78,Normal,Normal
123,Abyss of No Return: Area 2,433,Shell Kraken,76,Normal,Normal
123,Abyss of No Return: Area 2,432,Shell Mask,75,Normal,Normal
123,Abyss of No Return: Area 2,431,Targa,77,Normal,Normal
122,Abyss of No Return: Area 1,430,Shell Kraken,74,Normal,Normal
122,Abyss of No Return: Area 1,429,Shell Mask,73,Normal,Normal
122,Abyss of No Return: Area 1,428,Targa,72,Normal,Normal
121,Dunkel Valley,427,Ropple,61,Normal,Normal
121,Dunkel Valley,426,Fimera,60,Normal,Normal
121,Dunkel Valley,425,Koza,63,Normal,Normal
110,Wanderer's Plain,424,Persimmon Coryn,100,Mini Boss,Normal
70,Darkanon Plain,423,Persimmon Coryn,75,Mini Boss,Normal
51,Yorl Highlands,422,Persimmon Coryn,50,Mini Boss,Normal
7,Rakau Plains,421,Persimmon Coryn,25,Mini Boss,Normal
116,Teaus Hill: Marshland,420,Jelfy,70,Normal,Normal
116,Teaus Hill: Marshland,419,Serpain,69,Normal,Normal
116,Teaus Hill: Marshland,418,Verdesch,68,Normal,Normal
116,Teaus Hill: Marshland,417,Jelfy,67,Normal,Normal
120,Magic Waste Site: Deepest Part,416,Scrader,85,Boss,Normal
119,Magic Waste Site: Area 3,415,Duston,73,Normal,Normal
119,Magic Waste Site: Area 3,414,Orange Jelly,72,Normal,Normal
119,Magic Waste Site: Area 3,413,Cursed Clock,71,Normal,Normal
118,Magic Waste Site: Area 2,412,Duston,72,Normal,Normal
118,Magic Waste Site: Area 2,411,Murin,70,Normal,Normal
118,Magic Waste Site: Area 2,410,Helmcoon,71,Normal,Normal
118,Magic Waste Site: Area 2,409,Cursed Clock,71,Normal,Normal
117,Magic Waste Site: Area 1,408,Orange Jelly,69,Normal,Normal
117,Magic Waste Site: Area 1,407,Helmcoon,71,Normal,Normal
117,Magic Waste Site: Area 1,406,Murin,70,Normal,Normal
115,Teaus Hill,405,Jelfy,67,Normal,Normal
115,Teaus Hill,404,Jelfy,69,Normal,Normal
115,Teaus Hill,403,Serpain,66,Normal,Normal
115,Teaus Hill,402,Kinote,68,Normal,Normal
111,El Scaro,401,Consignment Board,0,NPC,Normal
1,Sofya City,400,Consignment Board,0,NPC,Normal
113,El Scaro: Synthesist,399,Synthesist: Minette,0,NPC,Normal
111,El Scaro,398,Filecia,0,NPC,Normal
114,El Scaro: Temp Place,397,Sentry,0,NPC,Normal
114,El Scaro: Temp Place,396,Sentry,0,NPC,Normal
114,El Scaro: Temp Place,395,King Elbano,0,NPC,Normal
111,El Scaro,394,Rina,0,NPC,Normal
111,El Scaro,393,Ravagne,0,NPC,Normal
111,El Scaro,392,Juan,0,NPC,Normal
111,El Scaro,391,Potolo,0,NPC,Normal
111,El Scaro,390,General Store: Mutoto,0,NPC,Normal
112,El Scaro: Blacksmith,389,Blacksmith: Refalta,0,NPC,Normal
111,El Scaro,388,Kurgon,0,NPC,Normal
111,El Scaro,387,Novice Sentry,0,NPC,Normal
87,Event,386,Zega,100,Boss,Normal
106,Akaku Desert: Area 2,385,Murdosche,68,Normal,Normal
105,Akaku Desert: Area 1,384,Kiliznar,66,Normal,Normal
110,Wanderer's Plain,383,Coryn,54,Normal,Normal
110,Wanderer's Plain,382,Tulin,55,Normal,Normal
110,Wanderer's Plain,381,Greg,58,Normal,Normal
107,Akaku Desert: Hill,380,Goovua,82,Boss,Normal
106,Akaku Desert: Area 2,379,Kiliznar,70,Normal,Normal
106,Akaku Desert: Area 2,378,Sand Anglerfish,67,Normal,Normal
106,Akaku Desert: Area 2,377,Metal Stinger,82,Mini Boss,Normal
106,Akaku Desert: Area 2,376,Scalar Roar,69,Normal,Normal
105,Akaku Desert: Area 1,375,Metal Stinger,82,Mini Boss,Normal
105,Akaku Desert: Area 1,374,Sand Anglerfish,67,Normal,Normal
105,Akaku Desert: Area 1,373,Murdosche,68,Normal,Normal
105,Akaku Desert: Area 1,372,Scalar Roar,69,Normal,Normal
87,Event,371,Outer World Soldier,75,Boss,Normal
87,Event,370,Faithful Guardian,75,Boss,Normal
87,Event,369,False God,75,Boss,Normal
87,Event,368,Priest Warmonger,50,Boss,Normal
87,Event,367,Warrior Minotaur,50,Boss,Normal
87,Event,366,Fighter Mochelo,50,Boss,Normal
87,Event,365,Festival Golem Type C,25,Boss,Normal
87,Event,364,Festival Golem Type B,25,Boss,Normal
87,Event,363,Festival Golem Type A,25,Boss,Normal
87,Event,362,Sunlight Potum,100,Boss,Normal
104,Gravel Terrace,361,Jade Raptor,79,Boss,Normal
104,Gravel Terrace,360,Rock Stinger,66,Normal,Normal
104,Gravel Terrace,359,Mewte,67,Normal,Normal
104,Gravel Terrace,358,Mewte,63,Normal,Normal
104,Gravel Terrace,357,Miragela,65,Normal,Normal
104,Gravel Terrace,356,Miragela,64,Normal,Normal
103,Maia Diela,355,Flying Egg,54,Normal,Normal
103,Maia Diela,354,Rodentail,55,Normal,Normal
103,Maia Diela,353,Rodentail,52,Normal,Normal
103,Maia Diela,352,Flying Egg,51,Normal,Normal
103,Maia Diela,351,Ghilly,53,Normal,Normal
102,Gate to Another World: Front,350,Nurethoth,76,Boss,Normal
101,Gate to Another World: Area 2,349,Outer World Wolf,70,Mini Boss,Normal
100,Gate to Another World: Area 1,348,Outer World Wolf,70,Mini Boss,Normal
101,Gate to Another World: Area 2,347,Planet Head (Purple),63,Normal,Normal
100,Gate to Another World: Area 1,346,Planet Head (Purple),63,Normal,Normal
101,Gate to Another World: Area 2,345,Planet Head (Green),64,Normal,Normal
100,Gate to Another World: Area 1,344,Planet Head (Green),62,Normal,Normal
101,Gate to Another World: Area 2,343,Glow Ray,62,Normal,Normal
101,Gate to Another World: Area 2,342,Glow Ray,61,Normal,Normal
100,Gate to Another World: Area 1,341,Glow Ray,60,Normal,Normal
99,Road to Another World: Area 2,340,Astron,52,Normal,Normal
99,Road to Another World: Area 2,339,Astron,50,Normal,Normal
98,Road to Another World: Area 1,338,Astron,51,Normal,Normal
98,Road to Another World: Area 1,337,Astron,50,Normal,Normal
99,Road to Another World: Area 2,336,Kijimu,51,Normal,Normal
98,Road to Another World: Area 1,335,Kijimu,50,Normal,Normal
99,Road to Another World: Area 2,334,White Jelly,49,Normal,Normal
98,Road to Another World: Area 1,333,White Jelly,48,Normal,Normal
97,Vyshed the Tainted Land: Area 2,332,Death Colon,84,Mini Boss,Normal
70,Darkanon Plain,331,Golden Coryn (2016),100,Mini Boss,Normal
51,Yorl Highlands,330,Golden Coryn (2016),100,Mini Boss,Normal
7,Rakau Plains,329,Golden Coryn (2016),100,Mini Boss,Normal
94,Fabizo Boundary,328,Glasch,47,Normal,Normal
97,Vyshed the Tainted Land: Area 2,327,Moss Mushroom,60,Normal,Normal
97,Vyshed the Tainted Land: Area 2,326,Abyss Eye,58,Normal,Normal
97,Vyshed the Tainted Land: Area 2,325,Colon Zombie,59,Normal,Normal
95,Vyshed the Tainted Land: Area 1,324,Colon Zombie,59,Normal,Normal
96,Albatif Village,323,Grass Dragon Yelb,73,Boss,Normal
95,Vyshed the Tainted Land: Area 1,322,Moss Mushroom,60,Normal,Normal
97,Vyshed the Tainted Land: Area 2,321,Abyss Eye,61,Normal,Normal
95,Vyshed the Tainted Land: Area 1,320,Abyss Eye,58,Normal,Normal
95,Vyshed the Tainted Land: Area 1,319,Colon Zombie,57,Normal,Normal
94,Fabizo Boundary,318,Glasch,46,Normal,Normal
94,Fabizo Boundary,317,Larmo,45,Normal,Normal
94,Fabizo Boundary,316,Basalt,49,Normal,Normal
87,Event,315,Viscum (Hanami 2016),30,Boss,Normal
86,Daily Stamp,314,Consumable,0,Orb Shop,Normal
91,Lost Town: Square,313,Shining Gentleman,82,Mini Boss,Normal
92,Lost Town: Magic Barrier,312,Pillar Golem,70,Boss,Normal
92,Lost Town: Magic Barrier,311,Parasitized Dog,57,Normal,Normal
91,Lost Town: Square,310,Parasitized Dog,58,Normal,Normal
91,Lost Town: Square,309,Wandering Shadow,56,Normal,Normal
91,Lost Town: Square,308,Parasitized Dog,57,Normal,Normal
90,Lost Town,307,Death Hound,55,Normal,Normal
90,Lost Town,306,Death Hound,54,Normal,Normal
90,Lost Town,305,Wandering Shadow,56,Normal,Normal
89,Ethos Fortress,304,Death Zombeast,45,Normal,Normal
89,Ethos Fortress,303,Gob Roga,46,Normal,Normal
89,Ethos Fortress,302,Flying Quartz,44,Normal,Normal
89,Ethos Fortress,301,Death Zombeast,42,Normal,Normal
89,Ethos Fortress,300,Gob Roga,43,Normal,Normal
31,Suedor Cliff,299,Suedor Cliff Relic Box,0,NPC,Normal
23,Strum Road,298,Strum Road Relic Box,0,NPC,Normal
22,Rugio Ruins,297,Dedel,0,NPC,Normal
22,Rugio Ruins,296,Moralo,0,NPC,Normal
86,Daily Stamp,295,Healing,0,Orb Shop,Normal
86,Daily Stamp,294,Silver Treasure Box,0,Orb Shop,Normal
86,Daily Stamp,293,Copper Treasure Box,0,Orb Shop,Normal
86,Daily Stamp,292,Gold Treasure Box,0,Orb Shop,Normal
86,Daily Stamp,291,Material Points,0,Orb Shop,Normal
86,Daily Stamp,290,Handy,0,Orb Shop,Normal
88,-,289,Alchemy Skill,0,Player,Normal
88,-,288,Smith Skill,0,Player,Normal
87,Event,287,Silver Coryn (2015),100,Mini Boss,Normal
87,Event,286,Golden Potum (3M DL),100,Mini Boss,Normal
32,Rinom Plains,285,B.B. Goblin,70,Boss,Normal
80,Figo's Manor,284,Floral Bee,41,Normal,Normal
80,Figo's Manor,283,Crow Destroyer,43,Normal,Normal
80,Figo's Manor,282,Maple Fox,42,Normal,Normal
80,Figo's Manor,281,Maple Fox,39,Normal,Normal
80,Figo's Manor,280,Floral Bee,40,Normal,Normal
70,Darkanon Plain,279,Violacoon,80,Mini Boss,Normal
84,Land Under Cultivation: Hill,278,Masked Warrior,67,Boss,Normal
83,Land Under Cultivation: Area 3,277,Owl,54,Normal,Normal
83,Land Under Cultivation: Area 3,276,Lime Potum,53,Normal,Normal
82,Land Under Cultivation: Area 2,275,Lime Potum,54,Normal,Normal
82,Land Under Cultivation: Area 2,274,Pojo,53,Normal,Normal
82,Land Under Cultivation: Area 2,273,Green Boar,52,Normal,Normal
81,Land Under Cultivation: Area 1,272,Owl,53,Normal,Normal
81,Land Under Cultivation: Area 1,271,Green Boar,52,Normal,Normal
81,Land Under Cultivation: Area 1,270,Pojo,51,Normal,Normal
85,Orb Shop,269,Avatar Recycling,0,Orb Shop,Normal
85,Orb Shop,268,Orb Items,0,Orb Shop,Normal
85,Orb Shop,267,Item Chests,0,Orb Shop,Normal
85,Orb Shop,266,Avatar Chests,0,Orb Shop,Normal
80,Figo's Manor,265,Nelfon,0,NPC,Normal
80,Figo's Manor,264,Figo,0,NPC,Normal
71,Harde Hill,263,Delma,0,NPC,Normal
1,Sofya City,262,Sofyan Sentry,0,NPC,Normal
79,Sofya City: Government Office,261,Pino,0,NPC,Normal
1,Sofya City,260,Lefina,0,NPC,Normal
1,Sofya City,259,Forf,0,NPC,Normal
1,Sofya City,258,Zono,0,NPC,Normal
1,Sofya City,257,Resistle Merchant,0,NPC,Normal
1,Sofya City,256,Frente,0,NPC,Normal
1,Sofya City,255,General Store: Sololo,0,NPC,Normal
1,Sofya City,254,Crow Scarer,0,NPC,Normal
1,Sofya City,253,Yunis,0,NPC,Normal
78,Sofya City: Library,252,Bookworm Sentry,0,NPC,Normal
78,Sofya City: Library,251,Adventurer,0,NPC,Normal
78,Sofya City: Library,250,Library: Lilulu,0,NPC,Normal
77,Sofya City: Synthesist,249,Synthesist: Mubia,0,NPC,Normal
76,Sofya City: Blacksmith,248,Resting Sentry,0,NPC,Normal
76,Sofya City: Blacksmith,247,Blacksmith : Zaldo,0,NPC,Normal
75,Ancient Empress Tomb: Deepest Part,246,Ancient Empress Mezzaluna,64,Boss,Normal
73,Ancient Empress Tomb: Area 2,245,Caspy,77,Mini Boss,Normal
74,Ancient Empress Tomb: Area 3,244,Nightmare Roar,49,Normal,Normal
74,Ancient Empress Tomb: Area 3,243,Cassy,47,Normal,Normal
74,Ancient Empress Tomb: Area 3,242,Bone Dragonewt,48,Normal,Normal
73,Ancient Empress Tomb: Area 2,241,Cassy,48,Normal,Normal
73,Ancient Empress Tomb: Area 2,240,Cassy,47,Normal,Normal
73,Ancient Empress Tomb: Area 2,239,Bone Dragonewt,46,Normal,Normal
72,Ancient Empress Tomb: Area 1,238,Black Jelly,47,Normal,Normal
72,Ancient Empress Tomb: Area 1,237,Bone Dragonewt,46,Normal,Normal
72,Ancient Empress Tomb: Area 1,236,Bone Dragonewt,45,Normal,Normal
71,Harde Hill,235,Berry Pomum,40,Normal,Normal
71,Harde Hill,234,Berry Pomum,38,Normal,Normal
71,Harde Hill,233,Arborgon,39,Normal,Normal
71,Harde Hill,232,Salliphant,42,Normal,Normal
71,Harde Hill,231,Salliphant,37,Normal,Normal
93,Centerio Highlands,230,Sand Mole,50,Mini Boss,Normal
93,Centerio Highlands,229,Foxiger,49,Normal,Normal
93,Centerio Highlands,228,Sand Frosch,46,Normal,Normal
70,Darkanon Plain,227,Farfara,40,Normal,Normal
70,Darkanon Plain,226,Pojo,39,Normal,Normal
70,Darkanon Plain,225,Rocksaur,36,Normal,Normal
69,Saham Underground Cave - Deepest Part,224,Boss Roga,62,Boss,Normal
68,Saham Underground Cave: B3,223,Orc Warrior,49,Normal,Normal
68,Saham Underground Cave: B3,222,Gob Roga,48,Normal,Normal
67,Saham Underground Cave: B2,221,Gob Roga,48,Normal,Normal
67,Saham Underground Cave: B2,220,Orc Warrior,47,Normal,Normal
66,Saham Underground Cave: B1,219,Orc Warrior,46,Normal,Normal
66,Saham Underground Cave: B1,218,Rotta Nemico,45,Normal,Normal
65,Saham Crater,217,Demon's Gate,60,Boss,Normal
65,Saham Crater,216,Gigant Knight,76,Mini Boss,Normal
65,Saham Crater,215,Mutant Goblin,44,Normal,Normal
65,Saham Crater,214,Flame Roar,43,Normal,Normal
65,Saham Crater,213,Orc,46,Normal,Normal
64,Korda Basin,212,Soda Potum,45,Normal,Normal
64,Korda Basin,211,Aqua Jelly,43,Normal,Normal
64,Korda Basin,210,Kijimu,44,Normal,Normal
64,Korda Basin,209,Ratia,42,Normal,Normal
63,Lonogo Canyon,208,Cliff Pico,33,Normal,Normal
63,Lonogo Canyon,207,Pova,32,Normal,Normal
63,Lonogo Canyon,206,Euris,30,Normal,Normal
62,New Moon Palace: Innermost,205,Mauez,55,Boss,Normal
62,New Moon Palace: Innermost,204,Moonlight Potum,72,Mini Boss,Normal
61,New Moon Palace: 2nd Chamber,203,Palace Soldier,41,Normal,Normal
61,New Moon Palace: 2nd Chamber,202,Mage Marionette,43,Normal,Normal
60,New Moon Palace: 1st Chamber,201,Sword Marionette,43,Normal,Normal
60,New Moon Palace: 1st Chamber,200,Palace Soldier,41,Normal,Normal
59,New Moon Palace,199,Stone,39,Normal,Normal
59,New Moon Palace,198,Sword Marionette,40,Normal,Normal
59,New Moon Palace,197,Mage Marionette,40,Normal,Normal
58,Nehelo Swamp,196,Water Ghost,31,Normal,Normal
58,Nehelo Swamp,195,Moss Ball,29,Normal,Normal
58,Nehelo Swamp,194,Kinote,27,Normal,Normal
57,Haotas Ravine: Deepest Part,193,Warmonger,60,Boss,Normal
56,Haotas Ravine,192,Big Mask,70,Mini Boss,Normal
56,Haotas Ravine,191,Fin Frog,47,Normal,Normal
56,Haotas Ravine,190,Pain Leaf,46,Normal,Normal
56,Haotas Ravine,189,White Hound,43,Normal,Normal
55,Lutaros Cavern: Deepest Part,188,Ooze,52,Boss,Normal
54,Lutaros Cavern: B2,187,Turquoise Lionfish,39,Normal,Normal
54,Lutaros Cavern: B2,186,Slime,39,Normal,Normal
53,Lutaros Cavern: B1,185,Voda Roar,37,Normal,Normal
53,Lutaros Cavern: B1,184,Slime,39,Normal,Normal
52,Lutaros Cavern Entrance,183,Voda Roar,37,Normal,Normal
52,Lutaros Cavern Entrance,182,Stone Soldier,37,Normal,Normal
51,Yorl Highlands,181,Arcoiris,70,Mini Boss,Normal
51,Yorl Highlands,180,Squire,35,Normal,Normal
51,Yorl Highlands,179,Conoppy,26,Normal,Normal
51,Yorl Highlands,178,Billy,24,Normal,Normal
50,Aulada Ancient Tower,177,Astol,50,Boss,Normal
50,Aulada Ancient Tower,176,Seltirios,60,Mini Boss,Normal
50,Aulada Ancient Tower,175,Tower Ghost,37,Normal,Normal
50,Aulada Ancient Tower,174,Gold Jelly,36,Normal,Normal
50,Aulada Ancient Tower,173,Gold Jelly,34,Normal,Normal
50,Aulada Ancient Tower,172,Rutiro,38,Normal,Normal
50,Aulada Ancient Tower,171,Rutiro,36,Normal,Normal
49,Land Of Chaos,170,Forestia,49,Boss,Normal
49,Land Of Chaos,169,Squire,35,Normal,Normal
49,Land Of Chaos,168,Rutin,36,Normal,Normal
49,Land Of Chaos,167,Elizard,33,Normal,Normal
48,Scaro Town: Deepest Part,166,Ganglef,58,Boss,Normal
47,Scaro Town: Area 2,165,Devil's Book,34,Normal,Normal
47,Scaro Town: Area 2,164,Beak,33,Normal,Normal
47,Scaro Town: Area 2,163,Death Hound,32,Normal,Normal
46,Scaro Town: Area 1,162,Beak,32,Normal,Normal
46,Scaro Town: Area 1,161,Death Hound,31,Normal,Normal
46,Scaro Town: Area 1,160,Soldier Rat,30,Normal,Normal
45,Douce Hamlet,159,Big Coryn,60,Mini Boss,Normal
45,Douce Hamlet,158,Wooly,22,Normal,Normal
45,Douce Hamlet,157,Crow Killer,21,Normal,Normal
45,Douce Hamlet,156,Crow Killer,20,Normal,Normal
45,Douce Hamlet,155,Coryn,19,Normal,Normal
44,Zoktzda ruins : Reversed Hall,154,Ruin Golem,45,Boss,Normal
43,Zoktzda Ruins : Abnormal Space,153,Stone Mercenary,60,Mini Boss,Normal
43,Zoktzda Ruins : Abnormal Space,152,Wind Roar,32,Normal,Normal
43,Zoktzda Ruins : Abnormal Space,151,Stone,33,Normal,Normal
43,Zoktzda Ruins : Abnormal Space,150,Stone,31,Normal,Normal
43,Zoktzda Ruins : Abnormal Space,149,Green Jelly,30,Normal,Normal
42,Zoktzda Ruins,148,Golden Skeleton,54,Mini Boss,Normal
42,Zoktzda Ruins,147,Skeleton,30,Normal,Normal
42,Zoktzda Ruins,146,Goblin,29,Normal,Normal
41,Fiery Volcano: Boss Map,145,Flare Volg,50,Boss,Normal
40,Fiery Volcano: Area 3,144,Mochelo,43,Boss,Normal
40,Fiery Volcano: Area 3,143,Flame Butterfly,31,Normal,Normal
40,Fiery Volcano: Area 3,142,Savaran (small),30,Normal,Normal
39,Fiery Volcano: Area 2,141,Stone Knight,30,Normal,Normal
39,Fiery Volcano: Area 2,140,Flame Butterfly,29,Normal,Normal
39,Fiery Volcano: Area 2,139,Fire Ghost,28,Normal,Normal
38,Fiery Volcano: Area 1,138,Stone Knight,29,Normal,Normal
38,Fiery Volcano: Area 1,137,Fire Ghost,28,Normal,Normal
38,Fiery Volcano: Area 1,136,Red Jelly,31,Normal,Normal
38,Fiery Volcano: Area 1,135,Savaran (small),27,Normal,Normal
37,Witeka Scorched Plains,134,Savaran (big),19,Normal,Normal
37,Witeka Scorched Plains,133,Savaran (small),15,Normal,Normal
37,Witeka Scorched Plains,132,Roca,18,Normal,Normal
37,Witeka Scorched Plains,131,Calron,17,Normal,Normal
37,Witeka Scorched Plains,130,Calron,16,Normal,Normal
36,Ribisco Cave: Deepest Part,129,Boss Goblin,40,Boss,Normal
36,Ribisco Cave: Deepest Part,128,Goblin (slingshot),26,Normal,Normal
36,Ribisco Cave: Deepest Part,127,Goblin (sword),28,Normal,Normal
35,Ribisco Cave: Area 3,126,Goblin (slingshot),27,Normal,Normal
35,Ribisco Cave: Area 3,125,Goblin (slingshot),25,Normal,Normal
35,Ribisco Cave: Area 3,124,Goblin (sword),26,Normal,Normal
35,Ribisco Cave: Area 3,123,Goblin (sword),24,Normal,Normal
34,Ribisco Cave: Area 2,122,Goblin (slingshot),25,Normal,Normal
34,Ribisco Cave: Area 2,121,Goblin (sword),24,Normal,Normal
34,Ribisco Cave: Area 2,120,Frosch,23,Normal,Normal
33,Ribisco Cave: Area 1,119,Goblin (slingshot),25,Normal,Normal
33,Ribisco Cave: Area 1,118,Goblin (sword),24,Normal,Normal
33,Ribisco Cave: Area 1,117,Frosch,23,Normal,Normal
32,Rinom Plains,116,Pico,18,Normal,Normal
32,Rinom Plains,115,Kijimu,17,Normal,Normal
32,Rinom Plains,114,Goblin (slingshot),23,Normal,Normal
32,Rinom Plains,113,Goblin (sword),22,Normal,Normal
31,Suedor Cliff,112,Kijimu,13,Normal,Normal
31,Suedor Cliff,111,Kijimu,11,Normal,Normal
31,Suedor Cliff,110,Raffy,10,Normal,Normal
31,Suedor Cliff,109,Colon,9,Normal,Normal
30,Nisel Mountain: The Top,108,Brutal Dragon Decel,40,Boss,Normal
29,Nisel Mountain: Near The Top,107,Rutin,28,Normal,Normal
29,Nisel Mountain: Near The Top,106,Boar,27,Normal,Normal
28,Nisel Mountain: Mountainside,105,Shell Mask,27,Normal,Normal
28,Nisel Mountain: Mountainside,104,Rutin,26,Normal,Normal
28,Nisel Mountain: Mountainside,103,Boar,26,Normal,Normal
28,Nisel Mountain: Mountainside,102,Little Boar,25,Normal,Normal
27,Nisel Mountain,101,Giant Boar,52,Mini Boss,Normal
27,Nisel Mountain,100,Boar,25,Normal,Normal
27,Nisel Mountain,99,Little Boar,24,Normal,Normal
27,Nisel Mountain,98,Shell Mask,23,Normal,Normal
26,Icule Lake,97,Tortuga,40,Mini Boss,Normal
26,Icule Lake,96,Miwi,16,Normal,Normal
26,Icule Lake,95,Miwi,15,Normal,Normal
26,Icule Lake,94,Frosch,14,Normal,Normal
26,Icule Lake,93,Frosch,13,Normal,Normal
26,Icule Lake,92,Cobre,12,Normal,Normal
25,Marbaro Forest: Deepest Part,91,Forest Wolf,30,Boss,Normal
24,Marbaro Forest,90,Pico,22,Normal,Normal
24,Marbaro Forest,89,Helm Colon,18,Normal,Normal
24,Marbaro Forest,88,Helm Colon,16,Normal,Normal
24,Marbaro Forest,87,Colon,19,Normal,Normal
24,Marbaro Forest,86,Colon,17,Normal,Normal
23,Strum Road,85,Kijimu,12,Normal,Normal
23,Strum Road,84,Colon Commander,33,Mini Boss,Normal
23,Strum Road,83,Helm Colon,13,Normal,Normal
23,Strum Road,82,Helm Colon,11,Normal,Normal
23,Strum Road,81,Colon,11,Normal,Normal
23,Strum Road,80,Colon,9,Normal,Normal
22,Rugio Ruins,79,Colon,5,Normal,Normal
22,Rugio Ruins,78,Colon,3,Normal,Normal
22,Rugio Ruins,77,Colon,1,Normal,Normal
21,Debacky Channel,76,Corda,12,Normal,Normal
21,Debacky Channel,75,Blue Jelly (big),10,Normal,Normal
21,Debacky Channel,74,Blue Jelly (small),8,Normal,Normal
20,Athema Ruins: Area 2,73,Crimsosh,37,Mini Boss,Normal
20,Athema Ruins: Area 2,72,Rio Frosch,11,Normal,Normal
19,Athema Ruins: Area 1,71,King Potum,50,Mini Boss,Normal
19,Athema Ruins: Area 1,70,Vanilla Potum,14,Normal,Normal
19,Athema Ruins: Area 1,69,Vanilla Potum,10,Normal,Normal
19,Athema Ruins: Area 1,68,Kijimu,13,Normal,Normal
19,Athema Ruins: Area 1,67,Kijimu,10,Normal,Normal
18,Debakcy Channel: B2,66,Blue Jelly (big),8,Normal,Normal
18,Debakcy Channel: B2,65,Corda,11,Normal,Normal
18,Debakcy Channel: B2,64,Corda,9,Normal,Normal
17,Debakcy Channel: B1,63,Corda,12,Normal,Normal
17,Debakcy Channel: B1,62,Silver Roar,42,Mini Boss,Normal
17,Debakcy Channel: B1,61,Ruin Rat,9,Normal,Normal
17,Debakcy Channel: B1,60,Blue Jelly (big),8,Normal,Normal
16,Underground Channel,59,Gespenst,20,Boss,Normal
16,Underground Channel,58,Ghost,7,Normal,Normal
16,Underground Channel,57,Ghost,4,Normal,Normal
16,Underground Channel,56,Blue Jelly (big),7,Normal,Normal
16,Underground Channel,55,Blue Jelly (small),5,Normal,Normal
16,Underground Channel,54,Corda,6,Normal,Normal
16,Underground Channel,53,Corda,4,Normal,Normal
15,Ruined Temple: Forbidden hall,52,Minotaur,32,Boss,Normal
14,Ruined Temple: Area 3,51,Roar,21,Normal,Normal
14,Ruined Temple: Area 3,50,Guardian Statue,23,Normal,Normal
14,Ruined Temple: Area 3,49,Guardian Statue,22,Normal,Normal
13,Ruined Temple: Area 2,48,Miracle Potum,42,Mini Boss,Normal
13,Ruined Temple: Area 2,47,Roar,21,Normal,Normal
13,Ruined Temple: Area 2,46,Guardian Statue,22,Normal,Normal
13,Ruined Temple: Area 2,45,Goblin,20,Normal,Normal
12,Ruined Temple: Area 1,44,Beak,19,Normal,Normal
12,Ruined Temple: Area 1,43,Beak,18,Normal,Normal
12,Ruined Temple: Area 1,42,Goblin,20,Normal,Normal
11,Ruined Temple Town,41,Beak,12,Normal,Normal
11,Ruined Temple Town,40,Beak,11,Normal,Normal
11,Ruined Temple Town,39,Farfara,13,Normal,Normal
11,Ruined Temple Town,38,Lavarca,21,Normal,Normal
11,Ruined Temple Town,37,Raffy,9,Normal,Normal
10,Isthmus Of Kaus: Dragon's Den,36,Eerie Crystal,24,Boss,Normal
9,Isthmus Of Kaus,35,Dark Mushroom,30,Mini Boss,Normal
9,Isthmus Of Kaus,34,Purple Jelly,17,Normal,Normal
9,Isthmus Of Kaus,33,Pain Leaf,14,Normal,Normal
9,Isthmus Of Kaus,32,Pain Leaf,17,Normal,Normal
9,Isthmus Of Kaus,31,Night Mushroom,15,Normal,Normal
9,Isthmus Of Kaus,30,Night Mushroom,13,Normal,Normal
9,Isthmus Of Kaus,29,Hound,18,Normal,Normal
9,Isthmus Of Kaus,28,Hound,13,Normal,Normal
8,Reug Salt Plains: Wanderers Camp,27,Night Mushroom,10,Normal,Normal
8,Reug Salt Plains: Wanderers Camp,26,Wooly,9,Normal,Normal
8,Reug Salt Plains: Wanderers Camp,25,Wooly,8,Normal,Normal
8,Reug Salt Plains: Wanderers Camp,24,Pomum,7,Normal,Normal
8,Reug Salt Plains: Wanderers Camp,23,Piedra,6,Normal,Normal
7,Rakau Plains,22,Piedra,3,Normal,Normal
7,Rakau Plains,21,Pomum,3,Normal,Normal
7,Rakau Plains,20,Pico,1,Normal,Normal
7,Rakau Plains,19,Lavarca,21,Normal,Normal
7,Rakau Plains,18,Raffy,2,Normal,Normal
7,Rakau Plains,17,Raffy,1,Normal,Normal
6,Underground Ruins: Deepest Part,16,Excavated Golem,16,Boss,Normal
5,Underground Ruins: B2,15,Nemico,13,Normal,Normal
5,Underground Ruins: B2,14,Nemico,11,Normal,Normal
5,Underground Ruins: B2,13,Torpo,10,Normal,Normal
5,Underground Ruins: B2,12,Ruin Rat,12,Normal,Normal
4,Underground Ruins: B1,11,Nemico,11,Normal,Normal
4,Underground Ruins: B1,10,Torpo,9,Normal,Normal
4,Underground Ruins: B1,9,Ruin Rat,10,Normal,Normal
3,Underground Ruins,8,Torpo,8,Normal,Normal
3,Underground Ruins,7,Ruin Rat,8,Normal,Normal
2,Land Under Development,6,The Strongest boss in game,999,Boss,Normal
2,Land Under Development,5,Shell Mask,5,Normal,Normal
2,Land Under Development,4,Shell Mask,4,Normal,Normal
2,Land Under Development,3,Colon,6,Normal,Normal
2,Land Under Development,2,Colon,4,Normal,Normal
2,Land Under Development,1,Torpo,7,Normal,Normal
