monster_id,name,level,map_id,map_name,type_code,type_label,mode,hp,exp,element_id,element_label,tameable,limited,badge,note
3525,Florashroom Petarie,310,110,Wanderer's Plain,B,Boss,Nightmare,75000000,275000,4,Earth,False,True,,
3524,Florashroom Petarie,330,110,Wanderer's Plain,B,Boss,Ultimate,150000000,550000,4,Earth,False,True,,
3523,Florashroom Petarie,310,110,Wanderer's Plain,B,Boss,Hard,75000000,275000,4,Earth,False,True,,
3522,Florashroom Petarie,300,110,Wanderer's Plain,B,Boss,Hard,30000000,110000,4,Earth,False,True,,
3521,Florashroom Petarie,290,110,Wanderer's Plain,B,Boss,Normal,15000000,55000,4,Earth,False,True,,
3520,Aba,335,698,Ocean Pantry: Deepest Part,B,Boss,Ultimate,239000000,82800,2,Water,False,True,,
3519,Aba,315,698,Ocean Pantry: Deepest Part,B,Boss,Nightmare,119500000,41400,2,Water,False,True,,
3518,Aba,295,698,Ocean Pantry: Deepest Part,B,Boss,Normal,23900000,82800,2,Water,False,True,,
3517,Aba,305,698,Ocean Pantry: Deepest Part,B,Boss,Hard,47800000,165600,2,Water,False,True,,
3516,Aba,295,698,Ocean Pantry: Deepest Part,N,Normal,Normal,23900000,82800,2,Water,False,True,,
3515,Aba,285,698,Ocean Pantry: Deepest Part,B,Boss,Easy,2390000,8280,2,Water,False,True,,
3514,Merzehal,325,404,High Difficulty Boss Battle Event Venue,B,Boss,???,0,0,4,Earth,False,False,,
3513,Shawkal,345,404,High Difficulty Boss Battle Event Venue,B,Boss,???,0,0,5,Dark,False,False,,
3512,Arnold (Collab Battle Lv330),370,696,Grieving Souls Collab Venue For Lv300-330,B,Boss,Ultimate,400000000,1960000,3,Wind,False,True,,
3511,Arnold (Collab Battle Lv330),350,696,Grieving Souls Collab Venue For Lv300-330,B,Boss,Nightmare,200000000,980000,3,Wind,False,True,,
3510,Arnold (Collab Battle Lv330),340,696,Grieving Souls Collab Venue For Lv300-330,B,Boss,Hard,80000000,392000,3,Wind,False,True,,
3509,Arnold (Collab Battle Lv330),330,696,Grieving Souls Collab Venue For Lv300-330,B,Boss,Normal,40000000,196000,3,Wind,False,True,,
3508,Arnold (Collab Battle Lv300),340,696,Grieving Souls Collab Venue For Lv300-330,B,Boss,Ultimate,272000000,1450000,3,Wind,False,True,,
3507,Arnold (Collab Battle Lv300),320,696,Grieving Souls Collab Venue For Lv300-330,B,Boss,Nightmare,136000000,725000,3,Wind,False,True,,
3506,Arnold (Collab Battle Lv300),310,696,Grieving Souls Collab Venue For Lv300-330,B,Boss,Hard,54400000,290000,3,Wind,False,True,,
3505,Arnold (Collab Battle Lv300),300,696,Grieving Souls Collab Venue For Lv300-330,B,Boss,Normal,27200000,145000,3,Wind,False,True,,
3504,Arnold (Collab Battle Lv270),310,695,Grieving Souls Collab Venue For Lv190-270,B,Boss,Ultimate,184000000,990000,3,Wind,False,True,,
3503,Arnold (Collab Battle Lv270),290,695,Grieving Souls Collab Venue For Lv190-270,B,Boss,Nightmare,92000000,495000,3,Wind,False,False,,
3502,Arnold (Collab Battle Lv270),280,695,Grieving Souls Collab Venue For Lv190-270,B,Boss,Hard,36800000,198000,3,Wind,False,True,,
3501,Arnold (Collab Battle Lv270),270,695,Grieving Souls Collab Venue For Lv190-270,B,Boss,Normal,18400000,99000,3,Wind,False,True,,
3500,Arnold (Collab Battle Lv240),280,695,Grieving Souls Collab Venue For Lv190-270,B,Boss,Ultimate,113300000,673000,3,Wind,False,True,,
3499,Arnold (Collab Battle Lv240),260,695,Grieving Souls Collab Venue For Lv190-270,B,Boss,Nightmare,56650000,336500,3,Wind,False,True,,
3498,Arnold (Collab Battle Lv240),250,695,Grieving Souls Collab Venue For Lv190-270,B,Boss,Hard,22660000,134600,3,Wind,False,True,,
3497,Arnold (Collab Battle Lv240),240,695,Grieving Souls Collab Venue For Lv190-270,B,Boss,Normal,11330000,67300,3,Wind,False,True,,
3496,Arnold (Collab Battle Lv190),230,695,Grieving Souls Collab Venue For Lv190-270,B,Boss,Ultimate,51000000,350000,3,Wind,False,True,,
3495,Arnold (Collab Battle Lv190),210,695,Grieving Souls Collab Venue For Lv190-270,B,Boss,Nightmare,25500000,175000,3,Wind,False,True,,
3494,Arnold (Collab Battle Lv190),200,695,Grieving Souls Collab Venue For Lv190-270,B,Boss,Hard,10200000,70000,3,Wind,False,True,,
3493,Arnold (Collab Battle Lv190),190,695,Grieving Souls Collab Venue For Lv190-270,B,Boss,Normal,5100000,35000,3,Wind,False,True,,
3492,Arnold (Collab Battle Lv140),180,694,Grieving Souls Collab Venue For Lv40-140,B,Boss,Ultimate,13000000,159000,3,Wind,False,True,,
3491,Arnold (Collab Battle Lv140),160,694,Grieving Souls Collab Venue For Lv40-140,B,Boss,Nightmare,6500000,79500,3,Wind,False,True,,
3490,Arnold (Collab Battle Lv140),150,694,Grieving Souls Collab Venue For Lv40-140,B,Boss,Hard,2600000,31800,3,Wind,False,True,,
3489,Arnold (Collab Battle Lv140),140,694,Grieving Souls Collab Venue For Lv40-140,B,Boss,Normal,1300000,15900,3,Wind,False,True,,
3488,Arnold (Collab Battle Lv90),130,694,Grieving Souls Collab Venue For Lv40-140,B,Boss,Ultimate,3100000,51600,3,Wind,False,True,,
3487,Arnold (Collab Battle Lv90),110,694,Grieving Souls Collab Venue For Lv40-140,B,Boss,Nightmare,1550000,25800,3,Wind,False,True,,
3486,Arnold (Collab Battle Lv90),100,694,Grieving Souls Collab Venue For Lv40-140,B,Boss,Hard,620000,10320,3,Wind,False,True,,
3485,Arnold (Collab Battle Lv90),90,694,Grieving Souls Collab Venue For Lv40-140,B,Boss,Normal,310000,5160,3,Wind,False,True,,
3484,Arnold (Collab Boss Battle Lv40),80,694,Grieving Souls Collab Venue For Lv40-140,B,Boss,Ultimate,268000,8400,3,Wind,False,True,,
3483,Arnold (Collab Battle Lv40),60,694,Grieving Souls Collab Venue For Lv40-140,B,Boss,Nightmare,134000,4200,3,Wind,False,True,,
3482,Arnold,50,694,Grieving Souls Collab Venue For Lv40-140,B,Boss,Hard,53600,1680,3,Wind,False,True,,
3481,Arnold,40,694,Grieving Souls Collab Venue For Lv40-140,B,Boss,Normal,26800,840,3,Wind,False,True,,
3480,Event Guide Potum,0,694,Grieving Souls Collab Venue For Lv40-140,N,Normal,Normal,0,0,-1,Unknown,False,True,,
3479,Onivant,262,692,Early Sakura Shrine: Fortress Path,N,Normal,Normal,92620,1422,0,Neutral,False,True,,
3478,Shrivian,261,692,Early Sakura Shrine: Fortress Path,N,Normal,Normal,74685,1130,3,Wind,False,True,,
3477,Furonja,692,692,Early Sakura Shrine: Fortress Path,N,Normal,Normal,85521,1310,3,Wind,False,True,,
3476,Onivant,262,691,Early Sakura Shrine: Big Cherry Blossom Tree,N,Normal,Normal,92620,1422,0,Neutral,False,True,,
3475,Shrivian,261,691,Early Sakura Shrine: Big Cherry Blossom Tree,N,Normal,Normal,74685,1130,3,Wind,False,True,,
3474,Furonja,260,691,Early Sakura Shrine: Big Cherry Blossom Tree,N,Normal,Normal,85521,1310,3,Wind,False,True,,
3473,Plantara,262,690,Mt. White Peach: Outskirts,N,Normal,Normal,26049,379,3,Wind,False,True,,
3472,Sckiri,261,690,Mt. White Peach: Outskirts,N,Normal,Normal,31597,471,3,Wind,False,True,,
3471,Cherosso,260,690,Mt. White Peach: Outskirts,N,Normal,Normal,28507,421,4,Earth,False,True,,
3470,Squirinja,300,689,Mt. White Peach: Depth,B,Boss,Very Hard,21270000,124200,4,Earth,False,True,,
3469,Squirinja,280,689,Mt. White Peach: Depth,B,Boss,Hard,20110000,76080,4,Earth,False,True,,
3468,Squirinja,260,689,Mt. White Peach: Depth,B,Boss,Normal,14370000,56630,4,Earth,False,True,,
3467,Squirinja,240,689,Mt. White Peach: Depth,B,Boss,Easy,9850000,40390,4,Earth,False,True,,
3465,Black Peach Ninja,280,687,Mt. Black Peach: Depth,B,Boss,Hard,4000000,46675,3,Wind,False,True,,
3464,Black Peach Ninja,260,687,Mt. Black Peach: Depth,B,Boss,Normal,4000000,46675,3,Wind,False,True,,
3463,Black Peach Ninja,240,687,Mt. Black Peach: Depth,B,Boss,Easy,4000000,46675,3,Wind,False,True,,
3462,Molemet,242,686,Mt. Black Peach,N,Normal,Normal,37086,580,4,Earth,False,True,,
3461,Metaccio,240,686,Mt. Black Peach,N,Normal,Normal,26750,408,4,Earth,False,True,,
3460,Horgel,241,686,Mt. Black Peach,N,Normal,Normal,31880,493,3,Wind,False,True,,
3459,Horgel,241,688,Mt. White Peach,N,Normal,Normal,31880,493,3,Wind,False,True,,
3458,Farfalla,241,688,Mt. White Peach,N,Normal,Normal,29430,432,3,Wind,False,True,,
3457,Metaccio,240,688,Mt. White Peach,N,Normal,Normal,26750,408,4,Earth,False,True,,
3456,Molemet,242,683,Leafy Sakura Village,N,Normal,Normal,37086,580,4,Earth,False,True,,
3455,Farfalla,241,683,Leafy Sakura Village,N,Normal,Normal,29430,432,3,Wind,False,True,,
3454,Metaccio,240,683,Leafy Sakura Village,N,Normal,Normal,26750,408,4,Earth,False,True,,
3450,Serpean,244,680,Pirates' Hideout: Area 3,N,Normal,Normal,75390,-1,2,Water,False,True,Summer Event 2025,
3449,Seagel,243,680,Pirates' Hideout: Area 3,N,Normal,Normal,54840,-1,2,Water,False,True,Summer Event 2025,
3448,Anemona,242,680,Pirates' Hideout: Area 3,N,Normal,Normal,64280,-1,2,Water,False,True,Summer Event 2025,
3447,Shark Potum,290,679,Pirates' Hideout: Area 2,M,Mini Boss,Normal,18800000,68490,2,Water,False,True,Summer Event 2025,
3446,Serpean,243,679,Pirates' Hideout: Area 2,N,Normal,Normal,74780,-1,2,Water,False,True,Summer Event 2025,
3445,Seagel,242,679,Pirates' Hideout: Area 2,N,Normal,Normal,54390,-1,2,Water,False,True,Summer Event 2025,
3444,Anemona,241,679,Pirates' Hideout: Area 2,N,Normal,Normal,63760,-1,2,Water,False,True,Summer Event 2025,
3443,Serpean,242,678,Pirates' Hideout: Area 1,N,Normal,Normal,74170,-1,2,Water,False,True,Summer Event 2025,
3442,Seagel,241,678,Pirates' Hideout: Area 1,N,Normal,Normal,53950,-1,2,Water,False,True,Summer Event 2025,
3441,Anemona,240,678,Pirates' Hideout: Area 1,N,Normal,Normal,63230,-1,2,Water,False,True,Summer Event 2025,
3440,Dendro,292,672,Wizka Forest,N,Normal,Normal,-1,1169,-1,Unknown,False,False,Update 03/26/26,
3439,Madape,291,672,Wizka Forest,N,Normal,Normal,-1,1046,-1,Unknown,False,False,Update 03/26/26,
3438,Danbit,290,672,Wizka Forest,N,Normal,Normal,-1,1235,-1,Unknown,False,False,Update 03/26/26,
3437,Carakara,286,671,Ruhig Trail,N,Normal,Normal,-1,440,-1,Unknown,False,False,Update 03/26/26,
3436,Chapone,285,671,Ruhig Trail,N,Normal,Normal,-1,405,-1,Unknown,False,False,Update 03/26/26,
3435,Monpaz,284,671,Ruhig Trail,N,Normal,Normal,-1,370,-1,Unknown,False,False,Update 03/26/26,
3434,Doy & Mari,353,670,Wizka Forest : Depths,B,Boss,Ultimate,-1,-1,3,Wind,False,False,Update 03/26/26,
3433,Doy & Mari,333,670,Wizka Forest : Depths,B,Boss,Nightmare,-1,-1,3,Wind,False,False,Update 03/26/26,
3432,Doy & Mari,323,670,Wizka Forest : Depths,B,Boss,Very Hard,-1,-1,3,Wind,False,False,Update 03/26/26,
3431,Doy & Mari,313,670,Wizka Forest : Depths,B,Boss,Hard,-1,-1,3,Wind,False,False,Update 03/26/26,
3430,Doy & Mari,303,670,Wizka Forest : Depths,B,Boss,Normal,-1,-1,3,Wind,False,False,Update 03/26/26,
3429,Grandanbit,341,669,Wizka Forest : Inner Area,B,Boss,Normal,-1,91324,6,Light,False,False,Update 03/26/26,
3428,Supreme Evil Crystal Beast,329,668,Lixaro Ghost Town: Mansion,B,Boss,Ultimate,0,0,5,Dark,False,False,,
3427,Supreme Evil Crystal Beast,309,668,Lixaro Ghost Town: Mansion,B,Boss,Nightmare,0,0,5,Dark,False,False,,
3426,Supreme Evil Crystal Beast,299,668,Lixaro Ghost Town: Mansion,B,Boss,Hard,0,0,5,Dark,False,False,,
3425,Supreme Evil Crystal Beast,289,668,Lixaro Ghost Town: Mansion,B,Boss,Normal,0,0,5,Dark,False,False,,
3424,Supreme Evil Crystal Beast,279,668,Lixaro Ghost Town: Mansion,B,Boss,Easy,0,0,5,Dark,False,False,,
3423,Piscruva,326,667,Vicus Mutans: Square,B,Boss,Ultimate,0,0,2,Water,False,False,,
3422,Piscruva,306,667,Vicus Mutans: Square,B,Boss,Nightmare,0,0,2,Water,False,False,,
3421,Piscruva,296,667,Vicus Mutans: Square,B,Boss,Hard,0,0,2,Water,False,False,,
3420,Piscruva,286,667,Vicus Mutans: Square,B,Boss,Normal,0,0,2,Water,False,False,,
3419,Piscruva,276,667,Vicus Mutans: Square,B,Boss,Easy,0,0,2,Water,False,False,,
3418,Biskyra,323,666,Aquasida: Central,B,Boss,Ultimate,0,0,2,Water,False,False,,
3417,Biskyra,303,666,Aquasida: Central,B,Boss,Nightmare,0,0,2,Water,False,False,,
3416,Biskyra,293,666,Aquasida: Central,B,Boss,Hard,0,0,2,Water,False,False,,
3415,Biskyra,283,666,Aquasida: Central,B,Boss,Normal,0,0,2,Water,False,False,,
3414,Biskyra,273,666,Aquasida: Central,B,Boss,Easy,0,0,2,Water,False,False,,
3413,Menti,320,601,Eumano Village Ruins: Central,B,Boss,Ultimate,0,0,4,Earth,False,False,,
3412,Menti,300,601,Eumano Village Ruins: Central,B,Boss,Nightmare,0,0,4,Earth,False,False,,
3411,Menti,290,601,Eumano Village Ruins: Central,B,Boss,Hard,0,0,4,Earth,False,False,,
3410,Menti,280,601,Eumano Village Ruins: Central,B,Boss,Normal,0,0,4,Earth,False,False,,
3409,Menti,270,601,Eumano Village Ruins: Central,B,Boss,Easy,0,0,4,Earth,False,False,,
3408,Deformis,317,601,Eumano Village Ruins: Central,B,Boss,Ultimate,0,0,4,Earth,False,False,,
3407,Deformis,297,601,Eumano Village Ruins: Central,B,Boss,Nightmare,0,0,4,Earth,False,False,,
3406,Deformis,287,601,Eumano Village Ruins: Central,B,Boss,Hard,0,0,4,Earth,False,False,,
3405,Deformis,277,601,Eumano Village Ruins: Central,B,Boss,Normal,0,0,4,Earth,False,False,,
3404,Deformis,267,601,Eumano Village Ruins: Central,B,Boss,Easy,0,0,4,Earth,False,False,,
3403,Mulgoon,314,592,Menabra Plains,B,Boss,Ultimate,0,0,5,Dark,False,False,,
3402,Mulgoon,294,592,Menabra Plains,B,Boss,Nightmare,0,0,5,Dark,False,False,,
3401,Mulgoon,284,592,Menabra Plains,B,Boss,Hard,0,0,5,Dark,False,False,,
3400,Mulgoon,274,592,Menabra Plains,B,Boss,Normal,0,0,5,Dark,False,False,,
3399,Mulgoon,264,592,Menabra Plains,B,Boss,Easy,0,0,5,Dark,False,False,,
3398,Gioco,357,665,Fango Village,B,Boss,Ultimate,0,0,5,Dark,False,False,,
3397,Gioco,337,665,Fango Village,B,Boss,Nightmare,0,0,5,Dark,False,False,,
3396,Gioco,327,665,Fango Village,B,Boss,Hard,0,0,5,Dark,False,False,,
3395,Gioco,317,665,Fango Village,B,Boss,Normal,0,0,5,Dark,False,False,,
3394,Gioco,307,665,Fango Village,B,Boss,Easy,0,0,5,Dark,False,False,,
3393,Puiet,344,664,Rode Zag Range: Spirit Tree Sanctum,B,Boss,Ultimate,0,0,4,Earth,False,False,,
3392,Puiet,324,664,Rode Zag Range: Spirit Tree Sanctum,B,Boss,Nightmare,0,0,4,Earth,False,False,,
3391,Puiet,314,664,Rode Zag Range: Spirit Tree Sanctum,B,Boss,Hard,0,0,4,Earth,False,False,,
3390,Puiet,304,664,Rode Zag Range: Spirit Tree Sanctum,B,Boss,Normal,0,0,4,Earth,False,False,,
3389,Puiet,294,664,Rode Zag Range: Spirit Tree Sanctum,B,Boss,Easy,0,0,4,Earth,False,False,,
3388,Goudvis,341,663,Raden Tower: Air Vent Exit,B,Boss,Ultimate,0,0,6,Light,False,False,,
3387,Goudvis,321,663,Raden Tower: Air Vent Exit,B,Boss,Nightmare,0,0,6,Light,False,False,,
3386,Goudvis,311,663,Raden Tower: Air Vent Exit,B,Boss,Hard,0,0,6,Light,False,False,,
3385,Goudvis,301,663,Raden Tower: Air Vent Exit,B,Boss,Normal,0,0,6,Light,False,False,,
3384,Goudvis,291,663,Raden Tower: Air Vent Exit,B,Boss,Easy,0,0,6,Light,False,False,,
3383,Gula,338,662,Raden Tower: Top Floor,B,Boss,Ultimate,0,0,2,Water,False,False,,
3382,Gula,318,662,Raden Tower: Top Floor,B,Boss,Nightmare,0,0,2,Water,False,False,,
3381,Gula,308,662,Raden Tower: Top Floor,B,Boss,Hard,0,0,2,Water,False,False,,
3380,Gula,298,662,Raden Tower: Top Floor,B,Boss,Normal,0,0,2,Water,False,False,,
3379,Gula,288,662,Raden Tower: Top Floor,B,Boss,Easy,0,0,2,Water,False,False,,
3378,Rondine,335,661,Nebbia Coast: Rocky Area,B,Boss,Ultimate,0,0,3,Wind,False,False,,
3377,Rondine,315,661,Nebbia Coast: Rocky Area,B,Boss,Nightmare,0,0,3,Wind,False,False,,
3376,Rondine,305,661,Nebbia Coast: Rocky Area,B,Boss,Hard,0,0,3,Wind,False,False,,
3375,Rondine,295,661,Nebbia Coast: Rocky Area,B,Boss,Normal,0,0,3,Wind,False,False,,
3374,Rondine,285,661,Nebbia Coast: Rocky Area,B,Boss,Easy,0,0,3,Wind,False,False,,
3373,Bakuzan,332,660,Afdal Uplands: Summit,B,Boss,Ultimate,0,0,0,Neutral,False,False,,
3372,Bakuzan,312,660,Afdal Uplands: Summit,B,Boss,Nightmare,0,0,0,Neutral,False,False,,
3371,Bakuzan,302,660,Afdal Uplands: Summit,B,Boss,Hard,0,0,0,Neutral,False,False,,
3370,Bakuzan,292,660,Afdal Uplands: Summit,B,Boss,Normal,0,0,0,Neutral,False,False,,
3369,Bakuzan,282,660,Afdal Uplands: Summit,B,Boss,Easy,0,0,0,Neutral,False,False,,
3368,Ophy,0,659,Avanclain Shrine,B,Boss,Easy,0,0,-1,Unknown,False,True,,
3367,Nemico,285,658,Grazen Tower : Level 1,N,Normal,Normal,-1,821,-1,Unknown,False,False,Update 02/26/26,
3366,Tanti,286,658,Grazen Tower : Level 1,N,Normal,Normal,-1,894,-1,Unknown,False,False,Update 02/26/26,
3365,Grazen Guard,287,658,Grazen Tower : Level 1,N,Normal,Normal,-1,960,-1,Unknown,False,False,Update 02/26/26,
3364,Lavulago,283,656,Grazen Forecourt,N,Normal,Normal,-1,432,4,Earth,False,False,Update 02/26/26,
3363,Baratok,350,657,Grazen Tower : Top Floor,B,Boss,Ultimate,-1,-1,1,Fire,False,False,Update 02/26/26,
3362,Baratok,330,657,Grazen Tower : Top Floor,B,Boss,Nightmare,-1,-1,1,Fire,False,False,Update 02/26/26,
3361,Baratok,320,657,Grazen Tower : Top Floor,B,Boss,Very Hard,-1,-1,1,Fire,False,False,Update 02/26/26,
3360,Baratok,310,657,Grazen Tower : Top Floor,B,Boss,Hard,14000000,-1,1,Fire,False,False,Update 02/26/26,
3359,Baratok,300,657,Grazen Tower : Top Floor,B,Boss,Normal,-1,-1,1,Fire,False,False,Update 02/26/26,
3358,Aralago,338,656,Grazen Forecourt,M,Mini Boss,Normal,-1,-1,1,Fire,False,False,Update 02/26/26,
3357,Mortares,345,655,Izolara Underground Passage : Hidden Passage,B,Boss,Ultimate,-1,-1,4,Earth,False,False,Update 02/26/26,
3356,Mortares,325,655,Izolara Underground Passage : Hidden Passage,B,Boss,Very Hard,-1,-1,4,Earth,False,False,Update 02/26/26,
3355,Mortares,315,655,Izolara Underground Passage : Hidden Passage,B,Boss,Hard,-1,-1,4,Earth,False,False,Update 02/26/26,
3354,Mortares,305,655,Izolara Underground Passage : Hidden Passage,B,Boss,Normal,-1,-1,4,Earth,False,False,Update 02/26/26,
3353,Chefiluro,242,654,Dycan Lake Swamp,M,Mini Boss,Normal,-1,-1,1,Fire,True,True,White Day 2026,White Day 2026 event tameable monster.
3352,Creem,241,654,Dycan Lake Swamp,M,Mini Boss,Normal,-1,-1,2,Water,True,True,White Day 2026,White Day 2026 event tameable monster.
3351,Yuran,240,654,Dycan Lake Swamp,M,Mini Boss,Normal,-1,-1,4,Earth,True,True,White Day 2026,White Day 2026 event tameable monster.
3350,Mycodian,300,653,Ancient Exhibition Grounds,B,Boss,Very Hard,-1,-1,4,Earth,False,True,White Day 2026,White Day 2026 event boss.
3349,Mycodian,270,653,Ancient Exhibition Grounds,B,Boss,Hard,-1,-1,4,Earth,False,True,White Day 2026,White Day 2026 event boss.
3348,Mycodian,240,653,Ancient Exhibition Grounds,B,Boss,Normal,-1,-1,4,Earth,False,True,White Day 2026,White Day 2026 event boss.
3347,Breeta (Very Hard),280,643,Day Sakura Garden,B,Boss,Very Hard,20000000,82000,5,Dark,False,False,,
3346,Breeta (Hard),260,643,Day Sakura Garden,B,Boss,Hard,13200000,51480,5,Dark,False,False,,
3345,Breeta (Normal),240,643,Day Sakura Garden,B,Boss,Normal,8860000,35900,5,Dark,False,False,,
3344,Breeta (Easy),220,643,Day Sakura Garden,B,Boss,Easy,5580000,23200,5,Dark,False,False,,
3343,Ivy,222,642,Day Sakura Garden: Mountains,N,Normal,Normal,27090,701,4,Earth,False,False,,
3342,Spiraz,221,642,Day Sakura Garden: Mountains,N,Normal,Spiraz,30980,497,3,Wind,False,False,,
3341,Malum,220,642,Day Sakura Garden: Mountains,N,Normal,Normal,22500,352,4,Earth,False,False,,
3340,Crow Destroyer,202,641,Madeleine Plains,N,Normal,,26000,427,1,Fire,True,True,,
3339,Maple Fox,201,641,Madeleine Plains,N,Normal,,22250,270,1,Fire,True,True,,
3338,Floral Bee,200,641,Madeleine Plains,N,Normal,,17000,270,3,Wind,True,True,,
3337,Cream Alpoca,222,640,Anglaise Forest,N,Normal,,27100,856,4,Earth,False,False,,
3336,Honey Insector,221,640,Anglaise Forest,N,Normal,,22700,710,4,Earth,False,False,,
3335,Vebee,220,640,Anglaise Forest,N,Normal,,20500,633,6,Light,False,False,,
3334,Goblin Zucotto (Coffee),310,640,Anglaise Forest,B,Boss,Coffee,29600000,109700,5,Dark,False,False,,
3333,Goblin Zucotto (Choco),280,640,Anglaise Forest,B,Boss,Choco,17240020,64370,5,Dark,False,False,,
3332,Goblin Zucotto (Cocoa),250,640,Anglaise Forest,B,Boss,Cocoa,10880000,43337,5,Dark,False,False,,
3331,Goblin Zucotto (Plain),220,640,Anglaise Forest,B,Boss,Plain,6390000,27100,5,Dark,False,False,,
3330,Gegner,400,639,Tower of Clamor: Rooftop,B,Boss,???,200000000,120000,5,Dark,False,False,,
3329,Gegner,270,639,Tower of Clamor: Rooftop,B,Boss,Very Hard,26000000,79200,5,Dark,False,False,,
3328,Gegner,250,639,Tower of Clamor: Rooftop,B,Boss,Hard,11000000,46250,5,Dark,False,False,,
3327,Gegner,230,639,Tower of Clamor: Rooftop,B,Boss,Normal,7300000,31770,5,Dark,False,False,,
3326,Gegner,210,639,Tower of Clamor: Rooftop,B,Boss,Easy,4440000,20000,5,Dark,False,False,,
3325,Diark,270,634,Tower of Clamor: Area 3 (230-234),M,Mini Boss,,-1,63800,5,Dark,False,False,,
3324,Corey,234,634,Tower of Clamor: Area 3 (230-234),N,Normal,Normal,60140,938,5,Dark,True,False,,
3323,Corey,233,633,Tower of Clamor: Area 2 (230-234),N,Normal,Normal,59630,931,5,Dark,True,False,,
3322,Corey,232,632,Tower of Clamor: Area 1 (230-234),N,Normal,Normal,59120,924,5,Dark,True,False,,
3321,Mikrodia,232,634,Tower of Clamor: Area 3 (230-234),N,Normal,Normal,45480,693,5,Dark,True,False,,
3320,Mikrodia,231,633,Tower of Clamor: Area 2 (230-234),N,Normal,Normal,45090,688,5,Dark,True,False,,
3319,Mikrodia,230,632,Tower of Clamor: Area 1 (230-234),N,Normal,Normal,44700,684,5,Dark,True,False,,
3318,Galactopi,233,634,Tower of Clamor: Area 3 (230-234),N,Normal,Normal,68220,1086,5,Dark,True,False,,
3317,Galactopi,232,633,Tower of Clamor: Area 2 (230-234),N,Normal,Normal,68220,1078,5,Dark,True,False,,
3316,Galactopi,231,632,Tower of Clamor: Area 1 (230-234),N,Normal,Normal,67630,1070,5,Dark,True,False,,
3315,Mikrodia,192,631,Tower of Clamor: Area 3 (210-214),N,Normal,Normal,38040,596,5,Dark,True,False,,
3314,Mikrodia,191,630,Tower of Clamor: Area 2 (210-214),N,Normal,Normal,37680,590,5,Dark,True,False,,
3313,Mikrodia,190,629,Tower of Clamor: Area 1 (210-214),N,Normal,Normal,37330,587,5,Dark,True,False,,
3312,Galactopi,213,631,Tower of Clamor: Area 3 (210-214),N,Normal,Normal,57590,932,5,Dark,True,False,,
3311,Galactopi,212,630,Tower of Clamor: Area 2 (210-214),N,Normal,Normal,57060,927,5,Dark,True,False,,
3310,Galactopi,211,629,Tower of Clamor: Area 1 (210-214),N,Normal,Normal,56530,918,5,Dark,True,False,,
3309,Corey,214,631,Tower of Clamor: Area 3 (210-214),N,Normal,Normal,50380,806,5,Dark,True,False,,
3308,Corey,213,630,Tower of Clamor: Area 2 (210-214),N,Normal,Normal,49910,799,5,Dark,True,False,,
3307,Corey,212,629,Tower of Clamor: Area 1 (210-214),N,Normal,Normal,49450,794,5,Dark,True,False,,
3306,Corey,194,628,Tower of Clamor: Area 3 (190-194),N,Normal,Normal,41490,684,5,Dark,True,False,,
3305,Galactopi,193,628,Tower of Clamor: Area 3 (190-194),N,Normal,Normal,47380,792,5,Dark,True,False,,
3304,Mikrodia,192,628,Tower of Clamor: Area 3 (190-194),N,Normal,Normal,31260,504,5,Dark,True,False,,
3303,Corey,193,627,Tower of Clamor: Area 2 (190-194),N,Normal,Normal,41060,679,5,Dark,True,False,,
3302,Galactopi,192,627,Tower of Clamor: Area 2 (190-194),N,Normal,Normal,46900,784,5,Dark,True,False,,
3301,Mikrodia,191,627,Tower of Clamor: Area 2 (190-194),N,Normal,Normal,30940,500,5,Dark,True,False,,
3300,Corey,192,626,Tower of Clamor: Area 1 (190-194),N,Normal,Normal,40640,672,5,Dark,True,False,,
3299,Galactopi,191,626,Tower of Clamor: Area 1 (190-194),N,Normal,Normal,46420,672,5,Dark,True,False,,
3298,Mikrodia,190,626,Tower of Clamor: Area 1 (190-194),N,Normal,Normal,30620,497,5,Dark,True,False,,
3297,Biskyva,323,624,Aquastida Central,B,Boss,Ultimate,93920000,357720,2,Water,False,False,,
3296,Biskyva,303,624,Aquastida Central,B,Boss,Nightmare,46960000,178860,2,Water,False,False,,
3295,Biskyva,293,624,Aquastida Central,B,Boss,Hard,18784000,71544,2,Water,False,False,,
3294,Biskyva,283,624,Aquastida Central,B,Boss,Normal,9392000,35772,2,Water,False,False,,
3293,Biskyva,273,624,Aquastida Central,B,Boss,Easy,939200,3577,2,Water,False,False,,
3292,Meduso,311,623,Aquastida Inner Ward,M,Mini Boss,Normal,-1,84508,2,Water,False,False,,
3291,Hydro,262,623,Aquastida Inner Ward,N,Normal,Normal,60800,901,2,Water,False,False,,
3290,Povidone,260,623,Aquastida Inner Ward,N,Normal,Normal,68400,1030,2,Water,False,False,,
3289,Selachi,261,623,Aquastida Inner Ward,N,Normal,Normal,63200,942,2,Water,False,False,,
3288,Hydro,261,622,Aquastida Corridor,N,Normal,Normal,60300,895,2,Water,False,False,,
3287,Povidone,259,622,Aquastida Corridor,N,Normal,Normal,67900,1023,2,Water,False,False,,
3286,Selachi,260,622,Aquastida Corridor,N,Normal,Normal,60300,895,2,Water,False,False,,
3285,Hydro,260,621,Aquastida Entrance,N,Normal,Normal,59900,889,2,Water,False,False,,
3284,Povidone,258,621,Aquastida Entrance,N,Normal,Normal,67400,1016,2,Water,False,False,,
3283,Selachi,259,621,Aquastida Entrance,N,Normal,Normal,62200,930,2,Water,False,False,,
3282,Flying Tentacle,254,620,Latum Wetlands,N,Normal,Normal,27200,405,2,Water,False,False,,
3281,Crestollar,256,620,Latum Wetlands,N,Normal,Normal,30400,447,2,Water,False,False,,
3280,Crestollar,253,620,Latum Wetlands,N,Normal,Normal,28400,447,2,Water,False,False,,
3279,Romyzon,255,620,Latum Wetlands,N,Normal,Easy,28800,430,2,Water,False,False,,
3278,Romyzon,252,620,Latum Wetlands,N,Normal,Normal,28100,422,2,Water,False,False,,
3276,Viridian Butterfly Treasure Box,0,88,-,N,Normal,Normal,0,0,0,Neutral,False,True,,
3275,Castilia,310,404,High Difficulty Boss Battle Event Venue,B,Boss,,-1,-1,0,Neutral,False,True,,
3274,Etoise,290,404,High Difficulty Boss Battle Event Venue,B,Boss,Normal,-1,-1,5,Dark,False,True,,
3273,Etoise,280,404,High Difficulty Boss Battle Event Venue,B,Boss,Normal,-1,-1,5,Dark,False,True,,
3272,Etoise,275,404,High Difficulty Boss Battle Event Venue,B,Boss,Normal,-1,-1,5,Dark,False,True,,
3271,Dandolion,308,619,Umidus Valley: Cliff Path,M,Mini Boss,,0,83000,2,Water,False,False,,
3270,Coofer,257,619,Umidus Valley: Cliff Path,N,Normal,Normal,55700,826,0,Neutral,False,False,,
3269,Brakz,258,619,Umidus Valley: Cliff Path,N,Normal,Normal,62200,930,4,Earth,False,False,,
3268,Raptar,259,619,Umidus Valley: Cliff Path,N,Normal,Normal,61800,924,6,Light,False,False,,
3262,Coofer,256,617,Umidus Valley: Area 2,N,Normal,Normal,55300,821,0,Neutral,False,False,,
3261,Brakz,258,617,Umidus Valley: Area 2,N,Normal,Normal,61800,924,4,Earth,False,False,,
3260,Raptar,257,617,Umidus Valley: Area 2,N,Normal,Normal,61300,918,6,Light,False,False,,
3259,Coofer,255,616,Umidus Valley: Area 1,N,Normal,Normal,54900,815,2,Water,False,False,,
3258,Brakz,257,616,Umidus Valley: Area 1,N,Normal,Normal,61300,918,4,Earth,False,False,,
3257,Raptar,256,616,Umidus Valley: Area 1,N,Normal,Normal,60800,912,6,Light,False,False,,
3256,Pojo,249,602,Siccus Plains,N,Normal,Normal,26200,392,3,Wind,False,False,,
3255,Rosalia,250,602,Siccus Plains,N,Normal,Normal,29000,438,1,Fire,False,False,,
3254,Rosalia,252,602,Siccus Plains,N,Normal,Normal,29500,444,1,Fire,False,False,,
3253,Nygana,253,602,Siccus Plains,N,Normal,Normal,32400,492,3,Wind,False,False,,
3252,Nygana,251,602,Siccus Plains,N,Normal,Normal,31900,485,3,Wind,False,False,,
3251,Jacky,0,611,Deusania's Lab,C,NPC,Easy,0,0,0,Neutral,False,False,,
3250,Spectern,226,611,Deusania's Lab,N,Normal,Easy,47500,660,1,Fire,False,False,,
3249,Momia,225,611,Deusania's Lab,N,Normal,Easy,55640,805,5,Dark,False,False,,
3248,Wandead,227,611,Deusania's Lab,N,Normal,Easy,20665,965,4,Earth,False,False,,
3247,Kuffa,182,548,Risus Valley: Area 3,N,Normal,Normal,28130,411,3,Wind,False,False,,
3246,Hallorant,179,546,Risus Valley: Area 1,N,Normal,Normal,24500,350,4,Earth,False,False,,
3245,Kuffa,180,546,Risus Valley: Area 1,N,Normal,Normal,27520,403,3,Wind,False,False,,
3244,Calabari,178,546,Risus Valley: Area 1,N,Normal,Normal,32300,494,4,Earth,False,False,,
3243,Bemoz,300,613,Deusania's Lab Innermost Chambers ,B,Boss,Very Hard,100000000,151800,4,Earth,False,False,,
3242,Bemoz,275,613,Deusania's Lab Innermost Chambers ,B,Boss,Hard,30000000,62440,4,Earth,False,False,,
3241,Bemoz,250,613,Deusania's Lab Innermost Chambers ,B,Boss,Normal,20000000,43360,4,Earth,False,False,,
3240,Bemoz,225,613,Deusania's Lab Innermost Chambers ,B,Boss,Easy,8800000,28180,4,Earth,False,False,,
3239,Brekz,239,580,Pipeline Corridor,N,Normal,Normal,0,352,4,Earth,False,False,,
3238,Trast,240,580,Pipeline Corridor,N,Normal,Normal,0,289,2,Water,False,False,,
3237,Neeburn,238,580,Pipeline Corridor,N,Normal,Normal,0,251,2,Water,False,False,,
3231,Terratulin,254,600,Eumano Village Ruins: Area 3,N,Normal,Easy,0,81,4,Earth,False,False,,
3230,Borior,255,600,Eumano Village Ruins: Area 3,N,Normal,Normal,0,90,4,Earth,False,False,,
3229,Corroded Eumano,256,600,Eumano Village Ruins: Area 3,N,Normal,Easy,0,118,5,Dark,False,False,,
3228,Wiltileaf,305,599,Eumano Village Ruins: Area 2,M,Mini Boss,Easy,0,6538,1,Fire,False,False,,
3227,Terratulin,253,599,Eumano Village Ruins: Area 2,N,Normal,Easy,0,80,4,Earth,False,False,,
3226,Borior,254,599,Eumano Village Ruins: Area 2,N,Normal,Easy,0,90,4,Earth,False,False,,
3225,Corroded Eumano,255,599,Eumano Village Ruins: Area 2,N,Normal,Easy,0,117,5,Dark,False,False,,
3224,Terratulin,252,598,Eumano Village Ruins: Area 1,N,Normal,Normal,0,79,4,Earth,False,False,,
3223,Borior,253,598,Eumano Village Ruins: Area 1,N,Normal,Easy,0,89,4,Earth,False,False,,
3222,Corroded Eumano,254,598,Eumano Village Ruins: Area 1,N,Normal,Normal,0,117,5,Dark,False,False,,
3221,Venofly,246,593,Perdida Wasteland,N,Normal,Normal,0,268,2,Water,False,False,,
3220,Lileaf,247,593,Perdida Wasteland,N,Normal,Normal,0,308,2,Water,False,False,,
3219,Lileaf,249,593,Perdida Wasteland,N,Normal,Normal,0,330,2,Water,False,False,,
3218,Magmanus,250,593,Perdida Wasteland,N,Normal,Normal,0,375,4,Earth,False,False,,
3217,Magmanus,248,593,Perdida Wasteland,N,Normal,Normal,0,351,4,Earth,False,False,,
3216,Wanaki,0,478,Draco Town,C,NPC,Easy,0,0,0,Neutral,False,False,,
3215,Magu,0,478,Draco Town,C,NPC,Easy,0,0,0,Neutral,False,False,,
3214,Synthesist: Dumba,0,478,Draco Town,C,NPC,Easy,0,0,0,Neutral,False,False,,
3213,Blacksmith: Mufanza,0,478,Draco Town,C,NPC,Normal,0,0,0,Neutral,False,False,,
3212,General Store: Kifa,0,478,Draco Town,C,NPC,Normal,0,0,0,Neutral,False,False,,
3211,Orchis,243,592,Menabra Plains,N,Normal,Normal,0,37,2,Water,False,False,,
3205,Orchis,243,592,Menabra Plains,N,Normal,Easy,0,304,2,Water,False,False,,
3204,Mesoside,245,592,Menabra Plains,N,Normal,Normal,0,399,1,Fire,False,False,,
3203,Delphi,244,592,Menabra Plains,N,Normal,Normal,0,317,4,Earth,False,False,,
3202,Delphi,246,592,Menabra Plains,N,Normal,Normal,0,337,4,Earth,False,False,,
3201,Meteora,302,592,Menabra Plains,M,Mini Boss,Easy,0,74656,1,Fire,False,False,,
3200,Mesoside,247,592,Menabra Plains,N,Normal,Normal,0,47,1,Fire,False,False,,
3199,Sunken Treasure,0,88,-,N,Normal,Normal,0,0,0,Neutral,False,False,,
3198,Sunken Treasure,0,88,-,,,Easy,0,0,0,Neutral,False,False,,
3197,Water City Jewel Box,0,88,-,N,Normal,Normal,0,0,0,Neutral,False,False,,
3196,Torexesa,309,591,Aquacity: Parliament Hall,B,Boss,Ultimate,100000000,415000,5,Dark,False,False,,
3195,Torexesa,289,591,Aquacity: Parliament Hall,B,Boss,Nightmare,50000000,207500,5,Dark,False,False,,
3194,Torexesa,279,591,Aquacity: Parliament Hall,B,Boss,Hard,20000000,83000,5,Dark,False,False,,
3193,Torexesa,259,591,Aquacity: Parliament Hall,B,Boss,Easy,1000000,4150,5,Dark,False,False,,
3192,Helicina,247,575,Deep Sea: Zone 3,N,Normal,Normal,0,703,1,Fire,False,False,,
3191,Coelacans,246,575,Deep Sea: Zone 3,N,Normal,Normal,0,647,1,Fire,False,False,,
3190,Spirulida,245,575,Deep Sea: Zone 3,N,Normal,Normal,0,659,1,Fire,False,False,,
3189,Coelacans,245,574,Deep Sea: Zone 2,N,Normal,Normal,0,627,1,Fire,False,False,,
3188,Spirulida,244,574,Deep Sea: Zone 2,N,Normal,Normal,0,638,1,Fire,False,False,,
3187,Helicina,246,574,Deep Sea: Zone 2,N,Normal,Normal,0,676,1,Fire,False,False,,
3186,Helicina,245,573,Deep Sea: Zone 1,N,Normal,Normal,0,659,1,Fire,False,False,,
3185,Fladorga,249,583,Little Shrine of Grace: Area 3,N,Normal,Normal,0,748,4,Earth,False,False,,
3184,Swanaga,250,583,Little Shrine of Grace: Area 3,N,Normal,Normal,0,847,0,Neutral,False,False,,
3183,Apapat,248,583,Little Shrine of Grace: Area 3,N,Normal,Normal,0,652,0,Neutral,False,False,,
3182,Swanaga,249,582,Little Shrine of Grace: Area 2,N,Normal,Normal,0,823,0,Neutral,False,False,,
3181,Apapat,247,582,Little Shrine of Grace: Area 2,N,Normal,Normal,0,663,0,Neutral,False,False,,
3180,Fladorga,248,582,Little Shrine of Grace: Area 2,N,Normal,Normal,0,725,4,Earth,False,False,,
3179,Doridi,244,585,Carretera Mar,N,Normal,Normal,0,293,2,Water,False,False,,
3178,Pterois,242,585,Carretera Mar,N,Normal,Normal,0,268,5,Dark,False,False,,
3177,Holocan,240,585,Carretera Mar,N,Normal,Normal,0,240,2,Water,False,False,,
3176,Holocan,243,585,Carretera Mar,N,Normal,Normal,0,271,2,Water,False,False,,
3175,Sea Puffer,251,587,Marinatown: Area 1,N,Normal,Normal,0,698,2,Water,False,False,,
3174,Corroded Councilor,250,587,Marinatown: Area 1,N,Normal,Normal,0,693,2,Water,False,False,,
3173,Corroded Rana,249,587,Marinatown: Area 1,N,Normal,Normal,0,673,2,Water,False,False,,
3172,Doridodi,296,588,Marinatown: Area 2,B,Boss,Ultimate,0,74130,2,Water,False,False,,
3171,Sea Puffer,252,588,Marinatown: Area 2,N,Normal,Normal,0,710,2,Water,False,False,,
3170,Corroded Rana,250,588,Marinatown: Area 2,N,Normal,Normal,0,693,2,Water,False,False,,
3169,Corroded Councilor,251,588,Marinatown: Area 2,N,Normal,Normal,0,714,2,Water,False,False,,
3168,Sea Puffer,253,589,Marinatown: Area 3,N,Normal,Normal,0,724,2,Water,False,False,,
3167,Corroded Rana,251,589,Marinatown: Area 3,N,Normal,Normal,0,714,2,Water,False,False,,
3166,Corroded Councilor,252,589,Marinatown: Area 3,N,Normal,Normal,0,727,2,Water,False,False,,
3165,Humida,311,590,Marinatown: Giant Plastida,B,Boss,Ultimate,90000000,343000,2,Water,False,False,,
3164,Humida,291,590,Marinatown: Giant Plastida,B,Boss,Nightmare,45000000,171500,0,Neutral,False,False,,
3163,Humida,281,590,Marinatown: Giant Plastida,B,Boss,Hard,18000000,68600,2,Water,False,False,,
3162,Humida,261,590,Marinatown: Giant Plastida,B,Boss,Easy,900000,3430,2,Water,False,False,,
3161,Spirulida,243,573,Deep Sea: Zone 1,N,Normal,Normal,0,700,1,Fire,False,False,,
3160,Frilled Shark Potum,243,573,Deep Sea: Zone 1,N,Normal,Normal,0,630,2,Water,False,False,,
3159,Coelacans,244,573,Deep Sea: Zone 1,N,Normal,Normal,0,686,1,Fire,False,False,,
3158,Spumae,237,572,Path to the Deep Sea,N,Normal,Normal,0,246,-1,Unknown,False,False,,
3157,Corroded Starfish,234,572,Path to the Deep Sea,N,Normal,Normal,0,225,-1,Unknown,False,False,,
3156,Fangs,236,572,Path to the Deep Sea,N,Normal,Normal,0,249,-1,Unknown,False,False,,
3155,Vatudo,305,576,Deep Sea: Deepest Zone,B,Boss,Ultimate,74600000,298000,5,Dark,False,False,,
3154,Vatudo,285,576,Deep Sea: Deepest Zone,B,Boss,Nightmare,37300000,149000,5,Dark,False,False,,
3153,Vatudo,275,576,Deep Sea: Deepest Zone,B,Boss,Hard,14920000,59600,5,Dark,False,False,,
3152,Vatudo,255,576,Deep Sea: Deepest Zone,B,Boss,Easy,746000,2980,5,Dark,False,False,,
3147,Bangrudom (Plain),200,511,El Scaro: Back Alley,B,Boss,Normal,5000000,22600,4,Earth,False,False,,
3146,Bangrudom (Cocoa),230,511,El Scaro: Back Alley,B,Boss,Hard,8880000,37620,4,Earth,False,False,,
3145,Bangrudom (Choco),260,511,El Scaro: Back Alley,B,Boss,Nightmare,14400000,56600,4,Earth,False,False,,
3143,Bangrudom (Coffee),290,511,El Scaro: Back Alley,B,Boss,Ultimate,26600000,99600,4,Earth,False,False,,
3142,Raging Dragon Bovinari,308,584,Little Shrine of Grace Sanctuary,B,Boss,Ultimate,84000000,336000,3,Wind,False,False,,
3141,Raging Dragon Bovinari,288,584,Little Shrine of Grace Sanctuary,B,Boss,Nightmare,42000000,168000,3,Wind,False,False,,
3140,Raging Dragon Bovinari,278,584,Little Shrine of Grace Sanctuary,B,Boss,Hard,16800000,67200,3,Wind,False,False,,
3139,Raging Dragon Bovinari,258,584,Little Shrine of Grace Sanctuary,B,Boss,Easy,840000,3360,3,Wind,False,False,,
3138,Jiva,293,582,Little Shrine of Grace: Area 2,N,Normal,Normal,0,58291,1,Fire,False,False,,
3137,Fladorga,247,581,Little Shrine of Grace: Area 1,N,Normal,Normal,0,772,4,Earth,False,False,,
3136,Swanaga,248,581,Little Shrine of Grace: Area 1,N,Normal,Normal,0,864,0,Neutral,False,False,,
3135,Apapat,246,581,Little Shrine of Grace: Area 1,N,Normal,Normal,0,674,0,Neutral,False,False,,
3134,Trast,238,580,Pipeline Corridor,N,Normal,Normal,0,289,2,Water,False,False,,
3133,Brekz,241,580,Pipeline Corridor,N,Normal,Normal,0,352,4,Earth,False,False,,
3132,Neeburn,237,580,Pipeline Corridor,N,Normal,Normal,0,251,2,Water,False,False,,
3131,Limacina,290,574,Deep Sea: Zone 2,M,Mini Boss,Ultimate,0,71600,1,Fire,False,False,,
3128,Don Profundo,302,554,Abandoned District: Ruins Summit,B,Boss,Ultimate,68000000,260000,2,Water,False,False,,
3127,Don Profundo,282,554,Abandoned District: Ruins Summit,B,Boss,Nightmare,34000000,130000,2,Water,False,False,,
3126,Don Profundo,272,554,Abandoned District: Ruins Summit,B,Boss,Hard,13600000,52000,2,Water,False,False,,
3125,Don Profundo,262,554,Abandoned District: Ruins Summit,B,Boss,Normal,6800000,26000,2,Water,False,False,,
3124,Don Profundo,252,554,Abandoned District: Ruins Summit,B,Boss,Easy,680000,2600,2,Water,False,False,,
3123,Capo Profundo,287,553,Abandoned District: Area 3,M,Mini Boss,Normal,15800000,60500,2,Water,False,False,,
3122,Profundo,244,553,Abandoned District: Area 3,N,Normal,Normal,-1,840,2,Water,False,False,,
3121,Actilunia,243,553,Abandoned District: Area 3,N,Normal,Normal,-1,751,2,Water,False,False,,
3120,Profundo,242,553,Abandoned District: Area 3,N,Normal,Normal,-1,828,2,Water,False,False,,
3119,Actilunia,243,552,Abandoned District: Area 2,N,Normal,Normal,-1,751,2,Water,False,False,,
3118,Anglerfish,242,552,Abandoned District: Area 2,N,Normal,Normal,-1,745,2,Water,False,False,,
3117,Actilunia,242,552,Abandoned District: Area 2,N,Normal,Normal,-1,745,2,Water,False,False,,
3116,Anglerfish,241,552,Abandoned District: Area 2,N,Normal,Normal,-1,740,2,Water,False,False,,
3115,Profundo,242,551,Abandoned District: Area 1,N,Normal,Normal,-1,828,2,Water,False,False,,
3114,Actilunia,241,551,Abandoned District: Area 1,N,Normal,Normal,-1,740,2,Water,False,False,,
3113,Anglerfish,240,551,Abandoned District: Area 1,N,Normal,Normal,-1,734,2,Water,False,False,,
3112,Maringer,235,550,Seabed,N,Normal,Normal,-1,335,2,Water,False,False,,
3111,Anchorsea,234,550,Seabed,N,Normal,Normal,-1,371,2,Water,False,False,,
3110,Maringer,233,550,Seabed,N,Normal,Normal,-1,330,2,Water,False,False,,
3109,Anchorsea,232,550,Seabed,N,Normal,Normal,-1,366,2,Water,False,False,,
3108,Naticlaw,231,550,Seabed,N,Normal,Normal,-1,344,2,Water,False,False,,
3107,Vintage Iron Box,0,88,-,N,Normal,Normal,0,0,0,Neutral,False,True,,
3106,Altadar,290,404,High Difficulty Boss Battle Event Venue,B,Boss,Normal,-1,-1,3,Wind,False,False,,
3105,Eripmav (Very Hard),275,549,Risus Valley: Depths,B,Boss,Normal,30000000,120000,5,Dark,False,True,,
3104,Eripmav (Hard),250,549,Risus Valley: Depths,B,Boss,Normal,11000000,43400,5,Dark,False,True,,
3103,Eripmav (Normal),225,549,Risus Valley: Depths,B,Boss,Normal,7000000,28200,5,Dark,False,True,,
3102,Eripmav (Easy),200,549,Risus Valley: Depths,B,Boss,Normal,4000000,16500,5,Dark,False,True,,
3101,Hallorant,181,548,Risus Valley: Area 3,N,Normal,Normal,25040,350,4,Earth,False,True,,
3100,Calabari,180,548,Risus Valley: Area 3,N,Normal,Normal,33020,500,4,Earth,False,True,,
3099,Kuffania,250,547,Risus Valley: Area 2,M,Mini Boss,Normal,-1,55900,5,Dark,False,True,,
3098,Kuffa,181,547,Risus Valley: Area 2,N,Normal,Normal,27820,406,3,Wind,False,True,,
3097,Red Ash Dragon Rudis,299,544,Espuma Dome: Entrance,B,Boss,Ultimate,63000000,246000,4,Earth,False,False,,
3096,Red Ash Dragon Rudis,279,544,Espuma Dome: Entrance,B,Boss,Nightmare,31500000,123000,4,Earth,False,False,,
3095,Red Ash Dragon Rudis,269,544,Espuma Dome: Entrance,B,Boss,Hard,12600000,49200,4,Earth,False,False,,
3094,Red Ash Dragon Rudis,259,544,Espuma Dome: Entrance,B,Boss,Normal,6300000,24600,4,Earth,False,False,,
3093,Red Ash Dragon Rudis,249,544,Espuma Dome: Entrance,B,Boss,Easy,630000,2460,4,Earth,False,False,,
3092,Famarin,241,543,Espuma Dome: Area 3,N,Normal,Normal,-1,904,2,Water,False,False,,
3091,Madrago,240,543,Espuma Dome: Area 3,N,Normal,Normal,-1,816,2,Water,False,False,,
3090,Gronio,239,543,Espuma Dome: Area 3,N,Normal,Normal,-1,729,2,Water,False,False,,
3089,Fantica,284,542,Espuma Dome: Area 2,M,Mini Boss,Normal,14777385,55153,2,Water,False,False,,
3088,Famarin,240,542,Espuma Dome: Area 2,N,Normal,Normal,-1,897,2,Water,False,False,,
3087,Madrago,239,542,Espuma Dome: Area 2,N,Normal,Normal,-1,810,2,Water,False,False,,
3086,Gronio,238,542,Espuma Dome: Area 2,N,Normal,Normal,-1,723,2,Water,False,False,,
3085,Famarin,239,541,Espuma Dome: Area 1,N,Normal,Normal,-1,891,2,Water,False,False,,
3084,Madrago,238,541,Espuma Dome: Area 1,N,Normal,Normal,-1,804,2,Water,False,False,,
3083,Gronio,237,541,Espuma Dome: Area 1,N,Normal,Normal,-1,718,2,Water,False,False,,
3082,Bafficat,232,540,Subma Cave,N,Normal,Normal,-1,423,2,Water,False,False,,
3081,Forbigosta,231,540,Subma Cave,N,Normal,Normal,-1,382,2,Water,False,False,,
3080,Alipipi,230,540,Subma Cave,N,Normal,Normal,-1,342,3,Wind,False,False,,
3079,Forbigosta,229,540,Subma Cave,N,Normal,Normal,-1,377,2,Water,False,False,,
3078,Alipipi,228,540,Subma Cave,N,Normal,Normal,-1,336,3,Wind,False,False,,
3077,Aubergine Dragon Auvio,275,7,Rakau Plains,B,Boss,Ultimate,74000000,330000,4,Earth,False,True,,
3076,Aubergine Dragon Auvio,255,7,Rakau Plains,B,Boss,Nightmare,37000000,165000,4,Earth,False,True,,
3075,Aubergine Dragon Auvio,245,7,Rakau Plains,B,Boss,Hard,14800000,66000,4,Earth,False,True,,
3074,Aubergine Dragon Auvio,235,7,Rakau Plains,B,Boss,Normal,7400000,33000,4,Earth,False,True,,
3073,Sea Ghost Wooden Box,0,88,-,N,Normal,Normal,0,0,0,Neutral,False,True,,
3072,Falburrows (High Difficulty),295,539,Saltau's Beach (Night),B,Boss,Ultimate,136000000,550000,5,Dark,False,True,,
3071,Falburrows (High Difficulty),275,539,Saltau's Beach (Night),B,Boss,Nightmare,68000000,275000,5,Dark,False,True,,
3070,Falburrows (High Difficulty),265,539,Saltau's Beach (Night),B,Boss,Hard,27200000,110000,5,Dark,False,True,,
3069,Falburrows (High Difficulty),255,539,Saltau's Beach (Night),B,Boss,Normal,13600000,55000,5,Dark,False,True,,
3068,Falburrows (High Difficulty),245,539,Saltau's Beach (Night),B,Boss,Easy,1360000,5500,5,Dark,False,True,,
3067,Megiston (8th Anniv),325,538,Anniversary Arena: 8th Venue,B,Boss,Ultimate,370000000,3000000,1,Fire,False,True,,
3066,Megiston (8th Anniv),305,538,Anniversary Arena: 8th Venue,B,Boss,Nightmare,185000000,1500000,1,Fire,False,True,,
3065,Megiston (8th Anniv),295,538,Anniversary Arena: 8th Venue,B,Boss,Hard,74000000,600000,1,Fire,False,True,,
3064,Megiston (8th Anniv),285,538,Anniversary Arena: 8th Venue,B,Boss,Normal,37000000,300000,1,Fire,False,True,,
3063,Falburrows,255,539,Saltau's Beach (Night),B,Boss,Ultimate,74800000,335600,5,Dark,False,True,,
3062,Falburrows,235,539,Saltau's Beach (Night),B,Boss,Nightmare,37400000,167800,5,Dark,False,True,,
3061,Falburrows,225,539,Saltau's Beach (Night),B,Boss,Hard,14960000,67120,5,Dark,False,True,,
3060,Falburrows,215,539,Saltau's Beach (Night),B,Boss,Normal,7480000,33560,5,Dark,False,True,,
3059,Falburrows,205,539,Saltau's Beach (Night),B,Boss,Easy,748000,3356,5,Dark,False,True,,
3058,Felios,201,539,Saltau's Beach (Night),N,Normal,Normal,-1,330,2,Water,False,True,,
3057,Turncoon,200,539,Saltau's Beach (Night),N,Normal,Normal,-1,390,2,Water,False,True,,
3056,Anniv Equipment Box VII,0,88,-,N,Normal,Normal,0,0,0,Neutral,False,True,,
3055,Anniv Equipment Box VI,0,88,-,N,Normal,Normal,0,0,0,Neutral,False,True,,
3054,Anniv Equipment Box V,0,88,-,N,Normal,Normal,0,0,0,Neutral,False,True,,
3053,Anniv Equipment Box IV,0,88,-,N,Normal,Normal,0,0,0,Neutral,False,True,,
3052,Anniv Equipment Box III,0,88,-,N,Normal,Normal,0,0,0,Neutral,False,True,,
3051,Anniv Equipment Box II,0,88,-,N,Normal,Normal,0,0,0,Neutral,False,True,,
3050,Anniv Equipment Box I,0,88,-,N,Normal,Normal,0,0,0,Neutral,False,True,,
3049,EX Prize Exchange (8th Anniv),0,538,Anniversary Arena: 8th Venue,N,Normal,Normal,0,0,0,Neutral,False,True,,
3048,EX Arena Entry (8th Anniv),0,538,Anniversary Arena: 8th Venue,N,Normal,Normal,-1,-1,-1,Unknown,False,True,,
3047,Arena Lv260 Entry (8th Anniv),0,538,Anniversary Arena: 8th Venue,N,Normal,Normal,-1,-1,-1,Unknown,False,True,,
3046,Arena Lv250 Entry (8th Anniv),0,538,Anniversary Arena: 8th Venue,N,Normal,Normal,-1,-1,-1,Unknown,False,True,,
3045,Zapo,296,537,Puerta Islands: Adit,B,Boss,Ultimate,57000000,221000,2,Water,False,False,,
3044,Zapo,276,537,Puerta Islands: Adit,B,Boss,Nightmare,28500000,110500,2,Water,False,False,,
3043,Zapo,266,537,Puerta Islands: Adit,B,Boss,Hard,11400000,44200,2,Water,False,False,,
3042,Zapo,256,537,Puerta Islands: Adit,B,Boss,Normal,5700000,22100,2,Water,False,False,,
3041,Zapo,246,537,Puerta Islands: Adit,B,Boss,Easy,570000,2210,2,Water,False,False,,
3040,Voda,238,536,Puerta Islands: Area 3,N,Normal,Normal,71760,1126,2,Water,False,False,,
3039,Dakinia,237,536,Puerta Islands: Area 3,N,Normal,Normal,61674,958,3,Wind,False,False,,
3038,Melkid,236,536,Puerta Islands: Area 3,N,Normal,Normal,56455,871,2,Water,False,False,,
3037,Vodre,281,535,Puerta Islands: Area 2,M,Mini Boss,Normal,-1,67680,2,Water,False,False,,
3036,Voda,237,535,Puerta Islands: Area 2,N,Normal,Normal,71163,1117,2,Water,False,False,,
3035,Dakinia,236,535,Puerta Islands: Area 2,N,Normal,Normal,61159,950,3,Wind,False,False,,
3034,Melkid,235,535,Puerta Islands: Area 2,N,Normal,Normal,55982,867,2,Water,False,False,,
3033,Voda,236,534,Puerta Islands: Area 1,N,Normal,Normal,70569,1109,2,Water,False,False,,
3032,Dakinia,235,534,Puerta Islands: Area 1,N,Normal,Normal,60647,946,3,Wind,False,False,,
3031,Melkid,234,534,Puerta Islands: Area 1,N,Normal,Normal,55512,860,2,Water,False,False,,
3030,Coquilatoll,229,533,Labrum Atoll,N,Normal,Normal,26592,414,4,Earth,False,False,,
3029,Atoble,228,533,Labrum Atoll,N,Normal,Normal,21970,374,2,Water,False,False,,
3028,Coraxic,227,533,Labrum Atoll,N,Normal,Normal,21778,333,2,Water,False,False,,
3027,Atoble,226,533,Labrum Atoll,N,Normal,Normal,21588,368,2,Water,False,False,,
3026,Coraxic,225,533,Labrum Atoll,N,Normal,Normal,21400,329,2,Water,False,False,,
3025,Mysterious Music Box,0,88,-,N,Normal,Normal,0,0,0,Neutral,False,True,,
3024,Etoise,285,404,High Difficulty Boss Battle Event Venue,B,Boss,Normal,-1,-1,5,Dark,False,True,,
3023,Dominaredor,293,532,Frozen Falls: Depths,B,Boss,Ultimate,80000000,325000,5,Dark,False,False,,
3022,Dominaredor,273,532,Frozen Falls: Depths,B,Boss,Nightmare,40000000,162500,5,Dark,False,False,,
3021,Dominaredor,263,532,Frozen Falls: Depths,B,Boss,Hard,16000000,65000,5,Dark,False,False,,
3020,Dominaredor,253,532,Frozen Falls: Depths,B,Boss,Normal,8000000,32500,5,Dark,False,False,,
3019,Dominaredor,243,532,Frozen Falls: Depths,B,Boss,Easy,800000,3250,5,Dark,False,False,,
3018,Mycelia,235,531,Frozen Falls: Area 3,N,Normal,Normal,46700,709,5,Dark,False,False,,
3017,Cryophin,234,531,Frozen Falls: Area 3,N,Normal,Normal,55500,860,2,Water,False,False,,
3016,Lylila,233,531,Frozen Falls: Area 3,N,Normal,Normal,50500,776,3,Wind,False,False,,
3015,Mycelia,234,530,Frozen Falls: Area 2,N,Normal,Normal,46300,704,5,Dark,False,False,,
3014,Cryophin,233,530,Frozen Falls: Area 2,N,Normal,Normal,55000,854,2,Water,False,False,,
3013,Lylila,232,530,Frozen Falls: Area 2,N,Normal,Normal,50000,770,3,Wind,False,False,,
3012,Lilicarolla,278,529,Frozen Falls: Area 1,M,Mini Boss,Normal,14480000,57750,5,Dark,False,False,,
3011,Mycelia,233,529,Frozen Falls: Area 1,N,Normal,Normal,45900,698,5,Dark,False,False,,
3010,Cryophin,232,529,Frozen Falls: Area 1,N,Normal,Normal,54600,847,2,Water,False,False,,
3009,Lylila,231,529,Frozen Falls: Area 1,N,Normal,Normal,49600,764,3,Wind,False,False,,
3008,Breppa,226,528,Algid Passage,N,Normal,Normal,28064,442,2,Water,False,False,,
3007,Glafur,225,528,Algid Passage,N,Normal,Normal,21400,329,2,Water,False,False,,
3006,Wolfelar,224,528,Algid Passage,N,Normal,Normal,19090,290,2,Water,False,False,,
3005,Breppa,223,528,Algid Passage,N,Normal,Normal,27331,432,2,Water,False,False,,
3004,Glafur,222,528,Algid Passage,N,Normal,Normal,20840,321,2,Water,False,False,,
3003,Dr. Leonardo (DX Subcontractor),325,527,Eagle Talon Collab Venue,B,Boss,Ultimate,140000000,930000,6,Light,False,True,,
3002,Dr. Leonardo (DX Subcontractor),305,527,Eagle Talon Collab Venue,B,Boss,Nightmare,70000000,465000,6,Light,False,True,,
3001,Dr. Leonardo (DX Subcontractor),295,527,Eagle Talon Collab Venue,B,Boss,Hard,28000000,186000,6,Light,False,True,,
3000,Dr. Leonardo (DX Subcontractor),285,527,Eagle Talon Collab Venue,B,Boss,Normal,14000000,93000,6,Light,False,True,,
2999,Dr. Leonardo (Subcontractor),275,527,Eagle Talon Collab Venue,B,Boss,Ultimate,60000000,480000,6,Light,False,True,,
2998,Dr. Leonardo (Subcontractor),255,527,Eagle Talon Collab Venue,B,Boss,Nightmare,30000000,240000,6,Light,False,True,,
2997,Dr. Leonardo (Subcontractor),245,527,Eagle Talon Collab Venue,B,Boss,Hard,12000000,96000,6,Light,False,True,,
2996,Dr. Leonardo (Subcontractor),235,527,Eagle Talon Collab Venue,B,Boss,Normal,6000000,48000,6,Light,False,True,,
2995,Pelulu (Eagle Talon Collab Event),0,527,Eagle Talon Collab Venue,C,NPC,Normal,0,0,0,Neutral,False,True,,
2994,DX Fighter (Shostakovich),230,527,Eagle Talon Collab Venue,B,Boss,Ultimate,54000000,260000,6,Light,False,True,,
2993,DX Fighter (Shostakovich),210,527,Eagle Talon Collab Venue,B,Boss,Nightmare,27000000,130000,6,Light,False,True,,
2992,DX Fighter (Shostakovich),200,527,Eagle Talon Collab Venue,B,Boss,Hard,10800000,52000,6,Light,False,True,,
2991,DX Fighter (Shostakovich),190,527,Eagle Talon Collab Venue,B,Boss,Normal,5400000,26000,6,Light,False,True,,
2990,DX Fighter (Deluxe),180,527,Eagle Talon Collab Venue,B,Boss,Ultimate,18000000,120000,6,Light,False,True,,
2989,DX Fighter (Deluxe),160,527,Eagle Talon Collab Venue,B,Boss,Nightmare,9000000,60000,6,Light,False,True,,
2988,DX Fighter (Deluxe),150,527,Eagle Talon Collab Venue,B,Boss,Hard,3600000,24000,6,Light,False,True,,
2987,DX Fighter (Deluxe),140,527,Eagle Talon Collab Venue,B,Boss,Normal,1800000,12000,6,Light,False,True,,
2986,DX Fighter (Fighter),130,527,Eagle Talon Collab Venue,B,Boss,Ultimate,3300000,38000,6,Light,False,True,,
2985,DX Fighter (Fighter),110,527,Eagle Talon Collab Venue,B,Boss,Nightmare,1650000,19000,6,Light,False,True,,
2984,DX Fighter (Fighter),100,527,Eagle Talon Collab Venue,B,Boss,Hard,660000,7600,6,Light,False,True,,
2983,DX Fighter (Fighter),90,527,Eagle Talon Collab Venue,B,Boss,Normal,330000,3800,6,Light,False,True,,
2982,DX Fighter (Anthony),80,527,Eagle Talon Collab Venue,B,Boss,Ultimate,320000,6200,6,Light,False,True,,
2981,DX Fighter (Anthony),60,527,Eagle Talon Collab Venue,B,Boss,Nightmare,160000,3100,6,Light,False,True,,
2980,DX Fighter (Anthony),50,527,Eagle Talon Collab Venue,B,Boss,Hard,64000,1240,6,Light,False,True,,
2979,DX Fighter (Anthony),40,527,Eagle Talon Collab Venue,B,Boss,Normal,32000,620,6,Light,False,True,,
2978,DX Fighter (Anthony),30,527,Eagle Talon Collab Venue,B,Boss,Easy,3200,62,6,Light,False,True,,
2977,Dr. Leonardo (Genius),220,527,Eagle Talon Collab Venue,B,Boss,Ultimate,40000000,210000,1,Fire,False,True,,
2976,Dr. Leonardo (Genius),200,527,Eagle Talon Collab Venue,B,Boss,Nightmare,20000000,105000,1,Fire,False,True,,
2975,Dr. Leonardo (Genius),190,527,Eagle Talon Collab Venue,B,Boss,Hard,8000000,42000,1,Fire,False,True,,
2974,Dr. Leonardo (Genius),180,527,Eagle Talon Collab Venue,B,Boss,Normal,4000000,21000,1,Fire,False,True,,
2973,Dr. Leonardo (Doctor),170,527,Eagle Talon Collab Venue,B,Boss,Ultimate,13000000,95000,1,Fire,False,True,,
2972,Dr. Leonardo (Doctor),150,527,Eagle Talon Collab Venue,B,Boss,Nightmare,6500000,47500,1,Fire,False,True,,
2971,Dr. Leonardo (Doctor),140,527,Eagle Talon Collab Venue,B,Boss,Hard,2600000,19000,1,Fire,False,True,,
2970,Dr. Leonardo (Doctor),130,527,Eagle Talon Collab Venue,B,Boss,Normal,1300000,9500,1,Fire,False,True,,
2969,Dr. Leonardo (Master),120,527,Eagle Talon Collab Venue,B,Boss,Ultimate,2200000,29000,1,Fire,False,True,,
2968,Dr. Leonardo (Master),100,527,Eagle Talon Collab Venue,B,Boss,Nightmare,1100000,14500,1,Fire,False,True,,
2967,Dr. Leonardo (Master),90,527,Eagle Talon Collab Venue,B,Boss,Hard,440000,5800,1,Fire,False,True,,
2966,Dr. Leonardo (Master),80,527,Eagle Talon Collab Venue,B,Boss,Normal,220000,2900,1,Fire,False,True,,
2965,Dr. Leonardo (Bachelor),70,527,Eagle Talon Collab Venue,B,Boss,Ultimate,160000,4000,1,Fire,False,True,,
2964,Dr. Leonardo (Bachelor),50,527,Eagle Talon Collab Venue,B,Boss,Nightmare,80000,2000,1,Fire,False,True,,
2963,Dr. Leonardo (Bachelor),40,527,Eagle Talon Collab Venue,B,Boss,Hard,32000,800,1,Fire,False,True,,
2962,Dr. Leonardo (Bachelor),30,527,Eagle Talon Collab Venue,B,Boss,Normal,16000,400,1,Fire,False,True,,
2961,Dr. Leonardo (Bachelor),20,527,Eagle Talon Collab Venue,B,Boss,Easy,1600,40,1,Fire,False,True,,
2960,Brass Dragon Reguita,290,526,Boma Konda: Village Center,B,Boss,Ultimate,70000000,289000,0,Neutral,False,False,,
2959,Brass Dragon Reguita,270,526,Boma Konda: Village Center,B,Boss,Nightmare,35000000,144500,0,Neutral,False,False,,
2958,Brass Dragon Reguita,260,526,Boma Konda: Village Center,B,Boss,Hard,14000000,57800,0,Neutral,False,False,,
2957,Brass Dragon Reguita,250,526,Boma Konda: Village Center,B,Boss,Normal,7000000,28900,0,Neutral,False,False,,
2956,Brass Dragon Reguita,240,526,Boma Konda: Village Center,B,Boss,Easy,700000,2890,0,Neutral,False,False,,
2955,Charugon,275,525,Boma Konda: Underground Area,M,Mini Boss,Normal,19100000,76600,1,Fire,False,False,,
2954,Charuga,232,525,Boma Konda: Underground Area,N,Normal,Normal,67635,1070,1,Fire,False,False,,
2953,Drail,231,525,Boma Konda: Underground Area,N,Normal,Normal,49599,764,4,Earth,False,False,,
2952,Disaur,230,525,Boma Konda: Underground Area,N,Normal,Normal,58115,912,4,Earth,False,False,,
2951,Charuga,229,525,Boma Konda: Underground Area,N,Normal,Normal,66480,1056,1,Fire,False,False,,
2950,Drail,228,525,Boma Konda: Underground Area,N,Normal,Normal,48331,748,4,Earth,False,False,,
2949,Inoz,223,524,Boma Konda: Entrance,N,Normal,Normal,25250,396,1,Fire,False,False,,
2948,Lettacia,222,524,Boma Konda: Entrance,N,Normal,Normal,22900,357,4,Earth,False,False,,
2947,Inoz,221,524,Boma Konda: Entrance,N,Normal,Normal,24800,391,1,Fire,False,False,,
2946,Lettacia,220,524,Boma Konda: Entrance,N,Normal,Normal,22500,352,4,Earth,False,False,,
2945,Boma Owl,219,524,Boma Konda: Entrance,N,Normal,Normal,18250,314,3,Wind,False,False,,
2944,Walican,287,523,Jabali Kubwa: Summit,B,Boss,Ultimate,62600000,264000,3,Wind,False,False,,
2943,Walican,267,523,Jabali Kubwa: Summit,B,Boss,Nightmare,31300000,132000,3,Wind,False,False,,
2942,Walican,257,523,Jabali Kubwa: Summit,B,Boss,Hard,12520000,52800,3,Wind,False,False,,
2941,Walican,247,523,Jabali Kubwa: Summit,B,Boss,Normal,6260000,26400,3,Wind,False,False,,
2940,Walican,237,523,Jabali Kubwa: Summit,B,Boss,Easy,626000,2640,3,Wind,False,False,,
2939,Kiton,229,522,Jabali Kubwa: Area 3,N,Normal,Normal,62047,980,3,Wind,False,False,,
2938,Konetz,228,522,Jabali Kubwa: Area 3,N,Normal,Normal,48331,748,4,Earth,False,False,,
2937,Rosemee,227,522,Jabali Kubwa: Area 3,N,Normal,Normal,43556,668,4,Earth,False,False,,
2936,Kiton,228,521,Jabali Kubwa: Area 2,N,Normal,Normal,61513,972,3,Wind,False,False,,
2935,Konetz,227,521,Jabali Kubwa: Area 2,N,Normal,Normal,47911,742,4,Earth,False,False,,
2934,Rosemee,226,521,Jabali Kubwa: Area 2,N,Normal,Normal,43176,662,4,Earth,False,False,,
2933,Kiton,227,520,Jabali Kubwa: Area 1,N,Normal,Normal,60978,965,3,Wind,False,False,,
2932,Konetz,226,520,Jabali Kubwa: Area 1,N,Normal,Normal,47493,736,4,Earth,False,False,,
2931,Rosemee,225,520,Jabali Kubwa: Area 1,N,Normal,Normal,42798,659,4,Earth,False,False,,
2930,Orictoceras,272,519,Kabla Jabali,M,Mini Boss,Normal,13500000,51200,4,Earth,False,False,,
2929,Gemare,220,519,Kabla Jabali,N,Normal,Normal,22500,282,6,Light,False,False,,
2928,Petraceras,219,519,Kabla Jabali,N,Normal,Normal,22300,314,4,Earth,False,False,,
2927,Gemare,218,519,Kabla Jabali,N,Normal,Normal,22145,278,6,Light,False,False,,
2926,Petraceras,217,519,Kabla Jabali,N,Normal,Normal,21900,310,4,Earth,False,False,,
2925,Scheff,216,519,Kabla Jabali,N,Normal,Normal,19800,273,4,Earth,False,False,,
2924,Broker Goblin (Coffee),270,511,El Scaro: Back Alley,B,Boss,Ultimate,1310000,49500,5,Dark,False,True,,
2923,Broker Goblin (Choco),240,511,El Scaro: Back Alley,B,Boss,Nightmare,985000,40000,5,Dark,False,True,,
2922,Broker Goblin (Cocoa),210,511,El Scaro: Back Alley,B,Boss,Hard,714000,32000,5,Dark,False,True,,
2921,Broker Goblin (Plain),180,511,El Scaro: Back Alley,B,Boss,Normal,495000,24000,5,Dark,False,True,,
2920,Hunky Chocogato,172,510,Chocolate Reservoir,N,Normal,Normal,-1,-1,-1,Unknown,True,True,,
2919,Pond Snake,171,510,Chocolate Reservoir,N,Normal,Normal,-1,-1,-1,Unknown,True,True,,
2918,Young Pore,170,510,Chocolate Reservoir,N,Normal,Normal,-1,-1,-1,Unknown,True,True,,
2917,Wicked Dragon Fazzino,284,518,Propulsion System Room,B,Boss,Ultimate,61000000,258700,5,Dark,False,False,,
2916,Wicked Dragon Fazzino,264,518,Propulsion System Room,B,Boss,Nightmare,30500000,129350,5,Dark,False,False,,
2915,Wicked Dragon Fazzino,254,518,Propulsion System Room,B,Boss,Hard,12200000,51740,5,Dark,False,False,,
2914,Wicked Dragon Fazzino,244,518,Propulsion System Room,B,Boss,Normal,6100000,25870,5,Dark,False,False,,
2913,Wicked Dragon Fazzino,234,518,Propulsion System Room,B,Boss,Easy,610000,2587,5,Dark,False,False,,
2912,Trus,269,517,Propulsion System Zone: Power Tank,M,Mini Boss,Normal,12800000,98000,1,Fire,False,False,,
2911,Boulderock,226,516,Propulsion System Zone: Accelerator,N,Normal,Normal,51811,810,4,Earth,False,False,,
2910,Elecita,225,516,Propulsion System Zone: Accelerator,N,Normal,Normal,51357,805,3,Wind,False,False,,
2909,Lavabat,224,516,Propulsion System Zone: Accelerator,N,Normal,Normal,42422,653,1,Fire,False,False,,
2908,Boulderock,224,515,Propulsion System Zone: Power Converter,N,Normal,Normal,50906,799,4,Earth,False,False,,
2907,Elecita,223,515,Propulsion System Zone: Power Converter,N,Normal,Normal,50457,792,3,Wind,False,False,,
2906,Lavabat,222,515,Propulsion System Zone: Power Converter,N,Normal,Normal,41676,643,1,Fire,False,False,,
2905,Baavgai (Nightmare),260,514,Mt. Sakuraten: Summit,B,Boss,Nightmare,19160000,77220,4,Earth,False,True,,
2904,Baavgai (Hard),240,514,Mt. Sakuraten: Summit,B,Boss,Hard,11800000,49000,4,Earth,False,True,,
2903,Baavgai (Normal),220,514,Mt. Sakuraten: Summit,B,Boss,Normal,8000000,34850,4,Earth,False,True,,
2902,Baavgai (Easy),200,514,Mt. Sakuraten: Summit,B,Boss,Easy,5000000,23100,4,Earth,False,True,,
2901,Adado,204,513,Mt. Sakuraten,N,Normal,Normal,-1,310,4,Earth,False,True,,
2900,Comasela,203,513,Mt. Sakuraten,N,Normal,Normal,-1,246,0,Neutral,False,True,,
2899,Bestinos,202,513,Mt. Sakuraten,N,Normal,Normal,-1,275,4,Earth,False,True,,
2898,Adado,201,513,Mt. Sakuraten,N,Normal,Normal,-1,303,4,Earth,False,True,,
2897,Comasela,200,513,Mt. Sakuraten,N,Normal,Normal,-1,240,0,Neutral,False,True,,
2896,Sicanokami,310,511,El Scaro: Back Alley,B,Boss,Ultimate,79000000,1100000,3,Wind,False,True,,
2895,Sicanokami,290,511,El Scaro: Back Alley,B,Boss,Nightmare,39500000,550000,3,Wind,False,True,,
2894,Sicanokami,280,511,El Scaro: Back Alley,B,Boss,Hard,15800000,220000,3,Wind,False,True,,
2893,Sicanokami,270,511,El Scaro: Back Alley,B,Boss,Normal,7900000,110000,3,Wind,False,True,,
2892,Mage Filecia (Coffee),280,511,El Scaro: Back Alley,B,Boss,Ultimate,17000000,64400,0,Neutral,False,True,,
2891,Mage Filecia (Choco),250,511,El Scaro: Back Alley,B,Boss,Nightmare,13000000,53000,0,Neutral,False,True,,
2890,Mage Filecia (Cocoa),220,511,El Scaro: Back Alley,B,Boss,Hard,8000000,35000,0,Neutral,False,True,,
2889,Mage Filecia (Plain),190,511,El Scaro: Back Alley,B,Boss,Normal,4500000,20000,0,Neutral,False,True,,
2888,Ghilly,182,512,Sable Plains,N,Normal,Normal,21100,334,4,Earth,False,True,,
2887,Flying Egg,181,512,Sable Plains,N,Normal,Normal,13900,229,3,Wind,False,True,,
2886,Rodentail,180,512,Sable Plains,N,Normal,Normal,16500,252,0,Neutral,False,True,,
2885,HATSUNE MIKU's Collab Event Reception: 2nd Part (2023),0,383,HATSUNE MIKU Collab Venue,C,NPC,Normal,0,0,0,Neutral,False,True,,
2884,HATSUNE MIKU's Collab Event Reception: 1st Part (2023),0,383,HATSUNE MIKU Collab Venue,C,NPC,Normal,0,0,0,Neutral,False,True,,
2883,P. Avatar (2023),400,87,Event,B,Boss,Normal,10000000,1,0,Neutral,False,True,,
2882,Mysterious Exchange (P. Avatar 2023),0,87,Event,C,NPC,Normal,0,0,0,Neutral,False,True,,
2881,Zodiac Rabbit Box,0,88,-,N,Normal,Normal,0,0,0,Neutral,False,True,,
2880,Lunadore (New Year Event 2022),30,87,Event,N,Normal,Normal,40000,-1,6,Light,True,True,,
2879,Lunadore,50,87,Event,B,Boss,Ultimate,400000,3000,6,Light,False,True,,
2878,Lunadore,30,87,Event,B,Boss,Nightmare,200000,1500,6,Light,False,True,,
2877,Lunadore,20,87,Event,B,Boss,Hard,80000,600,6,Light,False,True,,
2876,Lunadore,10,87,Event,B,Boss,Normal,40000,300,6,Light,False,True,,
2875,Lunadore,1,87,Event,B,Boss,Easy,4000,30,6,Light,False,True,,
2874,Zega (Megiston 2022),260,87,Event,B,Boss,Normal,12000000,103000,2,Water,False,True,,
2873,Guard Golem (Megiston 2022),250,87,Event,B,Boss,Normal,11500000,48200,4,Earth,False,True,,
2872,War Dragon Turba (Megiston 2022),240,87,Event,B,Boss,Normal,5000000,36000,4,Earth,False,True,,
2871,Vlam the Flame Dragon (Megiston 2022),230,87,Event,B,Boss,Normal,7100000,31000,1,Fire,False,True,,
2870,Junior Dragon Zyvio (Megiston 2022),220,87,Event,B,Boss,Normal,5550000,25555,0,Neutral,False,True,,
2869,Laduro,217,509,Tunnel of Trials,N,Normal,Normal,17926,275,4,Earth,False,False,,
2868,Tailgon,216,509,Tunnel of Trials,N,Normal,Normal,19737,307,1,Fire,False,False,,
2867,Caverant,215,509,Tunnel of Trials,N,Normal,Normal,21511,339,5,Dark,False,False,,
2866,Laduro,214,509,Tunnel of Trials,N,Normal,Normal,17438,269,4,Earth,False,False,,
2865,Tailgon,213,509,Tunnel of Trials,N,Normal,Normal,19197,300,1,Fire,False,False,,
2864,Illuminitor,250,505,Illuminare City: Route 1 (210-230),M,Mini Boss,Normal,-1,45300,2,Water,False,True,,
2863,Black Velly (Very Hard),250,508,Illuminare City: Central Square,B,Boss,Normal,9500000,41000,2,Water,False,True,,
2862,Black Velly (Hard),230,508,Illuminare City: Central Square,B,Boss,Normal,8000000,36000,2,Water,False,True,,
2861,Black Velly (Normal),210,508,Illuminare City: Central Square,B,Boss,Normal,6450000,31000,2,Water,False,True,,
2860,Black Velly (Easy),190,508,Illuminare City: Central Square,B,Boss,Normal,5100000,25000,2,Water,False,True,,
2859,Nix,222,507,Illuminare City: Route 3 (210-230),N,Normal,Normal,-1,785,2,Water,True,True,,
2858,Snorm,221,507,Illuminare City: Route 3 (210-230),N,Normal,Normal,-1,710,2,Water,True,True,,
2857,Nix,220,507,Illuminare City: Route 3 (210-230),N,Normal,Normal,-1,774,2,Water,True,True,,
2856,Illuminator,219,507,Illuminare City: Route 3 (210-230),N,Normal,Normal,-1,1047,6,Light,True,True,,
2855,Snorm,221,506,Illuminare City: Route 2 (210-230),N,Normal,Normal,-1,710,2,Water,True,True,,
2854,Nix,220,506,Illuminare City: Route 2 (210-230),N,Normal,Normal,-1,774,2,Water,True,True,,
2853,Illuminator,219,506,Illuminare City: Route 2 (210-230),N,Normal,Normal,-1,1047,6,Light,True,True,,
2852,Snorm,218,506,Illuminare City: Route 2 (210-230),N,Normal,Normal,-1,694,2,Water,True,True,,
2851,Nix,220,505,Illuminare City: Route 1 (210-230),N,Normal,Normal,-1,774,2,Water,True,True,,
2850,Illuminator,219,505,Illuminare City: Route 1 (210-230),N,Normal,Normal,-1,1047,6,Light,True,True,,
2849,Snorm,218,505,Illuminare City: Route 1 (210-230),N,Normal,Normal,-1,694,2,Water,True,True,,
2848,Illuminator,217,505,Illuminare City: Route 1 (210-230),N,Normal,Normal,-1,1032,6,Light,True,True,,
2847,Nix,202,504,Illuminare City: Route 3 (190-210),N,Normal,Normal,-1,671,2,Water,True,True,,
2846,Snorm,201,504,Illuminare City: Route 3 (190-210),N,Normal,Normal,-1,606,2,Water,True,True,,
2845,Nix,200,504,Illuminare City: Route 3 (190-210),N,Normal,Normal,-1,660,2,Water,True,True,,
2844,Illuminator,199,504,Illuminare City: Route 3 (190-210),N,Normal,Normal,-1,894,6,Light,True,True,,
2843,Snorm,201,503,Illuminare City: Route 2 (190-210),N,Normal,Normal,-1,606,2,Water,True,True,,
2842,Nix,200,503,Illuminare City: Route 2 (190-210),N,Normal,Normal,-1,660,2,Water,True,True,,
2841,Illuminator,199,503,Illuminare City: Route 2 (190-210),N,Normal,Normal,-1,894,6,Light,True,True,,
2840,Snorm,198,503,Illuminare City: Route 2 (190-210),N,Normal,Normal,-1,590,2,Water,True,True,,
2839,Nix,200,502,Illuminare City: Route 1 (190-210),N,Normal,Normal,-1,660,2,Water,True,True,,
2838,Illuminator,199,502,Illuminare City: Route 1 (190-210),N,Normal,Normal,-1,894,6,Light,True,True,,
2837,Snorm,198,502,Illuminare City: Route 1 (190-210),N,Normal,Normal,-1,590,2,Water,True,True,,
2836,Illuminator,197,502,Illuminare City: Route 1 (190-210),N,Normal,Normal,-1,879,6,Light,True,True,,
2835,Nix,182,501,Illuminare City: Route 3 (170-190),N,Normal,Normal,-1,565,2,Water,True,True,,
2834,Snorm,181,501,Illuminare City: Route 3 (170-190),N,Normal,Normal,-1,508,2,Water,True,True,,
2833,Nix,180,501,Illuminare City: Route 3 (170-190),N,Normal,Normal,-1,554,2,Water,True,True,,
2832,Illuminator,179,501,Illuminare City: Route 3 (170-190),N,Normal,Normal,-1,750,6,Light,True,True,,
2831,Snorm,181,500,Illuminare City: Route 2 (170-190),N,Normal,Normal,-1,508,2,Water,True,True,,
2830,Nix,180,500,Illuminare City: Route 2 (170-190),N,Normal,Normal,-1,554,2,Water,True,True,,
2829,Illuminator,179,500,Illuminare City: Route 2 (170-190),N,Normal,Normal,-1,750,6,Light,True,True,,
2828,Snorm,178,500,Illuminare City: Route 2 (170-190),N,Normal,Normal,-1,494,2,Water,True,True,,
2827,Nix,180,499,Illuminare City: Route 1 (170-190),N,Normal,Normal,-1,554,2,Water,True,True,,
2826,Illuminator,179,499,Illuminare City: Route 1 (170-190),N,Normal,Normal,-1,750,6,Light,True,True,,
2825,Snorm,178,499,Illuminare City: Route 1 (170-190),N,Normal,Normal,-1,494,2,Water,True,True,,
2824,Illuminator,177,499,Illuminare City: Route 1 (170-190),N,Normal,Normal,-1,735,6,Light,True,True,,
2823,Hero Potum Party (13M DL),240,399,Archfiend's Throne,B,Boss,Ultimate,50000000,264000,6,Light,False,True,,
2822,Hero Potum Party (13M DL),220,399,Archfiend's Throne,B,Boss,Nightmare,25000000,132000,6,Light,False,True,,
2821,Hero Potum Party (13M DL),210,399,Archfiend's Throne,B,Boss,Hard,10000000,52800,6,Light,False,True,,
2820,Hero Potum Party (13M DL),200,399,Archfiend's Throne,B,Boss,Normal,5000000,26400,6,Light,False,True,,
2819,Hero Potum Party (13M DL),190,399,Archfiend's Throne,B,Boss,Easy,500000,2640,6,Light,False,True,,
2818,Filrocas,281,498,Royal Dragon Cocoon Chamber,B,Boss,Ultimate,57600000,244000,1,Fire,False,False,,
2817,Filrocas,261,498,Royal Dragon Cocoon Chamber,B,Boss,Nightmare,28800000,122000,1,Fire,False,False,,
2816,Filrocas,251,498,Royal Dragon Cocoon Chamber,B,Boss,Hard,11520000,48800,1,Fire,False,False,,
2815,Filrocas,241,498,Royal Dragon Cocoon Chamber,B,Boss,Normal,5760000,24400,1,Fire,False,False,,
2814,Filrocas,231,498,Royal Dragon Cocoon Chamber,B,Boss,Easy,576000,2440,1,Fire,False,False,,
2813,Oris,223,497,Weredragon's Vital Point: Area 2,N,Normal,Normal,46300,648,5,Dark,False,False,,
2812,Voluto,222,497,Weredragon's Vital Point: Area 2,N,Normal,Normal,37500,571,5,Dark,False,False,,
2811,Phasis,221,497,Weredragon's Vital Point: Area 2,N,Normal,Normal,33000,497,5,Dark,False,False,,
2810,Oris,221,496,Weredragon's Vital Point: Area 1,N,Normal,Normal,45400,639,5,Dark,False,False,,
2809,Voluto,220,496,Weredragon's Vital Point: Area 1,N,Normal,Normal,36800,563,5,Dark,False,False,,
2808,Phasis,219,496,Weredragon's Vital Point: Area 1,N,Normal,Normal,32450,489,5,Dark,False,False,,
2807,Exdocus,266,495,Stairway to Vital Point,M,Mini Boss,Normal,-1,50286,5,Dark,False,False,,
2806,Corroded Dragist,214,495,Stairway to Vital Point,N,Normal,Normal,17440,235,5,Dark,False,False,,
2805,Plodocus,213,495,Stairway to Vital Point,N,Normal,Normal,21120,300,5,Dark,False,False,,
2804,Corroded Dragist,212,495,Stairway to Vital Point,N,Normal,Normal,17120,232,5,Dark,False,False,,
2803,Plodocus,211,495,Stairway to Vital Point,N,Normal,Normal,20730,298,5,Dark,False,False,,
2802,Octaray,210,495,Stairway to Vital Point,N,Normal,Normal,18670,267,3,Wind,False,False,,
2801,Slayers: Collab Prize Exchange,0,1,Sofya City,C,NPC,Normal,0,0,0,Neutral,False,True,,
2800,Stellar Ooze (Hell),270,87,Event,B,Boss,Normal,70000000,209000,6,Light,False,True,,
2799,Trickster Dragon Mimyugon,278,494,Operation Zone: Cockpit Area,B,Boss,Ultimate,54000000,226000,4,Earth,False,False,,
2798,Trickster Dragon Mimyugon,258,494,Operation Zone: Cockpit Area,B,Boss,Nightmare,27000000,113000,4,Earth,False,False,,
2797,Trickster Dragon Mimyugon,248,494,Operation Zone: Cockpit Area,B,Boss,Hard,10800000,45200,4,Earth,False,False,,
2796,Trickster Dragon Mimyugon,238,494,Operation Zone: Cockpit Area,B,Boss,Normal,5400000,22600,4,Earth,False,False,,
2795,Trickster Dragon Mimyugon,228,494,Operation Zone: Cockpit Area,B,Boss,Easy,540000,2260,4,Earth,False,False,,
2794,Brassozard,263,493,Operation Zone: Climate Control Area,M,Mini Boss,Normal,-1,42200,4,Earth,False,False,,
2793,Brasso,220,493,Operation Zone: Climate Control Area,N,Normal,Normal,51167,739,4,Earth,False,False,,
2792,Spaleon,219,493,Operation Zone: Climate Control Area,N,Normal,Normal,50707,732,3,Wind,False,False,,
2791,Tarmuckus,218,493,Operation Zone: Climate Control Area,N,Normal,Normal,40200,568,5,Dark,False,False,,
2790,Smocky,219,492,Operation Zone: Residential Area,N,Normal,Normal,40566,558,1,Fire,False,False,,
2789,Brasso,218,492,Operation Zone: Residential Area,N,Normal,Normal,50250,728,4,Earth,False,False,,
2788,Tarmuckus,217,492,Operation Zone: Residential Area,N,Normal,Normal,39836,550,5,Dark,False,False,,
2787,Smocky,218,491,Operation Zone: Power Control Area,N,Normal,Normal,40200,555,1,Fire,False,False,,
2786,Spaleon,217,491,Operation Zone: Power Control Area,N,Normal,Normal,49795,722,3,Wind,False,False,,
2785,Brasso,216,491,Operation Zone: Power Control Area,N,Normal,Normal,49342,716,4,Earth,False,False,,
2784,Wymax,211,490,Freight Corridor,N,Normal,Normal,22610,328,4,Earth,False,False,,
2783,Eyeloon,210,490,Freight Corridor,N,Normal,Normal,32665,489,1,Fire,False,False,,
2782,Pilferrel,209,490,Freight Corridor,N,Normal,Normal,18490,258,0,Neutral,False,False,,
2781,Eyeloon,208,490,Freight Corridor,N,Normal,Normal,32051,480,1,Fire,False,False,,
2780,Wymax,207,490,Freight Corridor,N,Normal,Normal,21769,318,4,Earth,False,False,,
2779,Sibylares (Very Hard),250,489,Phasma Forest: Area 3,B,Boss,Normal,6500000,26500,0,Neutral,False,True,,
2778,Sibylares (Hard),225,489,Phasma Forest: Area 3,B,Boss,Normal,5000000,22200,0,Neutral,False,True,,
2777,Sibylares (Normal),200,489,Phasma Forest: Area 3,B,Boss,Normal,3820000,18150,0,Neutral,False,True,,
2776,Sibylares (Easy),175,489,Phasma Forest: Area 3,B,Boss,Normal,2750000,14000,0,Neutral,False,True,,
2775,Manomare,172,489,Phasma Forest: Area 3,N,Normal,Normal,20126,280,5,Dark,False,True,,
2774,Manomare,171,489,Phasma Forest: Area 3,N,Normal,Normal,19896,278,5,Dark,False,True,,
2773,Melancia,225,488,Phasma Forest: Area 2,M,Mini Boss,Normal,-1,55307,4,Earth,False,True,,
2772,Tungkin,172,488,Phasma Forest: Area 2,N,Normal,Normal,25158,374,2,Water,False,True,,
2771,Tomaton,171,488,Phasma Forest: Area 2,N,Normal,Normal,29844,464,4,Earth,False,True,,
2770,Manomare,170,488,Phasma Forest: Area 2,N,Normal,Normal,19667,276,5,Dark,False,True,,
2769,Tomaton,170,487,Phasma Forest: Area 1,N,Normal,Normal,29500,460,4,Earth,False,True,,
2768,Manomare,169,487,Phasma Forest: Area 1,N,Normal,Normal,19440,272,5,Dark,False,True,,
2767,Tungkin,168,487,Phasma Forest: Area 1,N,Normal,Normal,24018,360,2,Water,False,True,,
2766,Neewollah (Very Hard),225,486,Manor of Surprises: Grand Hall,B,Boss,Normal,4500000,20130,4,Earth,False,True,,
2765,Neewollah (Hard),200,486,Manor of Surprises: Grand Hall,B,Boss,Normal,3500000,16500,4,Earth,False,True,,
2764,Neewollah (Normal),175,486,Manor of Surprises: Grand Hall,B,Boss,Normal,2500000,12650,4,Earth,False,True,,
2763,Neewollah (Easy),150,486,Manor of Surprises: Grand Hall,B,Boss,Normal,1800000,9870,4,Earth,False,True,,
2762,Teertocrit,200,427,Manor of Surprises,M,Mini Boss,Normal,7050000,46200,1,Fire,False,True,,
2761,Stoodie (Lv210),0,111,El Scaro,C,NPC,Normal,0,0,-1,Unknown,False,False,,
2760,Devil Dango,250,305,Otsukimi Event Venue: Crater Zone,B,Boss,Ultimate,6530000,27000,6,Light,False,True,,
2759,Burning Dragon Igneus,275,484,Boma Moja: Village Center,B,Boss,Ultimate,50000000,208000,1,Fire,False,False,,
2758,Burning Dragon Igneus,255,484,Boma Moja: Village Center,B,Boss,Nightmare,25000000,104000,1,Fire,False,False,,
2757,Burning Dragon Igneus,245,484,Boma Moja: Village Center,B,Boss,Hard,10000000,41600,1,Fire,False,False,,
2756,Burning Dragon Igneus,235,484,Boma Moja: Village Center,B,Boss,Normal,5000000,20800,1,Fire,False,False,,
2755,Burning Dragon Igneus,225,484,Boma Moja: Village Center,B,Boss,Easy,500000,2080,1,Fire,False,False,,
2754,Galegon,260,483,Boma Moja: Area 3,M,Mini Boss,Normal,-1,42627,3,Wind,False,False,,
2753,Catagon,217,483,Boma Moja: Area 3,N,Normal,Normal,39830,619,1,Fire,False,False,,
2752,Guffin,216,483,Boma Moja: Area 3,N,Normal,Normal,43420,682,0,Neutral,False,False,,
2751,Megadon,215,483,Boma Moja: Area 3,N,Normal,Normal,46930,745,4,Earth,False,False,,
2750,Catagon,216,482,Boma Moja: Area 2,N,Normal,Normal,39470,613,1,Fire,False,False,,
2749,Guffin,215,482,Boma Moja: Area 2,N,Normal,Normal,43020,678,0,Neutral,False,False,,
2748,Megadon,214,482,Boma Moja: Area 2,N,Normal,Normal,46500,739,4,Earth,False,False,,
2747,Serpentragon,215,481,Boma Moja: Area 1,N,Normal,Normal,35200,542,4,Earth,False,False,,
2746,Catagon,214,481,Boma Moja: Area 1,N,Normal,Normal,38750,604,1,Fire,False,False,,
2745,Guffin,213,481,Boma Moja: Area 1,N,Normal,Normal,42230,666,0,Neutral,False,False,,
2744,Bombor,208,480,Nebula Plain,N,Normal,Normal,22000,352,4,Earth,False,False,,
2743,Birdieman,207,480,Nebula Plain,N,Normal,Normal,20000,318,3,Wind,False,False,,
2742,Mist Roar,206,480,Nebula Plain,N,Normal,Normal,18000,283,6,Light,False,False,,
2741,Bombor,205,480,Nebula Plain,N,Normal,Normal,21400,344,4,Earth,False,False,,
2740,Birdieman,204,480,Nebula Plain,N,Normal,Normal,19400,310,3,Wind,False,False,,
2739,Gigantic Octopus,190,243,Saltau's Beach: Beach House,B,Boss,Ultimate,-1,888880,2,Water,False,True,,
2738,Gigantic Octopus,170,243,Saltau's Beach: Beach House,B,Boss,Nightmare,-1,444440,2,Water,False,True,,
2737,Gigantic Octopus,160,243,Saltau's Beach: Beach House,B,Boss,Hard,-1,177776,2,Water,False,True,,
2736,Gigantic Octopus,150,243,Saltau's Beach: Beach House,B,Boss,Normal,-1,88888,2,Water,False,True,,
2735,Gigantic Octopus,140,243,Saltau's Beach: Beach House,B,Boss,Easy,-1,8888,2,Water,False,True,,
2734,Mysterious Crystal,235,479,Anniversary Arena: 7th Venue,B,Boss,Normal,-1,-1,-1,Unknown,False,True,,
2733,Smocky,235,479,Anniversary Arena: 7th Venue,B,Boss,Normal,-1,-1,-1,Unknown,False,True,,
2732,Chemical Jelly,235,479,Anniversary Arena: 7th Venue,B,Boss,Normal,-1,-1,-1,Unknown,False,True,,
2731,Florizard,235,479,Anniversary Arena: 7th Venue,B,Boss,Normal,-1,-1,-1,Unknown,False,True,,
2730,Fluck,235,479,Anniversary Arena: 7th Venue,B,Boss,Normal,-1,-1,2,Water,False,True,,
2729,Kijimu,235,479,Anniversary Arena: 7th Venue,B,Boss,Normal,-1,-1,4,Earth,False,True,,
2728,Neo Wandering Wheel,235,479,Anniversary Arena: 7th Venue,B,Boss,Normal,-1,-1,-1,Unknown,False,True,,
2727,Cannon Golem,235,479,Anniversary Arena: 7th Venue,B,Boss,Normal,-1,-1,4,Earth,False,True,,
2726,Singing Eye,235,479,Anniversary Arena: 7th Venue,B,Boss,Normal,-1,-1,2,Water,False,True,,
2725,Megiston,305,479,Anniversary Arena: 7th Venue,B,Boss,Ultimate,300000000,2660000,1,Fire,False,True,,
2724,Megiston,285,479,Anniversary Arena: 7th Venue,B,Boss,Nightmare,150000000,1330000,1,Fire,False,True,,
2723,Megiston,275,479,Anniversary Arena: 7th Venue,B,Boss,Hard,60000000,532000,1,Fire,False,True,,
2722,Megiston,265,479,Anniversary Arena: 7th Venue,B,Boss,Normal,30000000,266000,1,Fire,False,True,,
2721,EX Prize Exchange (7th Anniv),0,479,Anniversary Arena: 7th Venue,N,Normal,Normal,0,0,0,Neutral,False,True,,
2720,EX Arena Entry (7th Anniv),0,479,Anniversary Arena: 7th Venue,N,Normal,Normal,-1,-1,-1,Unknown,False,True,,
2719,Vennie,280,479,Anniversary Arena: 7th Venue,B,Boss,Ultimate,50000000,206500,3,Wind,False,True,,
2718,Vennie,260,479,Anniversary Arena: 7th Venue,B,Boss,Nightmare,25000000,103250,3,Wind,False,True,,
2717,Vennie,250,479,Anniversary Arena: 7th Venue,B,Boss,Hard,10000000,41300,3,Wind,False,True,,
2716,Vennie,240,479,Anniversary Arena: 7th Venue,B,Boss,Normal,5000000,20650,3,Wind,False,True,,
2715,Yorken,280,479,Anniversary Arena: 7th Venue,B,Boss,Ultimate,50000000,206500,2,Water,False,True,,
2714,Yorken,260,479,Anniversary Arena: 7th Venue,B,Boss,Nightmare,25000000,103250,2,Water,False,True,,
2713,Yorken,250,479,Anniversary Arena: 7th Venue,B,Boss,Hard,10000000,41300,2,Water,False,True,,
2712,Yorken,240,479,Anniversary Arena: 7th Venue,B,Boss,Normal,5000000,20650,2,Water,False,True,,
2711,Reeza,280,479,Anniversary Arena: 7th Venue,B,Boss,Ultimate,50000000,206500,5,Dark,False,True,,
2710,Reeza,260,479,Anniversary Arena: 7th Venue,B,Boss,Nightmare,25000000,103250,5,Dark,False,True,,
2709,Reeza,250,479,Anniversary Arena: 7th Venue,B,Boss,Hard,10000000,41300,5,Dark,False,True,,
2708,Reeza,240,479,Anniversary Arena: 7th Venue,B,Boss,Normal,5000000,20650,5,Dark,False,True,,
2707,Acudel,274,479,Anniversary Arena: 7th Venue,B,Boss,Ultimate,36000000,125000,4,Earth,False,True,,
2706,Acudel,254,479,Anniversary Arena: 7th Venue,B,Boss,Nightmare,18000000,62500,4,Earth,False,True,,
2705,Acudel,244,479,Anniversary Arena: 7th Venue,B,Boss,Hard,7200000,25000,4,Earth,False,True,,
2704,Acudel,234,479,Anniversary Arena: 7th Venue,B,Boss,Normal,3600000,12500,4,Earth,False,True,,
2703,Moxaburn,272,479,Anniversary Arena: 7th Venue,B,Boss,Ultimate,36000000,125000,1,Fire,False,True,,
2702,Moxaburn,252,479,Anniversary Arena: 7th Venue,B,Boss,Nightmare,18000000,62500,1,Fire,False,True,,
2701,Moxaburn,242,479,Anniversary Arena: 7th Venue,B,Boss,Hard,7200000,25000,1,Fire,False,True,,
2700,Moxaburn,232,479,Anniversary Arena: 7th Venue,B,Boss,Normal,3600000,12500,1,Fire,False,True,,
2699,Meslum,270,479,Anniversary Arena: 7th Venue,B,Boss,Ultimate,36000000,125000,6,Light,False,True,,
2698,Meslum,250,479,Anniversary Arena: 7th Venue,B,Boss,Nightmare,18000000,62500,6,Light,False,True,,
2697,Meslum,240,479,Anniversary Arena: 7th Venue,B,Boss,Hard,7200000,25000,6,Light,False,True,,
2696,Meslum,230,479,Anniversary Arena: 7th Venue,B,Boss,Normal,3600000,12500,6,Light,False,True,,
2695,Arena Lv240 Entry (7th Anniv),0,479,Anniversary Arena: 7th Venue,N,Normal,Normal,-1,-1,-1,Unknown,False,True,,
2694,Arena Lv230 Entry (7th Anniv),0,479,Anniversary Arena: 7th Venue,N,Normal,Normal,-1,-1,-1,Unknown,False,True,,
2693,Guard Golem,272,477,Weredragon's Throat,B,Boss,Ultimate,100000000,380000,4,Earth,False,False,,
2692,Guard Golem,252,477,Weredragon's Throat,B,Boss,Nightmare,50000000,190000,4,Earth,False,False,,
2691,Guard Golem,242,477,Weredragon's Throat,B,Boss,Hard,20000000,76000,4,Earth,False,False,,
2690,Guard Golem,232,477,Weredragon's Throat,B,Boss,Normal,10000000,38000,4,Earth,False,False,,
2689,Guard Golem,222,477,Weredragon's Throat,B,Boss,Easy,1000000,3800,4,Earth,False,False,,
2688,Wolkissa,257,477,Weredragon's Throat,M,Mini Boss,Normal,-1,40800,2,Water,False,False,,
2687,Stonzard,204,477,Weredragon's Throat,N,Normal,Normal,17500,279,4,Earth,False,False,,
2686,Stonzard,202,477,Weredragon's Throat,N,Normal,Normal,17000,275,4,Earth,False,False,,
2685,Seaney,205,477,Weredragon's Throat,N,Normal,Normal,19500,313,2,Water,False,False,,
2684,Seaney,203,477,Weredragon's Throat,N,Normal,Normal,19000,308,2,Water,False,False,,
2683,Ocello,201,477,Weredragon's Throat,N,Normal,Normal,15500,243,3,Wind,False,False,,
2682,Pedrio,265,404,High Difficulty Boss Battle Event Venue,B,Boss,Normal,65000000,425000,0,Neutral,False,True,,
2681,Dionea,195,476,Guardian Forest: Outer Area,N,Normal,Normal,38000,634,4,Earth,False,False,,
2680,Smilodocanis,196,476,Guardian Forest: Outer Area,N,Normal,Normal,33000,522,4,Earth,False,False,,
2679,Egguania,194,476,Guardian Forest: Outer Area,N,Normal,Normal,28400,456,4,Earth,False,False,,
2678,Gordel,269,475,Milcaska Falls: Weredragon's Mouth,B,Boss,Ultimate,55000000,250000,4,Earth,False,False,,
2677,Gordel,249,475,Milcaska Falls: Weredragon's Mouth,B,Boss,Nightmare,27500000,125000,4,Earth,False,False,,
2676,Gordel,239,475,Milcaska Falls: Weredragon's Mouth,B,Boss,Hard,11000000,50000,4,Earth,False,False,,
2675,Gordel,229,475,Milcaska Falls: Weredragon's Mouth,B,Boss,Normal,5500000,25000,4,Earth,False,False,,
2674,Gordel,219,475,Milcaska Falls: Weredragon's Mouth,B,Boss,Easy,550000,2500,4,Earth,False,False,,
2673,Rampion,254,474,Milcaska Falls: Army Base,M,Mini Boss,Normal,-1,45540,5,Dark,False,False,,
2672,Nuemon,214,474,Milcaska Falls: Army Base,N,Normal,Normal,38800,605,5,Dark,False,False,,
2671,Coccus,213,474,Milcaska Falls: Army Base,N,Normal,Normal,38400,599,5,Dark,False,False,,
2670,Omitan,212,474,Milcaska Falls: Army Base,N,Normal,Normal,38100,596,2,Water,False,False,,
2669,Nuemon,212,473,Milcaska Falls: Waterfall,N,Normal,Normal,38100,596,5,Dark,False,False,,
2668,Coccus,211,473,Milcaska Falls: Waterfall,N,Normal,Normal,37700,590,5,Dark,False,False,,
2667,Omitan,210,473,Milcaska Falls: Waterfall,N,Normal,Normal,37400,587,2,Water,False,False,,
2666,Cormorant,202,472,Vulcani Underground Passage,N,Normal,Normal,17300,275,5,Dark,False,False,,
2665,Octoceras,201,472,Vulcani Underground Passage,N,Normal,Normal,17200,273,2,Water,False,False,,
2664,Skullpion,200,472,Vulcani Underground Passage,N,Normal,Normal,15300,240,5,Dark,False,False,,
2663,Octoceras,199,472,Vulcani Underground Passage,N,Normal,Normal,16800,268,2,Water,False,False,,
2662,Skullpion,198,472,Vulcani Underground Passage,N,Normal,Normal,15000,236,5,Dark,False,False,,
2661,Stoodie (Lv190),0,111,El Scaro,C,NPC,Normal,0,0,-1,Unknown,False,False,,
2660,Sumari,182,471,Celesa's Tree Garden,N,Normal,Normal,-1,565,3,Wind,True,True,,
2659,Roar,183,471,Celesa's Tree Garden,N,Normal,Normal,-1,750,6,Light,True,True,,
2658,Roar,181,471,Celesa's Tree Garden,N,Normal,Normal,-1,686,6,Light,True,True,,
2657,Bubble Angel,180,471,Celesa's Tree Garden,N,Normal,Normal,-1,720,2,Water,True,True,,
2656,Bubble Angel,184,471,Celesa's Tree Garden,N,Normal,Normal,-1,866,2,Water,True,True,,
2655,Glory Ring Case,0,79,Sofya City: Government Office,O,Orb Shop,Easy,0,0,-1,Unknown,False,True,,
2654,Goldigem,262,79,Sofya City: Government Office,B,Boss,Ultimate,100000000,450000,0,Neutral,False,True,,
2653,Goldigem,242,79,Sofya City: Government Office,B,Boss,Nightmare,50000000,225000,0,Neutral,False,True,,
2652,Goldigem,232,79,Sofya City: Government Office,B,Boss,Hard,20000000,90000,0,Neutral,False,True,,
2651,Goldigem,222,79,Sofya City: Government Office,B,Boss,Normal,10000000,45000,0,Neutral,False,True,,
2650,Goldigem,212,79,Sofya City: Government Office,B,Boss,Easy,1000000,4500,0,Neutral,False,True,,
2649,Crysmort,240,471,Celesa's Tree Garden,B,Boss,Very Hard,10000000,43000,5,Dark,False,True,,
2648,Crysmort,220,471,Celesa's Tree Garden,B,Boss,Hard,7200000,33300,5,Dark,False,True,,
2647,Crysmort,200,471,Celesa's Tree Garden,B,Boss,Normal,5400000,26700,5,Dark,False,True,,
2646,Crysmort,180,471,Celesa's Tree Garden,B,Boss,Easy,4000000,20000,5,Dark,False,True,,
2645,Ignitrus,251,470,Vulcani Crater Base,M,Mini Boss,Normal,-1,49022,1,Fire,False,False,,
2644,Cormorant,199,470,Vulcani Crater Base,N,Normal,Normal,16500,268,5,Dark,False,False,,
2643,Ignios,198,470,Vulcani Crater Base,N,Normal,Normal,16300,266,1,Fire,False,False,,
2642,Cormorant,197,470,Vulcani Crater Base,N,Normal,Normal,16500,264,5,Dark,False,False,,
2641,Ignios,196,470,Vulcani Crater Base,N,Normal,Normal,16300,261,1,Fire,False,False,,
2640,Acamia,195,470,Vulcani Crater Base,N,Normal,Normal,13000,202,1,Fire,False,False,,
2639,Oculasignio,266,469,Mt. Vulcani: Summit,B,Boss,Ultimate,47000000,211000,5,Dark,False,False,,
2638,Oculasignio,246,469,Mt. Vulcani: Summit,B,Boss,Nightmare,23500000,105500,5,Dark,False,False,,
2637,Oculasignio,236,469,Mt. Vulcani: Summit,B,Boss,Hard,9400000,42200,5,Dark,False,False,,
2636,Oculasignio,226,469,Mt. Vulcani: Summit,B,Boss,Normal,4700000,21100,5,Dark,False,False,,
2635,Oculasignio,216,469,Mt. Vulcani: Summit,B,Boss,Easy,470000,2110,5,Dark,False,False,,
2634,Tepipotamus,211,468,Mt. Vulcani: Area 3,N,Normal,Normal,37000,603,4,Earth,False,False,,
2633,Bitum,210,468,Mt. Vulcani: Area 3,N,Normal,Normal,36600,593,1,Fire,False,False,,
2632,Geomal,209,468,Mt. Vulcani: Area 3,N,Normal,Normal,37000,581,1,Fire,False,False,,
2631,Tepipotamus,210,467,Mt. Vulcani: Area 2,N,Normal,Normal,37000,592,4,Earth,False,False,,
2630,Bitum,209,467,Mt. Vulcani: Area 2,N,Normal,Normal,36600,581,1,Fire,False,False,,
2629,Geomal,208,467,Mt. Vulcani: Area 2,N,Normal,Normal,37000,576,1,Fire,False,False,,
2628,Tepipotamus,209,466,Mt. Vulcani: Area 1,N,Normal,Normal,37000,581,4,Earth,False,False,,
2627,Bitum,208,466,Mt. Vulcani: Area 1,N,Normal,Normal,36600,576,1,Fire,False,False,,
2626,Geomal,207,466,Mt. Vulcani: Area 1,N,Normal,Normal,37000,572,1,Fire,False,False,,
2625,Evil Lefina (Coffee),260,111,El Scaro,B,Boss,Ultimate,10000000,55000,0,Neutral,False,True,,
2624,Evil Lefina (Choco),230,111,El Scaro,B,Boss,Nightmare,7000000,41800,0,Neutral,False,True,,
2623,Evil Lefina (Cocoa),200,111,El Scaro,B,Boss,Hard,5000000,33000,0,Neutral,False,True,,
2622,Evil Lefina (Plain),170,111,El Scaro,B,Boss,Normal,3000000,21700,0,Neutral,False,True,,
2621,Tulin,164,465,Sugar Plain,N,Normal,Normal,2600,475,4,Earth,True,True,,
2620,Cheru,162,465,Sugar Plain,N,Normal,Normal,18000,339,6,Light,True,True,,
2619,Coryn,161,465,Sugar Plain,N,Normal,Normal,22000,420,6,Light,True,True,,
2618,Tulin,160,465,Sugar Plain,N,Normal,Normal,26000,458,4,Earth,True,True,,
2617,Garnache (Dark),230,388,Creme Cliff (Valentine's Day Event),B,Boss,Ultimate,8500000,40000,1,Fire,False,True,,
2616,Garnache (Sweet),170,388,Creme Cliff (Valentine's Day Event),B,Boss,Hard,4000000,22700,1,Fire,False,True,,
2615,Garnache (Milk),140,388,Creme Cliff (Valentine's Day Event),B,Boss,Normal,1730000,16600,1,Fire,False,True,,
2614,Pom Knitted Outfit Set,0,394,Snowball Mini Game Venue,N,Normal,Normal,0,0,-1,Unknown,False,True,,
2613,Velum,263,464,Arstida: Depth,B,Boss,Ultimate,42600000,206000,0,Neutral,False,False,,
2612,Velum,243,464,Arstida: Depth,B,Boss,Nightmare,21300000,103000,0,Neutral,False,False,,
2611,Velum,233,464,Arstida: Depth,B,Boss,Hard,8520000,41200,0,Neutral,False,False,,
2610,Velum,223,464,Arstida: Depth,B,Boss,Normal,4260000,20600,0,Neutral,False,False,,
2609,Velum,213,464,Arstida: Depth,B,Boss,Easy,426000,2060,0,Neutral,False,False,,
2608,Glaucius,248,463,Arstida: Area 2,M,Mini Boss,Normal,-1,44670,5,Dark,False,False,,
2607,Tetracle,208,463,Arstida: Area 2,N,Normal,Normal,39000,704,5,Dark,False,False,,
2606,Glaucio,207,463,Arstida: Area 2,N,Normal,Normal,36000,622,5,Dark,False,False,,
2605,Grigori,206,463,Arstida: Area 2,N,Normal,Normal,32000,542,5,Dark,False,False,,
2604,Tetracle,206,462,Arstida: Area 1,N,Normal,Normal,39000,678,5,Dark,False,False,,
2603,Glaucio,205,462,Arstida: Area 1,N,Normal,Normal,36000,589,5,Dark,False,False,,
2602,Grigori,204,462,Arstida: Area 1,N,Normal,Normal,32000,523,5,Dark,False,False,,
2601,Denden,196,461,Vulcani Foothills,N,Normal,Normal,16000,261,5,Dark,False,False,,
2600,Dodos,195,461,Vulcani Foothills,N,Normal,Normal,17200,288,4,Earth,False,False,,
2599,Pantamu,194,461,Vulcani Foothills,N,Normal,Normal,16000,257,4,Earth,False,False,,
2598,Denden,193,461,Vulcani Foothills,N,Normal,Normal,16000,255,5,Dark,False,False,,
2597,Dodos,192,461,Vulcani Foothills,N,Normal,Normal,17200,280,4,Earth,False,False,,
2596,Stoodie (Lv170),0,111,El Scaro,C,NPC,Normal,0,0,-1,Unknown,False,False,,
2595,Mieli (Dark),250,7,Rakau Plains,B,Boss,Ultimate,6530000,27000,3,Wind,False,True,,
2594,Mieli (Bitter),220,7,Rakau Plains,B,Boss,Nightmare,3200000,14700,3,Wind,False,True,,
2593,Mieli (Sweet),190,7,Rakau Plains,B,Boss,Hard,2250000,11000,3,Wind,False,True,,
2592,Mieli (Milk),160,7,Rakau Plains,B,Boss,Normal,1500000,8300,3,Wind,False,True,,
2591,Vlam the Flame Dragon,260,460,Divido Spring,B,Boss,Ultimate,56000000,167000,1,Fire,False,False,,
2590,Vlam the Flame Dragon,240,460,Divido Spring,B,Boss,Nightmare,28000000,83500,1,Fire,False,False,,
2589,Vlam the Flame Dragon,230,460,Divido Spring,B,Boss,Hard,11200000,33400,1,Fire,False,False,,
2588,Vlam the Flame Dragon,220,460,Divido Spring,B,Boss,Normal,5600000,16700,1,Fire,False,False,,
2587,Vlam the Flame Dragon,210,460,Divido Spring,B,Boss,Easy,560000,1670,1,Fire,False,False,,
2586,Blazingur,245,459,Divido Valley: Area 3,M,Mini Boss,Normal,-1,43740,1,Fire,False,False,,
2585,Pantarum,205,459,Divido Valley: Area 3,N,Normal,Normal,35000,563,1,Fire,False,False,,
2584,Mycorina,204,459,Divido Valley: Area 3,N,Normal,Normal,38000,620,2,Water,False,False,,
2583,Ophitrix,203,459,Divido Valley: Area 3,N,Normal,Normal,31000,493,3,Wind,False,False,,
2582,Pantarum,204,458,Divido Valley: Area 2,N,Normal,Normal,35000,558,1,Fire,False,False,,
2581,Mycorina,203,458,Divido Valley: Area 2,N,Normal,Normal,38000,616,2,Water,False,False,,
2580,Ophitrix,202,458,Divido Valley: Area 2,N,Normal,Normal,31000,488,3,Wind,False,False,,
2579,Pantarum,203,457,Divido Valley: Area 1,N,Normal,Normal,35000,554,1,Fire,False,False,,
2578,Mycorina,202,457,Divido Valley: Area 1,N,Normal,Normal,38000,610,2,Water,False,False,,
2577,Ophitrix,201,457,Divido Valley: Area 1,N,Normal,Normal,31000,485,3,Wind,False,False,,
2576,Treemit,191,456,Flumen Plains,N,Normal,Normal,16000,250,4,Earth,False,False,,
2575,Treekat,193,456,Flumen Plains,N,Normal,Normal,14000,255,3,Wind,False,False,,
2574,Treekat,190,456,Flumen Plains,N,Normal,Normal,14000,248,3,Wind,False,False,,
2573,Booboo,192,456,Flumen Plains,N,Normal,Normal,13000,224,3,Wind,False,False,,
2572,Booboo,189,456,Flumen Plains,N,Normal,Normal,13000,218,3,Wind,False,False,,
2571,Zodiac Tiger Box,0,88,-,N,Normal,Normal,0,0,0,Neutral,False,True,,
2570,Purro (New Year Event 2022),30,87,Event,N,Normal,Normal,40000,-1,6,Light,True,True,,
2569,Purro,50,87,Event,B,Boss,Ultimate,400000,3000,6,Light,False,True,,
2568,Purro,30,87,Event,B,Boss,Nightmare,200000,1500,6,Light,False,True,,
2567,Purro,20,87,Event,B,Boss,Hard,80000,600,6,Light,False,True,,
2566,Purro,10,87,Event,B,Boss,Normal,40000,300,6,Light,False,True,,
2565,Purro,1,87,Event,B,Boss,Easy,4000,30,6,Light,False,True,,
2564,Mysterious Exchange (P. Avatar 2022),0,87,Event,C,NPC,Normal,0,0,0,Neutral,False,True,,
2563,P. Avatar (2022),400,87,Event,B,Boss,Normal,1000000,1,0,Neutral,False,True,,
2562,Zega (Megiston 2021),240,87,Event,B,Boss,Normal,7880000,89800,2,Water,False,True,,
2561,Demonic Quasar (Megiston 2021),230,87,Event,B,Boss,Normal,6500000,21000,5,Dark,False,True,,
2560,Irestida (Megiston 2021),220,87,Event,B,Boss,Normal,8000000,23200,5,Dark,False,True,,
2559,Black Shadow (Megiston 2021),210,87,Event,B,Boss,Normal,1000000,27000,6,Light,False,True,,
2558,Tuscog (Megiston 2021),200,87,Event,B,Boss,Normal,3250000,15500,4,Earth,False,True,,
2557,War Dragon Turba,257,455,Prime Ramus: Village,B,Boss,Ultimate,38000000,167000,4,Earth,False,False,,
2556,War Dragon Turba,237,455,Prime Ramus: Village,B,Boss,Nightmare,19000000,83500,4,Earth,False,False,,
2555,War Dragon Turba,227,455,Prime Ramus: Village,B,Boss,Hard,7600000,33400,4,Earth,False,False,,
2554,War Dragon Turba,217,455,Prime Ramus: Village,B,Boss,Normal,3800000,16700,4,Earth,False,False,,
2553,War Dragon Turba,207,455,Prime Ramus: Village,B,Boss,Easy,380000,1670,4,Earth,False,False,,
2552,Langur,202,454,Prime Ramus: Area 3,N,Normal,Normal,36000,636,3,Wind,False,False,,
2551,Tackal,201,454,Prime Ramus: Area 3,N,Normal,Normal,30000,500,3,Wind,False,False,,
2550,Torturock,200,454,Prime Ramus: Area 3,N,Normal,Normal,40000,674,4,Earth,False,False,,
2549,Langur,201,453,Prime Ramus: Area 2,N,Normal,Normal,36000,625,3,Wind,False,False,,
2548,Tackal,200,453,Prime Ramus: Area 2,N,Normal,Normal,30000,490,3,Wind,False,False,,
2547,Torturock,199,453,Prime Ramus: Area 2,N,Normal,Normal,40000,663,4,Earth,False,False,,
2546,Langur,200,452,Prime Ramus: Area 1,N,Normal,Normal,36000,613,3,Wind,False,False,,
2545,Tackal,199,452,Prime Ramus: Area 1,N,Normal,Normal,30000,482,3,Wind,False,False,,
2544,Torturock,198,452,Prime Ramus: Area 1,N,Normal,Normal,40000,649,4,Earth,False,False,,
2543,Gordo,242,451,Eumano Glade,M,Mini Boss,Normal,-1,43700,6,Light,False,False,,
2542,Mogkey,189,451,Eumano Glade,N,Normal,Normal,13000,218,3,Wind,False,False,,
2541,Mogkey,187,451,Eumano Glade,N,Normal,Normal,13000,214,3,Wind,False,False,,
2540,Grass Tapir,186,451,Eumano Glade,N,Normal,Normal,16000,266,4,Earth,False,False,,
2539,Ostrich,190,451,Eumano Glade,N,Normal,Normal,16000,276,3,Wind,False,False,,
2538,Ostrich,188,451,Eumano Glade,N,Normal,Normal,16000,271,3,Wind,False,False,,
2537,Dutannen (Max),239,450,Noeliel Castle: B4F,B,Boss,Normal,8000000,35640,2,Water,False,True,,
2536,Dutannen (Strong),219,450,Noeliel Castle: B4F,B,Boss,Normal,6500000,30710,2,Water,False,True,,
2535,Dutannen (Medium),199,450,Noeliel Castle: B4F,B,Boss,Normal,5000000,25000,2,Water,False,True,,
2534,Dutannen (Weak),179,450,Noeliel Castle: B4F,B,Boss,Normal,4000000,21000,2,Water,False,True,,
2533,Iceberg,202,449,Noeliel Castle: B3F (190-210),N,Normal,Normal,-1,1098,2,Water,False,True,,
2532,Iceberg,202,448,Noeliel Castle: B2F (190-210),N,Normal,Normal,-1,1098,2,Water,False,True,,
2531,Iceberg,200,449,Noeliel Castle: B3F (190-210),N,Normal,Normal,-1,1080,2,Water,False,True,,
2530,Iceberg,200,448,Noeliel Castle: B2F (190-210),N,Normal,Normal,-1,1080,2,Water,False,True,,
2529,Iceberg,200,447,Noeliel Castle: B1F (190-210),N,Normal,Normal,-1,1080,2,Water,False,True,,
2528,Iceberg,182,446,Noeliel Castle: B3F (170-190),N,Normal,Normal,-1,-1,2,Water,False,True,,
2527,Iceberg,182,445,Noeliel Castle: B2F (170-190),N,Normal,Normal,-1,-1,2,Water,False,True,,
2526,Iceberg,180,446,Noeliel Castle: B3F (170-190),N,Normal,Normal,-1,-1,2,Water,False,True,,
2525,Iceberg,180,445,Noeliel Castle: B2F (170-190),N,Normal,Normal,-1,-1,2,Water,False,True,,
2524,Iceberg,180,444,Noeliel Castle: B1F (170-190),N,Normal,Normal,-1,-1,2,Water,False,True,,
2523,Iceberg,162,443,Noeliel Castle: B3F (150-170),N,Normal,Normal,-1,-1,2,Water,False,True,,
2522,Iceberg,162,442,Noeliel Castle: B2F (150-170),N,Normal,Normal,-1,-1,2,Water,False,True,,
2521,Iceberg,160,443,Noeliel Castle: B3F (150-170),N,Normal,Normal,-1,749,2,Water,False,True,,
2520,Iceberg,160,442,Noeliel Castle: B2F (150-170),N,Normal,Normal,-1,749,2,Water,False,True,,
2519,Iceberg,160,441,Noeliel Castle: B1F (150-170),N,Normal,Normal,-1,749,2,Water,False,True,,
2518,Anti-Xmas Killer Blade,203,449,Noeliel Castle: B3F (190-210),N,Normal,Normal,-1,924,5,Dark,False,True,,
2517,Anti-Xmas Killer Blade,201,449,Noeliel Castle: B3F (190-210),N,Normal,Normal,-1,909,5,Dark,False,True,,
2516,Anti-Xmas Killer Blade,201,448,Noeliel Castle: B2F (190-210),N,Normal,Normal,-1,909,5,Dark,False,True,,
2515,Anti-Xmas Killer Blade,198,448,Noeliel Castle: B2F (190-210),N,Normal,Normal,-1,885,5,Dark,False,True,,
2514,Anti-Xmas Killer Blade,201,447,Noeliel Castle: B1F (190-210),N,Normal,Normal,-1,909,5,Dark,False,True,,
2513,Anti-Xmas Killer Blade,198,447,Noeliel Castle: B1F (190-210),N,Normal,Normal,-1,-1,5,Dark,False,True,,
2512,Anti-Xmas Killer Blade,183,446,Noeliel Castle: B3F (170-190),N,Normal,Normal,-1,-1,5,Dark,False,True,,
2511,Anti-Xmas Killer Blade,181,446,Noeliel Castle: B3F (170-190),N,Normal,Normal,-1,-1,5,Dark,False,True,,
2510,Anti-Xmas Killer Blade,181,445,Noeliel Castle: B2F (170-190),N,Normal,Normal,-1,-1,5,Dark,False,True,,
2509,Anti-Xmas Killer Blade,178,445,Noeliel Castle: B2F (170-190),N,Normal,Normal,-1,-1,5,Dark,False,True,,
2508,Anti-Xmas Killer Blade,181,444,Noeliel Castle: B1F (170-190),N,Normal,Normal,-1,-1,5,Dark,False,True,,
2507,Anti-Xmas Killer Blade,178,444,Noeliel Castle: B1F (170-190),N,Normal,Normal,-1,-1,5,Dark,False,True,,
2506,Anti-Xmas Killer Blade,163,443,Noeliel Castle: B3F (150-170),N,Normal,Normal,-1,-1,5,Dark,False,True,,
2505,Anti-Xmas Killer Blade,161,443,Noeliel Castle: B3F (150-170),N,Normal,Normal,-1,630,5,Dark,False,True,,
2504,Anti-Xmas Killer Blade,161,442,Noeliel Castle: B2F (150-170),N,Normal,Normal,-1,630,5,Dark,False,True,,
2503,Anti-Xmas Killer Blade,158,442,Noeliel Castle: B2F (150-170),N,Normal,Normal,-1,612,5,Dark,False,True,,
2502,Anti-Xmas Killer Blade,161,441,Noeliel Castle: B1F (150-170),N,Normal,Normal,-1,630,5,Dark,False,True,,
2501,Anti-Xmas Killer Blade,158,441,Noeliel Castle: B1F (150-170),N,Normal,Normal,-1,612,5,Dark,False,True,,
2500,Confeito,199,449,Noeliel Castle: B3F (190-210),N,Normal,Normal,-1,596,2,Water,False,True,,
2499,Confeito,199,448,Noeliel Castle: B2F (190-210),N,Normal,Normal,-1,596,2,Water,False,True,,
2498,Confeito,199,447,Noeliel Castle: B1F (190-210),N,Normal,Normal,-1,596,2,Water,False,True,,
2497,Confeito,197,447,Noeliel Castle: B1F (190-210),N,Normal,Normal,-1,586,2,Water,False,True,,
2496,Confeito,179,446,Noeliel Castle: B3F (170-190),N,Normal,Normal,-1,-1,2,Water,False,True,,
2495,Confeito,179,445,Noeliel Castle: B2F (170-190),N,Normal,Normal,-1,-1,2,Water,False,True,,
2494,Confeito,179,444,Noeliel Castle: B1F (170-190),N,Normal,Normal,-1,-1,2,Water,False,True,,
2493,Confeito,177,444,Noeliel Castle: B1F (170-190),N,Normal,Normal,-1,-1,2,Water,False,True,,
2492,Confeito,159,443,Noeliel Castle: B3F (150-170),N,Normal,Normal,-1,412,2,Water,False,True,,
2491,Confeito,159,442,Noeliel Castle: B2F (150-170),N,Normal,Normal,-1,412,2,Water,False,True,,
2490,Confeito,159,441,Noeliel Castle: B1F (150-170),N,Normal,Normal,-1,412,2,Water,False,True,,
2489,Confeito,157,441,Noeliel Castle: B1F (150-170),N,Normal,Hard,-1,404,2,Water,False,True,,
2487,Ragus,158,427,Manor of Surprises,N,Normal,Normal,25500,408,4,Earth,False,True,,
2486,Manshadow,160,427,Manor of Surprises,N,Normal,Normal,28300,457,0,Neutral,False,True,,
2485,Hallophantom,159,427,Manor of Surprises,N,Normal,Normal,30100,494,5,Dark,False,True,,
2484,Stoodie (Lv150),0,111,El Scaro,C,NPC,Normal,0,0,-1,Unknown,False,False,,
2483,Stoodie (Lv130),0,111,El Scaro,C,NPC,Normal,0,0,-1,Unknown,False,False,,
2482,Stoodie (Lv110),0,111,El Scaro,C,NPC,Normal,0,0,-1,Unknown,False,False,,
2481,Stoodie (Lv90),0,111,El Scaro,C,NPC,Normal,0,0,-1,Unknown,False,False,,
2480,Stoodie (Lv70),0,111,El Scaro,C,NPC,Normal,0,0,-1,Unknown,False,False,,
2479,Stoodie (Lv50),0,111,El Scaro,C,NPC,Normal,0,0,-1,Unknown,False,False,,
2478,Stoodie (Lv30),0,111,El Scaro,C,NPC,Normal,0,0,-1,Unknown,False,False,,
2477,Stoodie (Lv10),0,111,El Scaro,C,NPC,Normal,0,0,-1,Unknown,False,False,,
2475,Junior Dragon Zyvio,254,425,Storage Yard: Arena,B,Boss,Ultimate,35500000,162000,0,Neutral,False,False,,
2474,Junior Dragon Zyvio,234,425,Storage Yard: Arena,B,Boss,Nightmare,17750000,81000,0,Neutral,False,False,,
2473,Junior Dragon Zyvio,224,425,Storage Yard: Arena,B,Boss,Hard,7100000,32400,0,Neutral,False,False,,
2472,Junior Dragon Zyvio,214,425,Storage Yard: Arena,B,Boss,Normal,3550000,16200,0,Neutral,False,False,,
2471,Junior Dragon Zyvio,204,425,Storage Yard: Arena,B,Boss,Easy,355000,1620,0,Neutral,False,False,,
2470,Bullamius,239,424,Storage Yard: Area 2,M,Mini Boss,Normal,-1,42800,4,Earth,False,False,,
2469,Zimius,199,424,Storage Yard: Area 2,N,Normal,Normal,33000,536,4,Earth,False,False,,
2468,Zimius,197,423,Storage Yard: Area 1,N,Normal,Normal,33000,527,4,Earth,False,False,,
2467,Wood Mouse,197,424,Storage Yard: Area 2,N,Normal,Normal,33000,469,4,Earth,False,False,,
2466,Wood Mouse,195,423,Storage Yard: Area 1,N,Normal,Normal,33000,460,4,Earth,False,False,,
2465,Dryanymon,198,424,Storage Yard: Area 2,N,Normal,Normal,32500,531,4,Earth,False,False,,
2464,Dryanymon,196,423,Storage Yard: Area 1,N,Normal,Normal,32500,522,4,Earth,False,False,,
2463,Bo Peep,185,422,Country Road,N,Normal,Normal,15000,264,3,Wind,False,False,,
2462,Bo Peep,187,422,Country Road,N,Normal,Normal,15000,268,3,Wind,False,False,,
2461,Izuna,186,422,Country Road,N,Normal,Normal,15500,239,3,Wind,False,False,,
2460,Izuna,184,422,Country Road,N,Normal,Normal,15500,235,3,Wind,False,False,,
2459,Georaven,183,422,Country Road,N,Normal,Normal,15205,233,5,Dark,False,False,,
2458,Alchemia Story: Collab Prize Exchange,0,1,Sofya City,C,NPC,Normal,0,0,0,Neutral,False,True,,
2457,Gerumi,220,87,Event,B,Boss,Normal,10000000,77700,2,Water,False,True,,
2456,Dionea,193,421,Guardian Forest: Inner Area,N,Normal,Normal,38000,627,4,Earth,False,False,,
2455,Smilodocanis,194,421,Guardian Forest: Inner Area,N,Normal,Normal,33000,518,4,Earth,False,False,,
2454,Egguania,192,421,Guardian Forest: Inner Area,N,Normal,Normal,28400,453,4,Earth,False,False,,
2453,Ferzen the Rock Dragon,251,420,Guardian Forest: Giant Tree,B,Boss,Ultimate,31710000,151500,4,Earth,False,False,,
2452,Ferzen the Rock Dragon,231,420,Guardian Forest: Giant Tree,B,Boss,NIghtmare,15855000,75750,4,Earth,False,False,,
2451,Ferzen the Rock Dragon,221,420,Guardian Forest: Giant Tree,B,Boss,Hard,6342000,30300,4,Earth,False,False,,
2450,Ferzen the Rock Dragon,211,420,Guardian Forest: Giant Tree,B,Boss,Normal,3171000,15150,4,Earth,False,False,,
2449,Ferzen the Rock Dragon,201,420,Guardian Forest: Giant Tree,B,Boss,Easy,317100,1515,4,Earth,False,False,,
2448,Silver Coryn (2021),100,248,Tolbas GrassLand,M,Mini Boss,Normal,100,1,0,Neutral,False,True,,
2447,Silver Coryn (2021),100,110,Wanderer's Plain,M,Mini Boss,Normal,100,1,0,Neutral,False,True,,
2446,Silver Coryn (2021),100,70,Darkanon Plain,M,Mini Boss,Normal,100,1,0,Neutral,False,True,,
2445,Silver Coryn (2021),100,51,Yorl Highlands,M,Mini Boss,Normal,100,1,0,Neutral,False,True,,
2444,Silver Coryn (2021),100,7,Rakau Plains,M,Mini Boss,Normal,100,1,0,Neutral,False,True,,
2443,Arbogazella,236,419,Guardian Forest: Lost Woods,M,Mini Boss,Normal,-1,41820,3,Wind,False,False,,
2442,Dionea,193,419,Guardian Forest: Lost Woods,N,Normal,Normal,38000,623,4,Earth,False,False,,
2441,Smilodocanis,194,419,Guardian Forest: Lost Woods,N,Normal,Normal,33000,513,4,Earth,False,False,,
2440,Egguania,192,419,Guardian Forest: Lost Woods,N,Normal,Normal,28400,448,4,Earth,False,False,,
2439,Guttata,182,418,Movere Specula,N,Normal,Normal,13000,206,3,Wind,True,False,,
2438,Arhinotops,184,418,Movere Specula,N,Normal,Normal,15420,261,4,Earth,True,False,,
2437,Arhinotops,181,418,Movere Specula,N,Normal,Normal,15420,254,4,Earth,True,False,,
2436,Arigazella,183,418,Movere Specula,N,Normal,Normal,13900,233,4,Earth,True,False,,
2435,Arigazella,180,418,Movere Specula,N,Normal,Normal,13900,227,4,Earth,True,False,,
2434,Devil Dango,220,305,Otsukimi Event Venue: Crater Zone,B,Boss,Nightmare,4790000,21700,6,Light,False,True,,
2433,Devil Dango,170,305,Otsukimi Event Venue: Crater Zone,B,Boss,Hard,2600000,13500,6,Light,False,True,,
2432,Devil Dango,120,305,Otsukimi Event Venue: Crater Zone,B,Boss,Normal,780000,7760,6,Light,False,True,,
2431,Megiston,285,413,Anniversary Arena: 6th Venue,B,Boss,Ultimate,250000000,1160000,1,Fire,False,True,,
2430,Megiston,265,413,Anniversary Arena: 6th Venue,B,Boss,Nightmare,125000000,580000,1,Fire,False,True,,
2429,Megiston,255,413,Anniversary Arena: 6th Venue,B,Boss,Hard,50000000,232000,1,Fire,False,True,,
2428,Megiston,245,413,Anniversary Arena: 6th Venue,B,Boss,Normal,25000000,116000,1,Fire,False,True,,
2427,Yuveria,225,417,Underwater Canyon: Depths,B,Boss,Ultimate,45000000,227300,2,Water,False,True,,
2426,Yuveria,205,417,Underwater Canyon: Depths,B,Boss,NIghtmare,22500000,113650,2,Water,False,True,,
2425,Yuveria,195,417,Underwater Canyon: Depths,B,Boss,Hard,9000000,45460,2,Water,False,True,,
2424,Yuveria,185,417,Underwater Canyon: Depths,B,Boss,Normal,4500000,22730,2,Water,False,True,,
2423,Yuveria,175,417,Underwater Canyon: Depths,B,Boss,Easy,450000,2273,2,Water,False,True,,
2422,Capten Amiya,227,416,Underwater Canyon: Area 3,M,Mini Boss,Normal,-1,65300,6,Light,False,True,,
2421,Horsenex,172,416,Underwater Canyon: Area 3,N,Normal,Normal,49000,965,2,Water,True,True,,
2420,Horsenex,171,415,Underwater Canyon: Area 2,N,Normal,Normal,49000,967,2,Water,True,True,,
2419,Horsenex,170,414,Underwater Canyon: Area 1,N,Normal,Normal,49000,939,2,Water,True,True,,
2418,Amiya,173,416,Underwater Canyon: Area 3,N,Normal,Normal,44500,867,6,Light,True,True,,
2417,Amiya,172,415,Underwater Canyon: Area 2,N,Normal,Normal,44500,869,6,Light,True,True,,
2416,Amiya,171,414,Underwater Canyon: Area 1,N,Normal,Normal,44500,861,6,Light,True,True,,
2415,Paguro,174,416,Underwater Canyon: Area 3,N,Normal,Normal,55000,1058,2,Water,True,True,,
2414,Paguro,173,415,Underwater Canyon: Area 2,N,Normal,Normal,55000,1060,2,Water,True,True,,
2413,Paguro,172,414,Underwater Canyon: Area 1,N,Normal,Normal,55000,1072,2,Water,True,True,,
2412,6th Anniversary Exchange B,0,413,Anniversary Arena: 6th Venue,N,Normal,Normal,0,0,0,Neutral,False,True,,
2411,6th Anniversary Exchange A,0,413,Anniversary Arena: 6th Venue,N,Normal,Normal,0,0,0,Neutral,False,True,,
2410,Sedem Coenubia,215,413,Anniversary Arena: 6th Venue,B,Boss,Normal,10000000,0,0,Neutral,False,True,,
2409,Pyxtica,215,413,Anniversary Arena: 6th Venue,B,Boss,Normal,4000000,0,5,Dark,False,True,,
2408,Vulture,215,413,Anniversary Arena: 6th Venue,B,Boss,Normal,6000000,0,5,Dark,False,True,,
2407,Bexiz,215,413,Anniversary Arena: 6th Venue,B,Boss,Normal,4000000,0,0,Neutral,False,True,,
2406,Cerberus,215,413,Anniversary Arena: 6th Venue,B,Boss,Normal,6000000,0,2,Water,False,True,,
2405,Furious Red Demon,260,413,Anniversary Arena: 6th Venue,B,Boss,Ultimate,48000000,140000,1,Fire,False,True,,
2404,Furious Red Demon,240,413,Anniversary Arena: 6th Venue,B,Boss,NIghtmare,24000000,70000,1,Fire,False,True,,
2403,Furious Red Demon,230,413,Anniversary Arena: 6th Venue,B,Boss,Hard,9600000,28000,1,Fire,False,True,,
2402,Furious Red Demon,220,413,Anniversary Arena: 6th Venue,B,Boss,Normal,4800000,14000,1,Fire,False,True,,
2401,Fish Skeleton Spirit,260,413,Anniversary Arena: 6th Venue,B,Boss,Ultimate,32000000,140000,0,Neutral,False,True,,
2400,Fish Skeleton Spirit,240,413,Anniversary Arena: 6th Venue,B,Boss,NIghtmare,16000000,70000,0,Neutral,False,True,,
2399,Fish Skeleton Spirit,230,413,Anniversary Arena: 6th Venue,B,Boss,Hard,6400000,28000,0,Neutral,False,True,,
2398,Fish Skeleton Spirit,220,413,Anniversary Arena: 6th Venue,B,Boss,Normal,3200000,14000,0,Neutral,False,True,,
2397,Cursed Demonic Coral,260,413,Anniversary Arena: 6th Venue,B,Boss,Ultimate,40000000,140000,2,Water,False,True,,
2396,Cursed Demonic Coral,240,413,Anniversary Arena: 6th Venue,B,Boss,NIghtmare,20000000,70000,2,Water,False,True,,
2395,Cursed Demonic Coral,230,413,Anniversary Arena: 6th Venue,B,Boss,Hard,8000000,28000,2,Water,False,True,,
2394,Cursed Demonic Coral,220,413,Anniversary Arena: 6th Venue,B,Boss,Normal,4000000,14000,2,Water,False,True,,
2393,Distressed Dark Dragon,250,413,Anniversary Arena: 6th Venue,B,Boss,Ultimate,25000000,100000,5,Dark,False,True,,
2392,Distressed Dark Dragon,230,413,Anniversary Arena: 6th Venue,B,Boss,NIghtmare,12500000,50000,5,Dark,False,True,,
2391,Distressed Dark Dragon,220,413,Anniversary Arena: 6th Venue,B,Boss,Hard,5000000,20000,5,Dark,False,True,,
2390,Distressed Dark Dragon,210,413,Anniversary Arena: 6th Venue,B,Boss,Normal,2500000,10000,5,Dark,False,True,,
2389,Rampaging Grass Dragon,250,413,Anniversary Arena: 6th Venue,B,Boss,Ultimate,24000000,100000,3,Wind,False,True,,
2388,Rampaging Grass Dragon,230,413,Anniversary Arena: 6th Venue,B,Boss,NIghtmare,12000000,50000,3,Wind,False,True,,
2387,Rampaging Grass Dragon,220,413,Anniversary Arena: 6th Venue,B,Boss,Hard,4800000,20000,3,Wind,False,True,,
2386,Rampaging Grass Dragon,210,413,Anniversary Arena: 6th Venue,B,Boss,Normal,2400000,10000,3,Wind,False,True,,
2385,Raging Sand Dragon,250,413,Anniversary Arena: 6th Venue,B,Boss,Ultimate,23000000,100000,4,Earth,False,True,,
2384,Raging Sand Dragon,230,413,Anniversary Arena: 6th Venue,B,Boss,NIghtmare,11500000,50000,4,Earth,False,True,,
2383,Raging Sand Dragon,220,413,Anniversary Arena: 6th Venue,B,Boss,Hard,4600000,20000,4,Earth,False,True,,
2382,Raging Sand Dragon,210,413,Anniversary Arena: 6th Venue,B,Boss,Normal,2300000,10000,4,Earth,False,True,,
2381,Patissia,230,404,High Difficulty Boss Battle Event Venue,B,Boss,Ultimate,-1,-1,4,Earth,False,True,,
2380,Maton Sword,230,404,High Difficulty Boss Battle Event Venue,B,Boss,Ultimate,-1,-1,3,Wind,False,True,,
2379,Gespenst,230,404,High Difficulty Boss Battle Event Venue,B,Boss,Ultimate,-1,-1,5,Dark,False,True,,
2378,Gemma,248,412,Fugitive Lake Swamp: Depths,B,Boss,Ultimate,28840000,140800,1,Fire,False,False,,
2377,Gemma,228,412,Fugitive Lake Swamp: Depths,B,Boss,Nightmare,14420000,70400,1,Fire,False,False,,
2376,Gemma,218,412,Fugitive Lake Swamp: Depths,B,Boss,Hard,5768000,28160,1,Fire,False,False,,
2375,Gemma,208,412,Fugitive Lake Swamp: Depths,B,Boss,normal,2884000,14080,1,Fire,False,False,,
2374,Gemma,198,412,Fugitive Lake Swamp: Depths,B,Boss,Easy,288400,1408,1,Fire,False,False,,
2373,Rhinosaur,233,411,Fugitive Lake Swamp: Area 3,M,Mini Boss,normal,-1,41000,4,Earth,False,False,,
2372,Rollitida,193,411,Fugitive Lake Swamp: Area 3,N,Normal,normal,31000,509,5,Dark,False,False,,
2371,Lake Rana,192,411,Fugitive Lake Swamp: Area 3,N,Normal,normal,30000,560,2,Water,False,False,,
2370,Rhinoceros,191,411,Fugitive Lake Swamp: Area 3,N,Normal,normal,38000,722,4,Earth,False,False,,
2369,Rollitida,191,410,Fugitive Lake Swamp: Area 2,N,Normal,normal,31000,500,5,Dark,False,False,,
2368,Hippopo,192,410,Fugitive Lake Swamp: Area 2,N,Normal,normal,43000,672,2,Water,False,False,,
2367,Rhinoceros,190,410,Fugitive Lake Swamp: Area 2,N,Normal,normal,38000,717,4,Earth,False,False,,
2366,Rhinoceros,189,409,Fugitive Lake Swamp: Area 1,N,Normal,normal,38000,710,4,Earth,False,False,,
2365,Lake Rana,190,409,Fugitive Lake Swamp: Area 1,N,Normal,normal,30000,552,2,Water,False,False,,
2364,Hippopo,191,409,Fugitive Lake Swamp: Area 1,N,Normal,normal,43000,667,2,Water,False,False,,
2363,Boarlet,181,408,Noisy Woodland,N,Normal,normal,13200,228,4,Earth,False,False,,
2362,Boarlet,178,408,Noisy Woodland,N,Normal,normal,13200,222,4,Earth,False,False,,
2361,Hippopo,179,408,Noisy Woodland,N,Normal,normal,18700,300,2,Water,False,False,,
2360,Obsidian Lizard,180,408,Noisy Woodland,N,Normal,normal,15000,252,2,Water,False,False,,
2359,Obsidian Lizard,177,408,Noisy Woodland,N,Normal,normal,15000,245,2,Water,False,False,,
2358,Reliza,250,407,Manna Waterfront,B,Boss,Ultimate,55000000,262000,5,Dark,False,False,,
2357,Reliza,230,407,Manna Waterfront,B,Boss,Nightmare,27500000,131000,5,Dark,False,False,,
2356,Reliza,220,407,Manna Waterfront,B,Boss,Hard,11000000,52400,5,Dark,False,False,,
2355,Reliza,210,407,Manna Waterfront,B,Boss,Normal,5500000,26200,5,Dark,False,False,,
2354,Reliza,200,407,Manna Waterfront,B,Boss,Easy,550000,2620,5,Dark,False,False,,
2353,Pojo,168,375,Inje Village,N,Normal,Normal,13000,225,4,Earth,True,False,,
2352,Climber Potum,169,375,Inje Village,N,Normal,Normal,16500,298,4,Earth,True,False,,
2351,Lutris,178,377,Ducia Coast: Area 2,N,Normal,Normal,32000,543,2,Water,True,False,,
2349,Sumari,182,406,Arche Valley: Area 3,N,Normal,Normal,22000,360,3,Wind,True,False,,
2348,Fronymon,183,406,Arche Valley: Area 3,N,Normal,Normal,25500,414,2,Water,True,False,,
2347,Besy,184,406,Arche Valley: Area 3,N,Normal,Normal,26500,470,5,Dark,True,False,,
2346,Naiata,240,69,Saham Underground Cave - Deepest Part,B,Boss,Ultimate,8000000,72000,3,Wind,False,True,,
2345,Besy,183,405,Arche Valley: Area 2,N,Normal,Normal,26500,466,5,Dark,False,False,,
2344,Fronymon,182,405,Arche Valley: Area 2,N,Normal,Normal,25500,411,2,Water,False,False,,
2343,Sumari,181,405,Arche Valley: Area 2,N,Normal,Normal,22000,356,3,Wind,False,False,,
2342,Ovinymon,172,380,Celarra Plateau,N,Normal,Normal,12000,220,4,Earth,False,False,,
2341,Shroonymon,171,380,Celarra Plateau,N,Normal,Normal,11000,182,4,Earth,False,False,,
2340,Flooray,165,374,Lunagent Cliff Base,N,Normal,Normal,13000,241,0,Neutral,True,False,,
2339,Patissia High Difficulty Exchange,0,404,High Difficulty Boss Battle Event Venue,n,,Normal,-1,-1,0,Neutral,False,True,,
2338,Neo Maton High Difficulty Exchange,0,404,High Difficulty Boss Battle Event Venue,n,,Normal,-1,-1,0,Neutral,False,True,,
2337,Gespenst High Difficulty Exchange,0,404,High Difficulty Boss Battle Event Venue,n,,Normal,-1,-1,0,Neutral,False,True,,
2336,Coofer,174,392,Rokoko City Ruins,N,Normal,Normal,12500,642,5,Dark,False,False,,
2335,Boon ,172,392,Rokoko City Ruins,N,Normal,Normal,11670,187,5,Dark,False,False,,
2334,Patissia,225,404,High Difficulty Boss Battle Event Venue,B,Boss,Ultimate,-1,-1,4,Earth,False,True,,
2333,Patissia,220,404,High Difficulty Boss Battle Event Venue,B,Boss,Ultimate,-1,-1,4,Earth,False,True,,
2332,Patissia,215,404,High Difficulty Boss Battle Event Venue,B,Boss,Ultimate,-1,-1,4,Earth,False,True,,
2331,Maton Sword,225,404,High Difficulty Boss Battle Event Venue,B,Boss,Ultimate,-1,-1,3,Wind,False,True,,
2330,Maton Sword,220,404,High Difficulty Boss Battle Event Venue,B,Boss,Ultimate,-1,-1,3,Wind,False,True,,
2329,Maton Sword,215,404,High Difficulty Boss Battle Event Venue,B,Boss,Ultimate,-1,-1,3,Wind,False,True,,
2328,Maton Sword,210,404,High Difficulty Boss Battle Event Venue,B,Boss,Ultimate,-1,-1,3,Wind,False,True,,
2327,Maton Sword,205,404,High Difficulty Boss Battle Event Venue,B,Boss,Ultimate,-1,-1,3,Wind,False,True,,
2326,Maton Sword,200,404,High Difficulty Boss Battle Event Venue,B,Boss,Ultimate,-1,-1,3,Wind,False,True,,
2325,Maton Sword,195,404,High Difficulty Boss Battle Event Venue,B,Boss,Ultimate,-1,-1,3,Wind,False,True,,
2324,Gespenst,225,404,High Difficulty Boss Battle Event Venue,B,Boss,Ultimate,-1,-1,5,Dark,False,True,,
2323,Gespenst,220,404,High Difficulty Boss Battle Event Venue,B,Boss,Ultimate,-1,-1,5,Dark,False,True,,
2322,Gespenst,215,404,High Difficulty Boss Battle Event Venue,B,Boss,Ultimate,-1,-1,5,Dark,False,True,,
2321,Gespenst,210,404,High Difficulty Boss Battle Event Venue,B,Boss,Ultimate,-1,-1,5,Dark,False,True,,
2320,Gespenst,205,404,High Difficulty Boss Battle Event Venue,B,Boss,Ultimate,-1,-1,5,Dark,False,True,,
2319,Gespenst,200,404,High Difficulty Boss Battle Event Venue,B,Boss,Ultimate,-1,-1,5,Dark,False,True,,
2318,Gespenst,195,404,High Difficulty Boss Battle Event Venue,B,Boss,Ultimate,-1,-1,5,Dark,False,True,,
2317,Gespenst,190,404,High Difficulty Boss Battle Event Venue,B,Boss,Ultimate,-1,-1,5,Dark,False,True,,
2316,Gespenst,185,404,High Difficulty Boss Battle Event Venue,B,Boss,Ultimate,-1,-1,5,Dark,False,True,,
2315,Gespenst,180,404,High Difficulty Boss Battle Event Venue,B,Boss,Ultimate,-1,-1,5,Dark,False,True,,
2314,Gespenst,175,404,High Difficulty Boss Battle Event Venue,B,Boss,Ultimate,-1,-1,5,Dark,False,True,,
2313,Gespenst,170,404,High Difficulty Boss Battle Event Venue,B,Boss,Ultimate,-1,-1,5,Dark,False,True,,
2312,Gespenst,165,404,High Difficulty Boss Battle Event Venue,B,Boss,Ultimate,-1,-1,5,Dark,False,True,,
2311,Bride Box,0,87,Event,N,Normal,Normal,0,0,0,Neutral,False,True,,
2310,Groom Box,0,87,Event,N,Normal,Normal,0,0,0,Neutral,False,True,,
2309,Golden Pom Treasure Box,0,7,Rakau Plains,N,Normal,Normal,0,0,0,Neutral,False,True,,
2308,Rainy Season Event Reception,0,87,Event,N,Normal,Normal,0,0,0,Neutral,False,True,,
2307,Irestida,245,403,Nov Diela Central,B,Boss,Ultimate,29400000,144600,0,Neutral,False,False,,
2306,Irestida,225,403,Nov Diela Central,B,Boss,Nightmare,14700000,72300,0,Neutral,False,False,,
2305,Irestida,215,403,Nov Diela Central,B,Boss,Hard,5880000,28920,0,Neutral,False,False,,
2304,Irestida,205,403,Nov Diela Central,B,Boss,Normal,2940000,14460,0,Neutral,False,False,,
2303,Irestida,195,403,Nov Diela Central,B,Boss,Easy,294000,1446,0,Neutral,False,False,,
2302,Juvestida,188,402,Nov Diela Area 3,N,Normal,Normal,26000,434,5,Dark,False,False,,
2301,Walkastida,190,402,Nov Diela Area 3,N,Normal,Normal,29600,497,5,Dark,False,False,,
2300,Flystida,189,402,Nov Diela Area 3,N,Normal,Normal,31600,546,5,Dark,False,False,,
2299,Juvestida,187,401,Nov Diela Area 2,N,Normal,Normal,26710,429,5,Dark,False,False,,
2298,Walkastida,189,401,Nov Diela Area 2,N,Normal,Normal,29600,491,5,Dark,False,False,,
2297,Flystida,188,401,Nov Diela Area 2,N,Normal,Normal,31600,542,5,Dark,False,False,,
2296,Trocostida,230,400,Nov Diela Area 1,M,Mini Boss,Normal,-1,40000,5,Dark,False,False,,
2295,Juvestida,186,400,Nov Diela Area 1,N,Normal,Normal,26000,427,5,Dark,False,False,,
2294,Walkastida,188,400,Nov Diela Area 1,N,Normal,Normal,29600,488,5,Dark,False,False,,
2293,Flystida,187,400,Nov Diela Area 1,N,Normal,Normal,31600,536,5,Dark,False,False,,
2292,Golden Potum (12M DL),100,248,Tolbas GrassLand,M,Mini Boss,Normal,30,100,6,Light,False,True,,
2291,Golden Potum (12M DL),100,110,Wanderer's Plain,M,Mini Boss,Normal,30,100,6,Light,False,True,,
2290,Golden Potum (12M DL),100,70,Darkanon Plain,M,Mini Boss,Normal,30,100,6,Light,False,True,,
2289,Golden Potum (12M DL),100,51,Yorl Highlands,M,Mini Boss,Normal,30,100,6,Light,False,True,,
2288,Golden Potum (12M DL),100,7,Rakau Plains,M,Mini Boss,Normal,30,100,6,Light,False,True,,
2287,Hero Potum Party (12M DL),220,399,Archfiend's Throne,B,Boss,Ultimate,30000000,159000,6,Light,False,True,,
2286,Hero Potum Party (12M DL),200,399,Archfiend's Throne,B,Boss,Nightmare,15000000,79500,6,Light,False,True,,
2285,Hero Potum Party (12M DL),190,399,Archfiend's Throne,B,Boss,Hard,6000000,31800,6,Light,False,True,,
2284,Hero Potum Party (12M DL),180,399,Archfiend's Throne,B,Boss,Normal,3000000,15900,6,Light,False,True,,
2283,Hero Potum Party (12M DL),170,399,Archfiend's Throne,B,Boss,Easy,300000,1590,6,Light,False,True,,
2282,Sakura Castle Exploration (Mini Game),140,286,Sakura Castle Donjon: Lower,N,Normal,Normal,1,1,-1,Unknown,False,True,,
2281,Dreamy Scarlet Sakura (Nightmare),220,398,Lush Falls : Upstream,B,Boss,Nightmare,3550000,14800,5,Dark,False,True,,
2280,Dreamy Scarlet Sakura (Hard),200,398,Lush Falls : Upstream,B,Boss,Hard,2830000,13300,5,Dark,False,True,,
2279,Dreamy Scarlet Sakura (Normal),180,398,Lush Falls : Upstream,B,Boss,Normal,1950000,11000,5,Dark,False,True,,
2278,Dreamy Scarlet Sakura (Easy),160,398,Lush Falls : Upstream,B,Boss,Easy,1230000,7250,5,Dark,False,True,,
2277,Gift from the Syndicate,0,87,Event,N,Normal,Normal,-1,-1,-1,Unknown,False,True,,
2276,†Dark Lord†,220,87,Event,B,Boss,Normal,1500000,50000,0,Neutral,False,True,,
2275,Hexter,242,397,Witch's Woods Depths,B,Boss,Ultimate,27200000,134200,3,Wind,False,False,,
2274,Hexter,222,397,Witch's Woods Depths,B,Boss,Nightmare,13600000,67100,3,Wind,False,False,,
2273,Hexter,212,397,Witch's Woods Depths,B,Boss,Hard,5440000,26840,3,Wind,False,False,,
2272,Hexter,202,397,Witch's Woods Depths,B,Boss,Normal,2720000,13420,3,Wind,False,False,,
2271,Hexter,192,397,Witch's Woods Depths,B,Boss,Easy,272000,1342,3,Wind,False,False,,
2270,Lord of Nezim,227,396,Nezim Wetlands,M,Mini Boss,Normal,-1,39200,2,Water,False,False,,
2269,Kappadon,177,396,Nezim Wetlands,N,Normal,Normal,14640,245,2,Water,False,False,,
2268,Spirabol,176,396,Nezim Wetlands,N,Normal,Normal,11750,194,4,Earth,False,False,,
2267,Coofer,178,396,Nezim Wetlands,N,Normal,Normal,13500,222,5,Dark,False,False,,
2266,Kappadon,175,396,Nezim Wetlands,N,Normal,Normal,14320,241,2,Water,False,False,,
2265,Strider,174,396,Nezim Wetlands,N,Normal,Normal,10000,167,2,Water,False,False,,
2264,Pillow Kitagawa,0,395,Kitagawa Dream Center,B,Boss,Normal,1000000,8000,1,Fire,False,True,,
2263,Alfenix,180,393,Cookie Road,N,Normal,Normal,-1,2520,6,Light,True,True,,
2262,Alfenix,230,111,El Scaro,B,Boss,Ultimate,14200000,69000,6,Light,False,True,,
2261,Snow Bear Box,0,394,Snowball Mini Game Venue,N,Normal,Normal,-1,-1,-1,Unknown,False,True,,
2260,Snowball Event NPC,0,394,Snowball Mini Game Venue,N,Normal,Normal,-1,-1,-1,Unknown,False,True,,
2259,Crow Killer,130,393,Cookie Road,N,Normal,Normal,21800,390,4,Earth,True,True,,
2258,Floragonet,129,393,Cookie Road,N,Normal,Normal,14000,236,3,Wind,False,True,,
2257,Honeybee,128,393,Cookie Road,N,Normal,Normal,9300,146,4,Earth,False,True,,
2256,Eerie Scarecrow,185,391,Witch's Woods Area 3,N,Normal,Normal,34000,528,3,Wind,False,False,,
2255,Enty,187,391,Witch's Woods Area 3,N,Normal,Normal,29000,482,5,Dark,False,False,,
2254,Bayaga,186,391,Witch's Woods Area 3,N,Normal,Normal,25700,426,3,Wind,False,False,,
2253,Eerie Scarecrow,184,390,Witch's Woods Area 2,N,Normal,Normal,34000,522,3,Wind,False,False,,
2252,Enty,186,390,Witch's Woods Area 2,N,Normal,Normal,29000,479,5,Dark,False,False,,
2251,Bayaga,185,390,Witch's Woods Area 2,N,Normal,Normal,25700,422,3,Wind,False,False,,
2250,Eerie Scarecrow,183,389,Witch's Woods Area 1,N,Normal,Normal,34000,518,3,Wind,False,False,,
2249,Alfenix,210,111,El Scaro,B,Boss,Nightmare,8560000,43000,6,Light,False,True,,
2248,Alfenix,180,111,El Scaro,B,Boss,Hard,5000000,26500,6,Light,False,True,,
2247,Alfenix,150,111,El Scaro,B,Boss,Normal,2600000,15800,6,Light,False,True,,
2246,Kruztor,250,111,El Scaro,B,Boss,Ultimate,50000000,200000,0,Neutral,False,True,,
2245,Grim Reaper Scarecrow,224,390,Witch's Woods Area 2,M,Mini Boss,Normal,-1,35140,3,Wind,False,False,,
2244,Black Shadow,239,392,Rokoko City Ruins,B,Boss,Ultimate,27800000,125000,5,Dark,False,False,,
2243,Black Shadow,219,392,Rokoko City Ruins,B,Boss,Nightmare,13900000,62500,5,Dark,False,False,,
2242,Black Shadow,209,392,Rokoko City Ruins,B,Boss,Hard,5560000,25000,5,Dark,False,False,,
2241,Black Shadow,199,392,Rokoko City Ruins,B,Boss,Normal,2780000,12500,5,Dark,False,False,,
2240,Black Shadow,189,392,Rokoko City Ruins,B,Boss,Easy,278000,1250,5,Dark,False,False,,
2239,Ice & Snow Bucket,0,87,Event,N,Normal,Normal,-1,-1,-1,Unknown,False,True,,
2238,Coofer,171,392,Rokoko City Ruins,N,Normal,Normal,12500,209,5,Dark,False,False,,
2237,Guard Colon,173,392,Rokoko City Ruins,N,Normal,Normal,13920,236,4,Earth,False,False,,
2236,Boon ,175,392,Rokoko City Ruins,N,Normal,Normal,-1,100,5,Dark,False,False,,
2235,Enty,185,389,Witch's Woods Area 1,N,Normal,Normal,29000,475,5,Dark,False,False,,
2234,Bayaga,184,389,Witch's Woods Area 1,N,Normal,Normal,25700,418,3,Wind,False,False,,
2233,Garnache (Bitter),200,388,Creme Cliff (Valentine's Day Event),B,Boss,Nightmare,5950000,31000,1,Fire,False,True,,
2232,Pico,125,388,Creme Cliff (Valentine's Day Event),N,Normal,Normal,-1,494,3,Wind,True,True,,
2231,Liqueur Potum,123,388,Creme Cliff (Valentine's Day Event),N,Normal,Normal,-1,587,2,Water,False,True,,
2230,Kijimu,124,388,Creme Cliff (Valentine's Day Event),N,Normal,Normal,-1,737,4,Earth,True,True,,
2229,Stoodie's Experiment (100-150),0,111,El Scaro,C,NPC,Normal,0,0,0,Neutral,False,False,,
2228,Stoodie's Experiment (10-90),0,111,El Scaro,C,NPC,Normal,0,0,0,Neutral,False,False,,
2227,P. Avatar (2021),400,87,Event,B,Boss,Normal,1000000,0,0,Neutral,False,True,,
2226,Stellar Ooze,230,87,Event,B,Boss,Normal,40000000,75000,6,Light,False,True,,
2225,Zodiac Ox Box,0,88,-,N,Normal,Normal,0,0,0,Neutral,False,True,,
2224,Bonivio (New Year Event 2021),30,87,Event,N,Normal,Normal,40000,-1,6,Light,True,True,,
2223,Bonivio (New Year Event 2021),10,87,Event,B,Boss,Normal,40000,300,6,Light,False,True,,
2222,Lalun (Summer Event Exchange),0,87,Event,C,NPC,Normal,0,0,0,Neutral,False,True,,
2221,Zega (Megiston 2020),220,87,Event,B,Boss,Normal,6400000,77400,2,Water,False,True,,
2220,Zolban (Megiston 2020),210,87,Event,B,Boss,Normal,1500000,28400,4,Earth,False,True,,
2219,Finstern the Dark Dragon (Megiston 2020),200,87,Event,B,Boss,Normal,8300000,19800,5,Dark,False,True,,
2218,Kuzto (Megiston 2020),190,87,Event,B,Boss,Normal,3500000,13900,4,Earth,False,True,,
2217,Eroded Pilz (Megiston 2020),180,87,Event,B,Boss,Normal,3000000,15000,2,Water,False,True,,
2216,Gift Coryn,0,385,Tomte Pavillion (170-190),N,Normal,Normal,-1,-1,-1,Unknown,False,True,,
2215,Yule Cat,197,385,Tomte Pavillion (170-190),B,Boss,Hard,4230000,20300,6,Light,False,True,,
2214,HATSUNE MIKU's Collab Event Reception (2nd Part),0,383,HATSUNE MIKU Collab Venue,C,NPC,Normal,0,0,0,Neutral,False,True,,
2213,Acernix,141,387,Tomte Pavillion (130-150),N,Normal,Normal,-1,-1,-1,Unknown,True,True,,
2212,Santaby,142,387,Tomte Pavillion (130-150),N,Normal,Normal,-1,-1,-1,Unknown,True,True,,
2211,Minimyu,140,387,Tomte Pavillion (130-150),N,Normal,Normal,-1,-1,-1,Unknown,True,True,,
2210,Acernix,160,386,Tomte Pavillion (150-170),N,Normal,Normal,-1,-1,-1,Unknown,True,True,,
2209,Mille,162,386,Tomte Pavillion (150-170),N,Normal,Normal,-1,-1,-1,Unknown,True,True,,
2208,Santaby,159,386,Tomte Pavillion (150-170),N,Normal,Normal,-1,-1,-1,Unknown,True,True,,
2207,Sentreast,180,385,Tomte Pavillion (170-190),N,Normal,Normal,-1,-1,-1,Unknown,True,True,,
2206,Schnee,182,385,Tomte Pavillion (170-190),N,Normal,Normal,-1,-1,-1,Unknown,True,True,,
2205,Santaby,182,385,Tomte Pavillion (170-190),N,Normal,Normal,-1,-1,-1,Unknown,False,True,,
2204,Rainy Season Event,0,87,Event,N,Normal,Normal,0,0,0,Neutral,False,False,,
2203,Dirty Antique,0,88,-,N,Normal,Normal,0,0,0,Neutral,False,False,,
2202,Golden Casket,0,88,-,N,Normal,Normal,0,0,0,Neutral,False,False,,
2201,Red Steel Box,0,88,-,N,Normal,Normal,0,0,0,Neutral,False,False,,
2200,Suspicious Old Box,0,88,-,N,Normal,Normal,0,0,0,Neutral,False,False,,
2199,Valentine Event (All Monsters),0,87,Event,N,Normal,Normal,0,0,0,Neutral,False,True,,
2198,Pumpking,100,485,Tir Na Nog Square,B,Boss,Very Hard,700000,10500,1,Fire,False,True,,
2197,Pumpking,75,485,Tir Na Nog Square,B,Boss,Hard,280000,5300,1,Fire,False,True,,
2196,Pumpking,50,485,Tir Na Nog Square,B,Boss,Normal,82000,2300,1,Fire,False,True,,
2195,Pumpking,25,485,Tir Na Nog Square,B,Boss,Easy,12000,640,1,Fire,False,True,,
2194,Concert Potum,180,384,Pom Taming Land,M,Mini Boss,Normal,-1,269,0,Neutral,True,True,,
2193,HATSUNE MIKU's Collab Event Reception (1st Part),0,383,HATSUNE MIKU Collab Venue,C,NPC,Normal,0,0,0,Neutral,False,True,,
2192,Arachnidemon,236,382,Arche Valley: Depths,B,Boss,Ultimate,23940000,116000,5,Dark,False,False,,
2191,Arachnidemon,216,382,Arche Valley: Depths,B,Boss,Nightmare,11970000,58000,5,Dark,False,False,,
2190,Arachnidemon,206,382,Arche Valley: Depths,B,Boss,Hard,4788000,23200,5,Dark,False,False,,
2189,Arachnidemon,196,382,Arche Valley: Depths,B,Boss,Normal,2394000,11600,5,Dark,False,False,,
2188,Arachnidemon,186,382,Arche Valley: Depths,B,Boss,Easy,239400,1160,5,Dark,False,False,,
2187,Besy,182,381,Arche Valley: Area 1,N,Normal,Normal,26500,463,5,Dark,False,False,,
2186,Espectro,221,381,Arche Valley: Area 1,M,Mini Boss,Normal,-1,33600,5,Dark,False,False,,
2185,Fronymon,181,381,Arche Valley: Area 1,N,Normal,Normal,25500,406,2,Water,False,False,,
2184,Sumari,180,381,Arche Valley: Area 1,N,Normal,Normal,22000,353,3,Wind,False,False,,
2183,Arbonymon,170,380,Celarra Plateau,N,Normal,Normal,13000,235,4,Earth,False,False,,
2182,Ovinymon,169,380,Celarra Plateau,N,Normal,Normal,12000,207,4,Earth,False,False,,
2181,Shroonymon,168,380,Celarra Plateau,N,Normal,Normal,11000,180,4,Earth,False,False,,
2180,Phantom Wisp,200,373,Phantom Wisp's Hideout: Theater,B,Boss,Very Hard,2220000,9900,3,Wind,False,True,,
2179,Pisteus,233,379,Ducia Coast: Depths,B,Boss,Ultimate,23200000,113000,2,Water,False,False,,
2178,Pisteus,213,379,Ducia Coast: Depths,B,Boss,Nightmare,11600000,56500,2,Water,False,False,,
2177,Pisteus,203,379,Ducia Coast: Depths,B,Boss,Hard,4640000,22600,2,Water,False,False,,
2176,Pisteus,193,379,Ducia Coast: Depths,B,Boss,Normal,2320000,11300,2,Water,False,False,,
2175,Pisteus,183,379,Ducia Coast: Depths,B,Boss,Easy,232000,1130,2,Water,False,False,,
2174,Porgy,181,378,Ducia Coast: Area 3,N,Normal,Normal,17000,660,2,Water,True,False,,
2173,Cabello,188,378,Ducia Coast: Area 3,N,Normal,Normal,34500,605,5,Dark,True,False,,
2172,Lutris,179,378,Ducia Coast: Area 3,N,Normal,Normal,32000,550,2,Water,True,False,,
2171,Agelada,180,377,Ducia Coast: Area 2,N,Normal,Normal,49000,756,1,Fire,True,False,,
2170,Cabello,179,377,Ducia Coast: Area 2,N,Normal,Normal,34500,600,5,Dark,True,False,,
2169,Ageladanios,218,376,Ducia Coast: Area 1,M,Mini Boss,Normal,7000000,34350,1,Fire,False,False,,
2168,Agelada,179,376,Ducia Coast: Area 1,N,Normal,Normal,49000,750,1,Fire,True,False,,
2167,Cabello,177,376,Ducia Coast: Area 1,N,Normal,Normal,34500,588,5,Dark,True,False,,
2166,Porgy,178,376,Ducia Coast: Area 1,N,Normal,Normal,17000,642,2,Water,True,False,,
2165,Pojo,165,375,Inje Village,N,Normal,Normal,13000,219,4,Earth,True,False,,
2164,Climber Potum,166,375,Inje Village,N,Normal,Normal,16500,287,4,Earth,True,False,,
2163,Flooray,167,375,Inje Village,N,Normal,Normal,13000,245,0,Neutral,True,False,,
2162,Necrome,164,374,Lunagent Cliff Base,N,Normal,Normal,15000,259,5,Dark,False,False,,
2161,Porgy,163,374,Lunagent Cliff Base,N,Normal,Normal,17000,278,2,Water,True,False,,
2160,Flooray,162,374,Lunagent Cliff Base,N,Normal,Normal,13000,232,0,Neutral,True,False,,
2159,Phantom Wisp,175,373,Phantom Wisp's Hideout: Theater,B,Boss,Hard,1600000,7600,3,Wind,False,True,,
2158,Phantom Wisp,150,373,Phantom Wisp's Hideout: Theater,B,Boss,Normal,1130000,5900,3,Wind,False,True,,
2157,Phantom Wisp,125,373,Phantom Wisp's Hideout: Theater,B,Boss,Easy,490000,4400,3,Wind,False,True,,
2156,Galamp,124,372,Phantom Wisp's Hideout,N,Normal,Normal,14500,-1,1,Fire,True,True,,
2155,Lanbat,123,372,Phantom Wisp's Hideout,N,Normal,Normal,11500,-1,1,Fire,True,True,,
2154,Thief Rat,122,372,Phantom Wisp's Hideout,N,Normal,Normal,13000,-1,4,Earth,False,True,,
2153,Galamp,121,372,Phantom Wisp's Hideout,N,Normal,Normal,14500,-1,1,Fire,True,True,,
2152,Lanbat,120,372,Phantom Wisp's Hideout,N,Normal,Normal,11500,-1,1,Fire,True,True,,
2151,Venena Metacoenubia,235,371,Neo Plastida,B,Boss,Ultimate,-1,570000,1,Fire,False,False,,
2150,Venena Metacoenubia,215,371,Neo Plastida,B,Boss,Nightmare,-1,285000,1,Fire,False,False,,
2149,Venena Metacoenubia,205,371,Neo Plastida,B,Boss,Hard,-1,114000,1,Fire,False,False,,
2148,Venena Metacoenubia,195,371,Neo Plastida,B,Boss,Normal,-1,57000,1,Fire,False,False,,
2147,Venena Metacoenubia,185,371,Neo Plastida,B,Boss,Easy,-1,5700,1,Fire,False,False,,
2146,Tappler,218,370,Ruins of Urban Elban,M,Mini Boss,Normal,-1,37400,5,Dark,False,False,,
2145,Cabrigo,177,370,Ruins of Urban Elban,N,Normal,Normal,75000,1421,5,Dark,False,False,,
2144,Stapp,179,370,Ruins of Urban Elban,N,Normal,Normal,80000,1500,5,Dark,False,False,,
2143,Wallkong,181,370,Ruins of Urban Elban,N,Normal,Normal,80000,1574,5,Dark,False,False,,
2142,Adaro (High Difficulty),250,369,Underwater Ruins: Deepest,B,Boss,Ultimate,100000000,545000,2,Water,False,True,,
2141,Adaro (High Difficulty),230,369,Underwater Ruins: Deepest,B,Boss,Nightmare,50000000,272500,2,Water,False,True,,
2140,Adaro (High Difficulty),220,369,Underwater Ruins: Deepest,B,Boss,Hard,20000000,109000,2,Water,False,True,,
2139,Adaro (High Difficulty),210,369,Underwater Ruins: Deepest,B,Boss,Normal,10000000,54500,2,Water,False,True,,
2138,Adaro (High Difficulty),200,369,Underwater Ruins: Deepest,B,Boss,Easy,1000000,5450,2,Water,False,True,,
2137,Adaro,210,369,Underwater Ruins: Deepest,B,Boss,Ultimate,35000000,183400,2,Water,False,True,,
2136,Adaro,190,369,Underwater Ruins: Deepest,B,Boss,Nightmare,17500000,91700,2,Water,False,True,,
2135,Adaro,180,369,Underwater Ruins: Deepest,B,Boss,Hard,7000000,36680,2,Water,False,True,,
2134,Adaro,170,369,Underwater Ruins: Deepest,B,Boss,Normal,3500000,18340,2,Water,False,True,,
2133,Adaro,160,369,Underwater Ruins: Deepest,B,Boss,Easy,350000,1834,2,Water,False,True,,
2132,Gopherga,207,368,Underwater Ruins,M,Mini Boss,Normal,-1,70000,2,Water,False,True,,
2131,Seaclin,149,368,Underwater Ruins,N,Normal,Normal,45000,899,2,Water,True,True,,
2130,Seaclin,151,368,Underwater Ruins,N,Normal,Normal,45000,525,2,Water,True,True,,
2129,Seanniped,152,368,Underwater Ruins,N,Normal,Normal,50000,1150,2,Water,True,True,,
2128,Seanniped,148,368,Underwater Ruins,N,Normal,Normal,50000,1123,2,Water,True,True,,
2127,Sharneon,150,368,Underwater Ruins,N,Normal,Normal,55000,1030,6,Light,True,True,,
2126,Zega (5th Anniv),265,367,Anniversary Arena: 5th Venue,B,Boss,Ultimate,50000000,0,2,Water,False,True,,
2125,Megiston,265,367,Anniversary Arena: 5th Venue,B,Boss,Ultimate,200000000,966000,1,Fire,False,True,,
2124,Zega (5th Anniv),245,367,Anniversary Arena: 5th Venue,B,Boss,Nightmare,25000000,0,2,Water,False,True,,
2123,Megiston,245,367,Anniversary Arena: 5th Venue,B,Boss,Nightmare,100000000,483000,1,Fire,False,True,,
2122,Zega (5th Anniv),235,367,Anniversary Arena: 5th Venue,B,Boss,Hard,10000000,0,2,Water,False,True,,
2121,Megiston,235,367,Anniversary Arena: 5th Venue,B,Boss,Hard,40000000,193200,1,Fire,False,True,,
2120,Zega (5th Anniv),225,367,Anniversary Arena: 5th Venue,B,Boss,Normal,5000000,0,2,Water,False,True,,
2119,Megiston,225,367,Anniversary Arena: 5th Venue,B,Boss,Normal,20000000,96600,1,Fire,False,True,,
2118,Hyper Raffy,195,367,Anniversary Arena: 5th Venue,B,Boss,Normal,100,45000,0,Neutral,False,True,,
2117,Giant Alpoca,195,367,Anniversary Arena: 5th Venue,B,Boss,Normal,10000000,45000,0,Neutral,False,True,,
2116,Jumbo Oddy,195,367,Anniversary Arena: 5th Venue,B,Boss,Normal,10000000,45000,1,Fire,False,True,,
2115,Super Vanilla Potum,195,367,Anniversary Arena: 5th Venue,B,Boss,Normal,-1,45000,0,Neutral,False,True,,
2114,Topaz Eater,240,367,Anniversary Arena: 5th Venue,B,Boss,Ultimate,22200000,99000,4,Earth,False,True,,
2113,Sapphire Crusher,240,367,Anniversary Arena: 5th Venue,B,Boss,Ultimate,19000000,99000,2,Water,False,True,,
2112,Diamond Hunter,240,367,Anniversary Arena: 5th Venue,B,Boss,Ultimate,25400000,99000,6,Light,False,True,,
2111,Topaz Eater,220,367,Anniversary Arena: 5th Venue,B,Boss,Nightmare,11100000,49500,4,Earth,False,True,,
2110,Sapphire Crusher,220,367,Anniversary Arena: 5th Venue,B,Boss,Nightmare,9500000,49500,2,Water,False,True,,
2109,Diamond Hunter,220,367,Anniversary Arena: 5th Venue,B,Boss,Nightmare,12700000,49500,6,Light,False,True,,
2108,Topaz Eater,210,367,Anniversary Arena: 5th Venue,B,Boss,Hard,4440000,19800,4,Earth,False,True,,
2107,Sapphire Crusher,210,367,Anniversary Arena: 5th Venue,B,Boss,Hard,3800000,19800,2,Water,False,True,,
2106,Diamond Hunter,210,367,Anniversary Arena: 5th Venue,B,Boss,Hard,5080000,19800,6,Light,False,True,,
2105,Topaz Eater,200,367,Anniversary Arena: 5th Venue,B,Boss,Normal,2220000,9900,4,Earth,False,True,,
2104,Sapphire Crusher,200,367,Anniversary Arena: 5th Venue,B,Boss,Normal,1900000,9900,2,Water,False,True,,
2103,Diamond Hunter,200,367,Anniversary Arena: 5th Venue,B,Boss,Normal,2540000,9900,6,Light,False,True,,
2102,Strawberry Tapir,230,367,Anniversary Arena: 5th Venue,B,Boss,Ultimate,18000000,75000,3,Wind,False,True,,
2101,Chocopy,230,367,Anniversary Arena: 5th Venue,B,Boss,Ultimate,17000000,75000,4,Earth,False,True,,
2100,Mintyliebe,230,367,Anniversary Arena: 5th Venue,B,Boss,Ultimate,19000000,75000,2,Water,False,True,,
2099,Strawberry Tapir,210,367,Anniversary Arena: 5th Venue,B,Boss,Nightmare,9000000,37500,3,Wind,False,True,,
2098,Chocopy,210,367,Anniversary Arena: 5th Venue,B,Boss,Nightmare,8500000,37500,4,Earth,False,True,,
2097,Mintyliebe,210,367,Anniversary Arena: 5th Venue,B,Boss,Nightmare,9500000,37500,2,Water,False,True,,
2096,Strawberry Tapir,200,367,Anniversary Arena: 5th Venue,B,Boss,Hard,3600000,15000,3,Wind,False,True,,
2095,Chocopy,200,367,Anniversary Arena: 5th Venue,B,Boss,Hard,3400000,15000,4,Earth,False,True,,
2094,Mintyliebe,200,367,Anniversary Arena: 5th Venue,B,Boss,Hard,3800000,15000,2,Water,False,True,,
2093,Strawberry Tapir,190,367,Anniversary Arena: 5th Venue,B,Boss,Normal,1800000,7500,3,Wind,False,True,,
2092,Chocopy,190,367,Anniversary Arena: 5th Venue,B,Boss,Normal,1700000,7500,4,Earth,False,True,,
2091,Mintyliebe,190,367,Anniversary Arena: 5th Venue,B,Boss,Normal,1900000,7500,2,Water,False,True,,
2090,Sand Bandits Leader,215,365,Geist Desert: Area 3,M,Mini Boss,Normal,-1,48500,4,Earth,False,False,,
2089,Vulture,230,366,Geist Desert: Depths,B,Boss,Ultimate,56300000,272000,5,Dark,False,False,,
2088,Vulture,210,366,Geist Desert: Depths,B,Boss,Nightmare,28150000,136000,5,Dark,False,False,,
2087,Vulture,200,366,Geist Desert: Depths,B,Boss,Hard,11260000,54400,5,Dark,False,False,,
2086,Vulture,190,366,Geist Desert: Depths,B,Boss,Normal,5630000,27200,5,Dark,False,False,,
2085,Vulture,180,366,Geist Desert: Depths,B,Boss,Easy,563000,2720,5,Dark,False,False,,
2084,Sand Bandits Gan,178,365,Geist Desert: Area 3,N,Normal,Normal,40000,642,4,Earth,True,False,,
2083,Sand Bandits Potum,177,365,Geist Desert: Area 3,N,Normal,Normal,23000,392,3,Wind,True,False,,
2082,Sand Bandits Gan,176,364,Geist Desert: Area 2,N,Normal,Normal,40000,631,4,Earth,True,False,,
2081,Sand Bandits Chopper,175,364,Geist Desert: Area 2,N,Normal,Normal,50000,867,0,Neutral,True,False,,
2080,Sand Bandits Chopper,175,363,Geist Desert: Area 1,N,Normal,Normal,50000,867,0,Neutral,True,False,,
2079,Sand Bandits Potum,174,363,Geist Desert: Area 1,N,Normal,Normal,23000,380,3,Wind,True,False,,
2078,Coronella,166,362,Inanis Wilderness,N,Normal,Normal,14000,208,0,Neutral,False,False,,
2077,Sandsaur,163,362,Inanis Wilderness,N,Normal,Normal,13000,192,4,Earth,True,False,,
2076,Sandsaur,165,362,Inanis Wilderness,N,Normal,Normal,13000,195,4,Earth,True,False,,
2075,Minimyu,164,362,Inanis Wilderness,N,Normal,Normal,10000,143,3,Wind,True,False,,
2074,Coronella,162,362,Inanis Wilderness,N,Normal,Normal,14000,200,0,Neutral,False,False,,
2073,Patissia,225,87,Event,B,Boss,Ultimate,65000000,240000,4,Earth,False,True,,
2072,Repthon,227,361,Deltzon Research Zone: Deepest Area,B,Boss,Ultimate,50000000,247600,5,Dark,False,False,,
2071,Repthon,207,361,Deltzon Research Zone: Deepest Area,B,Boss,Nightmare,25000000,123800,5,Dark,False,False,,
2070,Repthon,197,361,Deltzon Research Zone: Deepest Area,B,Boss,Hard,10000000,49520,5,Dark,False,False,,
2069,Repthon,187,361,Deltzon Research Zone: Deepest Area,B,Boss,Normal,5000000,24760,5,Dark,False,False,,
2068,Repthon,177,361,Deltzon Research Zone: Deepest Area,B,Boss,Easy,500000,2476,5,Dark,False,False,,
2067,Monoglare,173,360,Deltzon Research Zone: Area 3,N,Normal,Normal,20000,330,6,Light,True,False,,
2066,Swirly Whirly,175,360,Deltzon Research Zone: Area 3,N,Normal,Normal,23000,434,4,Earth,True,False,,
2065,Corphibi,174,360,Deltzon Research Zone: Area 3,N,Normal,Normal,25000,428,3,Wind,True,False,,
2064,Corphibi,173,359,Deltzon Research Zone: Area 2,N,Normal,Normal,25000,425,3,Wind,True,False,,
2063,Swirly Whirly,174,359,Deltzon Research Zone: Area 2,N,Normal,Normal,23000,428,4,Earth,True,False,,
2062,Monoglare,172,359,Deltzon Research Zone: Area 2,N,Normal,Normal,20000,328,6,Light,True,False,,
2061,Swirly Whirly,173,358,Deltzon Research Zone: Area 1,N,Normal,Normal,23000,425,4,Earth,True,False,,
2060,Monoglare,171,358,Deltzon Research Zone: Area 1,N,Normal,Normal,20000,329,6,Light,True,False,,
2059,Corphibi,172,358,Deltzon Research Zone: Area 1,N,Normal,Normal,25000,421,3,Wind,True,False,,
2058,Lazulligator,163,357,Old Lufenas Mansion Ruins,N,Normal,Normal,13000,193,4,Earth,True,False,,
2057,Tardigrande,162,357,Old Lufenas Mansion Ruins,N,Normal,Normal,12000,203,1,Fire,False,False,,
2056,Lazulligator,160,357,Old Lufenas Mansion Ruins,N,Normal,Normal,13000,187,4,Earth,True,False,,
2055,Tardigrademon,213,357,Old Lufenas Mansion Ruins,M,Mini Boss,Normal,-1,38157,1,Fire,False,False,,
2054,Marquis Colon,161,357,Old Lufenas Mansion Ruins,N,Normal,Normal,11000,168,3,Wind,True,False,,
2053,Tardigrande,159,357,Old Lufenas Mansion Ruins,N,Normal,Normal,12000,206,1,Fire,False,False,,
2052,Amalgam,200,351,Twilight Sakura Castle: Top,B,Boss,Nightmare,10000000,46000,5,Dark,False,True,,
2051,Florroractus,173,355,Morga Wasteland: Area 3,N,Normal,Normal,200000,3776,4,Earth,False,False,,
2050,Evil Eye,171,355,Morga Wasteland: Area 3,N,Normal,Normal,80000,1392,5,Dark,False,False,,
2049,Demonic Quasar,225,356,Morga Wasteland: Deepest Area,B,Boss,Ultimate,80000000,405000,5,Dark,False,False,,
2048,Demonic Quasar,205,356,Morga Wasteland: Deepest Area,B,Boss,Nightmare,40000000,202500,5,Dark,False,False,,
2047,Demonic Quasar,195,356,Morga Wasteland: Deepest Area,B,Boss,Hard,16000000,81000,5,Dark,False,False,,
2046,Demonic Quasar,185,356,Morga Wasteland: Deepest Area,B,Boss,Normal,8000000,40500,5,Dark,False,False,,
2045,Demonic Quasar,175,356,Morga Wasteland: Deepest Area,B,Boss,Easy,800000,4050,5,Dark,False,False,,
2044,Hellhound,172,355,Morga Wasteland: Area 3,N,Normal,Normal,100000,1497,1,Fire,False,False,,
2043,Hellhound,170,354,Morga Wasteland: Area 2,N,Normal,Normal,100000,1472,1,Fire,False,False,,
2042,Mummy Golem,171,354,Morga Wasteland: Area 2,N,Normal,Normal,100000,1624,5,Dark,False,False,,
2041,Florroractus,172,354,Morga Wasteland: Area 2,N,Normal,Normal,100000,3744,4,Earth,False,False,,
2040,Mummy Golem,170,353,Morga Wasteland: Area 1,N,Normal,Normal,100000,1610,5,Dark,False,False,,
2039,Evil Eye,169,353,Morga Wasteland: Area 1,N,Normal,Normal,80000,1362,5,Dark,False,False,,
2038,Florroractus,171,353,Morga Wasteland: Area 1,N,Normal,Normal,200000,3712,4,Earth,False,False,,
2037,Demonic Eye,212,352,Dea Ruinea,M,Mini Boss,Normal,10000000,75834,3,Wind,False,False,,
2036,Felicitoad,190,79,Sofya City: Government Office,B,Boss,Ultimate,66000000,200000,2,Water,False,True,,
2035,Felicitoad,170,79,Sofya City: Government Office,B,Boss,Nightmare,33000000,100000,2,Water,False,True,,
2034,Felicitoad,160,79,Sofya City: Government Office,B,Boss,Hard,13200000,40000,2,Water,False,True,,
2033,Felicitoad,150,79,Sofya City: Government Office,B,Boss,Normal,66000000,20000,2,Water,False,True,,
2032,Felicitoad,140,79,Sofya City: Government Office,B,Boss,Easy,660000,2000,2,Water,False,True,,
2031,Golden Coryn (2020),109,248,Tolbas GrassLand,M,Mini Boss,Normal,10000,20,0,Neutral,False,True,,
2030,Golden Coryn (2020),108,110,Wanderer's Plain,M,Mini Boss,Normal,10000,20,0,Neutral,False,True,,
2029,Golden Coryn (2020),107,70,Darkanon Plain,M,Mini Boss,Normal,10000,20,0,Neutral,False,True,,
2028,Golden Coryn (2020),106,51,Yorl Highlands,M,Mini Boss,Normal,10000,20,0,Neutral,False,True,,
2027,Golden Coryn (2020),105,7,Rakau Plains,M,Mini Boss,Normal,10000,20,0,Neutral,False,True,,
2026,Golden Coryn (2019),104,248,Tolbas GrassLand,M,Mini Boss,Normal,10000,20,0,Neutral,False,True,,
2025,Golden Coryn (2019),103,110,Wanderer's Plain,M,Mini Boss,Normal,10000,20,0,Neutral,False,True,,
2024,Golden Coryn (2019),102,70,Darkanon Plain,M,Mini Boss,Normal,10000,20,0,Neutral,False,True,,
2023,Golden Coryn (2019),101,51,Yorl Highlands,M,Mini Boss,Normal,10000,20,0,Neutral,False,True,,
2022,Golden Coryn (2019),100,7,Rakau Plains,M,Mini Boss,Normal,10000,20,0,Neutral,False,True,,
2021,Amalgam,180,351,Twilight Sakura Castle: Top,B,Boss,Hard,6000000,26500,5,Dark,False,True,,
2020,Amalgam,160,351,Twilight Sakura Castle: Top,B,Boss,Normal,3000000,13100,5,Dark,False,True,,
2019,Amalgam,140,351,Twilight Sakura Castle: Top,B,Boss,Easy,740000,3500,5,Dark,False,True,,
2018,Squire,140,349,Twilight Sakura Castle: Inside,N,Normal,Normal,8000,187,3,Wind,True,True,,
2017,Insector,142,349,Twilight Sakura Castle: Inside,N,Normal,Normal,11000,244,5,Dark,True,True,,
2016,Shark Wolf,141,349,Twilight Sakura Castle: Inside,N,Normal,Normal,11000,243,3,Wind,True,True,,
2015,Sakura Potum,140,350,Twilight Sakura Castle: Outside,N,Normal,Normal,6000,113,6,Light,True,True,,
2014,Corroded Crystal,139,349,Twilight Sakura Castle: Inside,N,Normal,Normal,24000,338,5,Dark,False,True,,
2013,Shark Wolf,139,349,Twilight Sakura Castle: Inside,N,Normal,Normal,11000,243,3,Wind,True,True,,
2012,Insector,138,349,Twilight Sakura Castle: Inside,N,Normal,Normal,11000,242,5,Dark,True,True,,
2011,Gravicep,224,348,Recetacula Sector: Depot Rooftop,B,Boss,Ultimate,51500000,191900,0,Neutral,False,False,,
2010,Gravicep,204,348,Recetacula Sector: Depot Rooftop,B,Boss,Nightmare,25750000,95950,0,Neutral,False,False,,
2009,Gravicep,194,348,Recetacula Sector: Depot Rooftop,B,Boss,Hard,10300000,38380,0,Neutral,False,False,,
2008,Gravicep,184,348,Recetacula Sector: Depot Rooftop,B,Boss,Normal,5150000,19190,0,Neutral,False,False,,
2007,Gravicep,174,348,Recetacula Sector: Depot Rooftop,B,Boss,Easy,515000,1919,0,Neutral,False,False,,
2006,Weltacle,170,347,Recetacula Sector: Area 3,N,Normal,Normal,30000,368,2,Water,True,False,,
2005,Toxinaria,172,347,Recetacula Sector: Area 3,N,Normal,Normal,30000,608,5,Dark,False,False,,
2004,Bladefish,171,347,Recetacula Sector: Area 3,N,Normal,Normal,25000,371,2,Water,True,False,,
2003,Toxinaria,171,346,Recetacula Sector: Area 2,N,Normal,Normal,30000,603,5,Dark,False,False,,
2002,Actinirania,170,346,Recetacula Sector: Area 2,N,Normal,Normal,30000,598,2,Water,True,False,,
2001,Bladefish,169,346,Recetacula Sector: Area 2,N,Normal,Normal,25000,363,2,Water,True,False,,
2000,Canemofish,210,345,Recetacula Sector: Area 1,M,Mini Boss,Normal,-1,39845,6,Light,False,False,,
1999,Actinirania,169,345,Recetacula Sector: Area 1,N,Normal,Normal,30000,590,2,Water,True,False,,
1998,Toxinaria,170,345,Recetacula Sector: Area 1,N,Normal,Normal,30000,598,5,Dark,False,False,,
1997,Weltacle,168,345,Recetacula Sector: Area 1,N,Normal,Normal,15000,360,2,Water,True,False,,
1996,Orustica,159,344,Pupalov Sector,N,Normal,Normal,10000,185,1,Fire,False,False,,
1995,Orustica,157,344,Pupalov Sector,N,Normal,Normal,10000,181,1,Fire,False,False,,
1994,Cadaverustica,160,344,Pupalov Sector,N,Normal,Normal,12000,208,0,Neutral,True,False,,
1993,Earustica,158,344,Pupalov Sector,N,Normal,Normal,10000,163,5,Dark,False,False,,
1992,Cadaverustica,156,344,Pupalov Sector,N,Normal,Normal,12000,200,0,Neutral,True,False,,
1991,Mercy (Choco Banana),220,121,Dunkel Valley,B,Boss,Ultimate,24000000,110000,2,Water,False,True,,
1990,Mercy (Banana),190,121,Dunkel Valley,B,Boss,Nightmare,11000000,46400,2,Water,False,True,,
1989,Mercy (Strawberry),160,121,Dunkel Valley,B,Boss,Hard,4000000,20000,2,Water,False,True,,
1988,Mercy (Plain),130,121,Dunkel Valley,B,Boss,Normal,1000000,7000,2,Water,False,True,,
1987,Golden Potum (11M DL),100,248,Tolbas GrassLand,M,Mini Boss,Normal,30,100,6,Light,False,True,,
1986,Golden Potum (11M DL),100,110,Wanderer's Plain,M,Mini Boss,Normal,30,100,6,Light,False,True,,
1985,Golden Potum (11M DL),100,70,Darkanon Plain,M,Mini Boss,Normal,30,100,6,Light,False,True,,
1984,Golden Potum (11M DL),100,51,Yorl Highlands,M,Mini Boss,Normal,30,100,6,Light,False,True,,
1983,Golden Potum (11M DL),100,7,Rakau Plains,M,Mini Boss,Normal,30,100,6,Light,False,True,,
1982,Potumotter (11M DL),220,79,Sofya City: Government Office,B,Boss,Ultimate,-1,72500,4,Earth,False,True,,
1981,Potumotter (11M DL),190,79,Sofya City: Government Office,B,Boss,Nightmare,-1,36250,4,Earth,False,True,,
1980,Potumotter (11M DL),180,79,Sofya City: Government Office,B,Boss,Hard,-1,14500,4,Earth,False,True,,
1979,Potumotter (11M DL),170,79,Sofya City: Government Office,B,Boss,Normal,-1,7250,4,Earth,False,True,,
1978,Potumotter (11M DL),160,79,Sofya City: Government Office,B,Boss,Easy,-1,725,4,Earth,False,True,,
1977,Pomie Chan (11M DL),220,79,Sofya City: Government Office,B,Boss,Ultimate,-1,96667,4,Earth,False,True,,
1976,Pomie Chan (11M DL),190,79,Sofya City: Government Office,B,Boss,Nightmare,-1,48333,4,Earth,False,True,,
1975,Pomie Chan (11M DL),180,79,Sofya City: Government Office,B,Boss,Hard,-1,19333,4,Earth,False,True,,
1974,Pomie Chan (11M DL),170,79,Sofya City: Government Office,B,Boss,Normal,-1,9667,4,Earth,False,True,,
1973,Pomie Chan (11M DL),160,79,Sofya City: Government Office,B,Boss,Easy,-1,967,4,Earth,False,True,,
1972,Hero Potum (11M DL),220,79,Sofya City: Government Office,B,Boss,Ultimate,26000000,145000,6,Light,False,True,,
1971,Hero Potum (11M DL),190,79,Sofya City: Government Office,B,Boss,Nightmare,13000000,72500,6,Light,False,True,,
1970,Hero Potum (11M DL),180,79,Sofya City: Government Office,B,Boss,Hard,5200000,29000,6,Light,False,True,,
1969,Hero Potum (11M DL),170,79,Sofya City: Government Office,B,Boss,Normal,2600000,14500,6,Light,False,True,,
1968,Hero Potum (11M DL),160,79,Sofya City: Government Office,B,Boss,Easy,260000,1450,6,Light,False,True,,
1967,Sapphire Roga,221,343,Avant Plastida: Deepest Area,B,Boss,Ultimate,38000000,202700,5,Dark,False,False,,
1966,Sapphire Roga,201,343,Avant Plastida: Deepest Area,B,Boss,Nightmare,19000000,101350,5,Dark,False,False,,
1965,Sapphire Roga,191,343,Avant Plastida: Deepest Area,B,Boss,Hard,7600000,40540,5,Dark,False,False,,
1964,Sapphire Roga,181,343,Avant Plastida: Deepest Area,B,Boss,Normal,3800000,20270,5,Dark,False,False,,
1963,Sapphire Roga,171,343,Avant Plastida: Deepest Area,B,Boss,Easy,380000,2027,5,Dark,False,False,,
1962,Flying Tentacle,169,342,Avant Plastida: Area 3,N,Normal,Normal,22000,409,5,Dark,False,False,,
1961,Wandering Blood Crystal,168,342,Avant Plastida: Area 3,N,Normal,Normal,22000,450,5,Dark,False,False,,
1960,Strange Tentacle,168,342,Avant Plastida: Area 3,N,Normal,Normal,10000,225,5,Dark,False,False,,
1959,Flying Tentacle,168,341,Avant Plastida: Area 2,N,Normal,Normal,22000,405,5,Dark,False,False,,
1958,Wandering Blood Crystal,167,341,Avant Plastida: Area 2,N,Normal,Normal,22000,446,5,Dark,False,False,,
1957,Corroded Goblin,166,341,Avant Plastida: Area 2,N,Normal,Normal,22000,442,5,Dark,False,False,,
1956,Strange Tentacle,167,341,Avant Plastida: Area 2,N,Normal,Normal,10000,223,5,Dark,False,False,,
1955,Bloodie Crystal,207,340,Avant Plastida: Area 1,M,Mini Boss,Normal,-1,34280,5,Dark,False,False,,
1954,Flying Tentacle,167,340,Avant Plastida: Area 1,N,Normal,Normal,22000,401,5,Dark,False,False,,
1953,Corroded Goblin,165,340,Avant Plastida: Area 1,N,Normal,Normal,22000,438,5,Dark,False,False,,
1952,Wandering Blood Crystal,166,340,Avant Plastida: Area 1,N,Normal,Normal,22000,442,5,Dark,False,False,,
1951,Strange Tentacle,166,340,Avant Plastida: Area 1,N,Normal,Normal,10000,221,5,Dark,False,False,,
1950,Supply Depot,0,339,Dikkit Sector,C,NPC,Normal,0,0,0,Neutral,False,False,,
1949,Coryn,156,339,Dikkit Sector,N,Normal,Normal,10380,160,3,Wind,True,False,,
1948,Alpoca,153,339,Dikkit Sector,N,Normal,Normal,10000,175,0,Neutral,True,False,,
1947,Baloot,157,339,Dikkit Sector,N,Normal,Normal,10000,141,3,Wind,False,False,,
1946,Alpoca,155,339,Dikkit Sector,N,Normal,Normal,10000,178,0,Neutral,True,False,,
1945,Coryn,154,339,Dikkit Sector,N,Normal,Normal,10120,157,3,Wind,True,False,,
1944,Jeandoux (Dark),210,338,Sweet Hades,B,Boss,Ultimate,6430000,31000,3,Wind,False,True,,
1943,Jeandoux (Bitter),180,338,Sweet Hades,B,Boss,Nightmare,4460000,23000,3,Wind,False,True,,
1942,Jeandoux (Sweet),150,338,Sweet Hades,B,Boss,Hard,2920000,17000,3,Wind,False,True,,
1941,Jeandoux (Milk),120,338,Sweet Hades,B,Boss,Normal,1170000,12000,3,Wind,False,True,,
1940,Gramp,76,338,Sweet Hades,N,Normal,Normal,-1,189,4,Earth,True,True,,
1939,Shell Mask,75,338,Sweet Hades,N,Normal,Normal,-1,150,4,Earth,True,True,,
1938,Shell Kraken,74,338,Sweet Hades,N,Normal,Normal,-1,206,2,Water,True,True,,
1937,Kuzto,218,337,Labilans Sector: Square,B,Boss,Ultimate,35000000,182000,4,Earth,False,False,,
1936,Kuzto,198,337,Labilans Sector: Square,B,Boss,Nightmare,17500000,91000,4,Earth,False,False,,
1935,Kuzto,188,337,Labilans Sector: Square,B,Boss,Hard,7000000,36400,4,Earth,False,False,,
1934,Kuzto,178,337,Labilans Sector: Square,B,Boss,Normal,3500000,18200,4,Earth,False,False,,
1933,Kuzto,168,337,Labilans Sector: Square,B,Boss,Easy,350000,1820,4,Earth,False,False,,
1932,Mega Alpoca,204,336,Labilans Sector: Area 3,M,Mini Boss,Normal,-1,34100,0,Neutral,False,False,,
1931,Laurus,166,336,Labilans Sector: Area 3,N,Normal,Normal,2200,442,4,Earth,False,False,,
1930,Alpoca,165,336,Labilans Sector: Area 3,N,Normal,Normal,35000,657,0,Neutral,False,False,,
1929,Insector,164,336,Labilans Sector: Area 3,N,Normal,Normal,30000,561,6,Light,False,False,,
1928,Insector,163,335,Labilans Sector: Area 2,N,Normal,Normal,30000,556,6,Light,False,False,,
1927,Toretta,165,335,Labilans Sector: Area 2,N,Normal,Normal,18000,438,4,Earth,False,False,,
1926,Alpoca,164,335,Labilans Sector: Area 2,N,Normal,Normal,35000,648,0,Neutral,False,False,,
1925,Laurus,164,334,Labilans Sector: Area 1,N,Normal,Normal,22000,432,4,Earth,False,False,,
1924,Insector,162,334,Labilans Sector: Area 1,N,Normal,Normal,30000,551,6,Light,False,False,,
1923,Toretta,163,334,Labilans Sector: Area 1,N,Normal,Normal,18000,428,4,Earth,False,False,,
1922,Mossy Mousey,154,333,Altoale Sector,N,Normal,Normal,10000,176,4,Earth,False,False,,
1921,Insector,153,333,Altoale Sector,N,Normal,Normal,15000,252,6,Light,False,False,,
1920,Monstletoe,152,333,Altoale Sector,N,Normal,Normal,12000,192,4,Earth,False,False,,
1919,Mossy Mousey,151,333,Altoale Sector,N,Normal,Normal,10000,171,4,Earth,False,False,,
1918,Insector,150,333,Altoale Sector,N,Normal,Normal,15000,245,6,Light,False,False,,
1917,Omochi,30,87,Event,N,Normal,Normal,30000,20,6,Light,True,True,,
1916,Omochi,50,87,Event,B,Boss,Ultimate,400000,3000,6,Light,False,False,,
1915,Omochi,30,87,Event,B,Boss,Nightmare,200000,1500,6,Light,False,False,,
1914,Omochi,20,87,Event,B,Boss,Hard,80000,600,6,Light,False,False,,
1913,Omochi,10,87,Event,B,Boss,Normal,40000,300,6,Light,False,False,,
1912,Omochi,1,87,Event,B,Boss,Easy,4000,30,6,Light,False,True,,
1911,Zega (Megiston 2019),205,87,Event,B,Boss,Normal,5340000,69000,2,Water,False,True,,
1910,Blancanine the White Fang (Megiston 2019),195,87,Event,B,Boss,Normal,4150000,48400,6,Light,False,True,,
1909,Zelbuse (Megiston 2019),185,87,Event,B,Boss,Normal,1100000,33300,6,Light,False,True,,
1908,Crystal Titan (Megiston 2019),175,87,Event,B,Boss,Normal,2300000,12500,5,Dark,False,True,,
1907,Zahhak Machina (Megiston 2019),165,87,Event,B,Boss,Normal,1600000,9200,6,Light,False,True,,
1906,Evil Shadow,177,320,Reindeer Forest,B,Boss,Hard,3750000,19500,2,Water,False,True,,
1905,Evil Shadow,157,320,Reindeer Forest,B,Boss,Normal,2840000,16000,2,Water,False,True,,
1904,Evil Shadow,137,320,Reindeer Forest,B,Boss,Easy,1400000,13000,2,Water,False,True,,
1903,Shawle,170,332,Joulu House: Hall (Lv 150),B,Boss,Normal,2000000,9600,2,Water,False,True,,
1902,Shawle,150,331,Joulu House: Hall (Lv130),B,Boss,Normal,1450000,7900,2,Water,False,True,,
1901,Shawle,130,330,Joulu House: Hall (Lv 110),B,Boss,Normal,700000,6300,2,Water,False,True,,
1900,Sorter Golem,167,329,Joulu House: Gift Room (Lv 150),N,Normal,Normal,80000,1338,0,Neutral,True,True,,
1899,Santabby,160,329,Joulu House: Gift Room (Lv 150),N,Normal,Normal,20000,748,6,Light,True,True,,
1898,Puppet Dragon,163,329,Joulu House: Gift Room (Lv 150),N,Normal,Normal,40000,428,6,Light,True,True,,
1897,Inspector Golem,164,328,Joulu House: Depot (Lv 150),N,Normal,Normal,80000,1061,0,Neutral,True,True,,
1896,Toy Bolg,160,328,Joulu House: Depot (Lv 150),N,Normal,Normal,20000,582,6,Light,True,True,,
1895,Santabby,157,328,Joulu House: Depot (Lv 150),N,Normal,Normal,40000,727,6,Light,True,True,,
1894,Toy Bolg,157,327,Joulu House: Center (Lv 150),N,Normal,Normal,20000,565,6,Light,True,True,,
1893,Puppet Dragon,160,327,Joulu House: Center (Lv 150),N,Normal,Normal,20000,416,6,Light,True,True,,
1892,Santabby,154,327,Joulu House: Center (Lv 150),N,Normal,Normal,40000,705,6,Light,True,True,,
1891,Sorter Golem,146,326,Joulu House: Gift Room (Lv 130),N,Normal,Normal,70000,1114,0,Neutral,True,True,,
1890,Santabby,139,326,Joulu House: Gift Room (Lv 130),N,Normal,Normal,30000,664,6,Light,True,True,,
1889,Puppet Dragon,142,326,Joulu House: Gift Room (Lv 130),N,Normal,Normal,20000,370,6,Light,True,True,,
1888,Inspector Golem,143,325,Joulu House: Depot (Lv 130),N,Normal,Normal,70000,1111,0,Neutral,True,True,,
1887,Toy Bolg,139,325,Joulu House: Depot (Lv 130),N,Normal,Normal,20000,583,6,Light,True,True,,
1886,Santabby,136,325,Joulu House: Depot (Lv 130),N,Normal,Normal,30000,715,6,Light,True,True,,
1885,Toy Bolg,136,324,Joulu House: Center (Lv 130),N,Normal,Normal,20000,557,6,Light,True,True,,
1884,Puppet Dragon,139,324,Joulu House: Center (Lv 130),N,Normal,Normal,20000,418,6,Light,True,True,,
1883,Santabby,133,324,Joulu House: Center (Lv 130),N,Normal,Normal,30000,663,6,Light,True,True,,
1882,Sorter Golem,125,323,Joulu House: Gift Room (Lv 100),N,Normal,Normal,40000,910,0,Neutral,True,True,,
1881,Santabby,118,323,Joulu House: Gift Room (Lv 100),N,Normal,Normal,22000,464,6,Light,True,True,,
1880,Puppet Dragon,121,323,Joulu House: Gift Room (Lv 100),N,Normal,Normal,15000,277,6,Light,True,True,,
1879,Inspector Golem,122,322,Joulu House: Depot (Lv 100),N,Normal,Normal,30000,991,0,Neutral,True,True,,
1878,Toy Bolg,118,322,Joulu House: Depot (Lv 100),N,Normal,Normal,15000,417,6,Light,True,True,,
1877,Santabby,115,322,Joulu House: Depot (Lv 100),N,Normal,Normal,22000,496,6,Light,True,True,,
1876,Toy Bolg,115,321,Joulu House: Center (Lv 110),N,Normal,Normal,15000,395,6,Light,True,True,,
1875,Puppet Dragon,118,321,Joulu House: Center (Lv 110),N,Normal,Normal,15000,298,6,Light,True,True,,
1874,Santabby,112,321,Joulu House: Center (Lv 110),N,Normal,Normal,22000,461,6,Light,True,True,,
1873,Santabby,100,320,Reindeer Forest,N,Normal,Normal,5000,100,6,Light,True,True,,
1872,Snowman,100,320,Reindeer Forest,N,Normal,Normal,5000,100,6,Light,True,True,,
1871,Nuthoreth,230,87,Event,B,Boss,Ultimate,90000000,230000,3,Wind,False,True,,
1870,Nuthoreth,210,87,Event,B,Boss,Nightmare,45000000,115000,3,Wind,False,True,,
1869,Nuthoreth,200,87,Event,B,Boss,Hard,18000000,46000,3,Wind,False,True,,
1867,Nuthoreth,190,87,Event,B,Boss,Normal,9000000,23000,3,Wind,False,True,,
1866,Volgagon,200,87,Event,B,Boss,Normal,40000000,68500,0,Neutral,False,True,,
1865,Pyxtica,215,318,Fractum Sector: Area 3,B,Boss,Ultimate,25700000,202000,5,Dark,False,False,,
1864,Pyxtica,195,318,Fractum Sector: Area 3,B,Boss,Nightmare,12850000,101000,5,Dark,False,False,,
1863,Pyxtica,185,318,Fractum Sector: Area 3,B,Boss,Hard,5140000,40400,5,Dark,False,False,,
1862,Pyxtica,175,318,Fractum Sector: Area 3,B,Boss,Normal,2570000,20200,5,Dark,False,False,,
1861,Pyxtica,165,318,Fractum Sector: Area 3,B,Boss,Easy,257000,2020,5,Dark,False,False,,
1860,Moculus,161,318,Fractum Sector: Area 3,N,Normal,Normal,20000,462,1,Fire,False,False,,
1859,Providone,162,318,Fractum Sector: Area 3,N,Normal,Normal,20000,466,1,Fire,False,False,,
1858,Corroded Floragonet,163,318,Fractum Sector: Area 3,N,Normal,Normal,20000,471,1,Fire,False,False,,
1857,Corroded Floragonet,162,317,Fractum Sector: Area 2,N,Normal,Normal,20000,466,1,Fire,False,False,,
1856,Floragonet,160,317,Fractum Sector: Area 2,N,Normal,Normal,16000,416,3,Wind,False,False,,
1855,Moculus,161,317,Fractum Sector: Area 2,N,Normal,Normal,20000,462,1,Fire,False,False,,
1854,Providone,162,317,Fractum Sector: Area 2,N,Normal,Normal,20000,466,1,Fire,False,False,,
1853,Armasite,201,316,Fractum Sector: Area 1,M,Mini Boss,Normal,-1,33330,1,Fire,False,False,,
1852,Corroded Floragonet,161,316,Fractum Sector: Area 1,N,Normal,Normal,20000,462,1,Fire,False,False,,
1851,Floragonet,159,316,Fractum Sector: Area 1,N,Normal,Normal,16000,412,3,Wind,False,False,,
1850,Moculus,160,316,Fractum Sector: Area 1,N,Normal,Normal,20000,458,1,Fire,False,False,,
1849,Povidone,161,316,Fractum Sector: Area 1,N,Normal,Normal,20000,462,1,Fire,False,False,,
1848,Sentreast,150,315,Fabriska Sector,N,Normal,Normal,9000,194,4,Earth,False,False,,
1847,Sentreast,147,315,Fabriska Sector,N,Normal,Normal,9000,194,4,Earth,False,False,,
1846,Mobster Golem,148,315,Fabriska Sector,N,Normal,Normal,11000,204,3,Wind,False,False,,
1845,Bombermeow,151,315,Fabriska Sector,N,Normal,Normal,11000,205,1,Fire,False,False,,
1844,Bombermeow,149,315,Fabriska Sector,N,Normal,Normal,11000,204,1,Fire,False,False,,
1843,Yashiro Azuki's Dad (Lv 170 Raid),215,87,Event,B,Boss,Ultimate,-1,-1,3,Wind,False,True,,
1842,Yashiro Azuki's Dad (Lv 170 Raid),195,87,Event,B,Boss,Nightmare,-1,-1,3,Wind,False,True,,
1841,Yashiro Azuki's Dad (Lv 170 Raid),185,87,Event,B,Boss,Hard,-1,-1,3,Wind,False,True,,
1840,Yashiro Azuki's Dad (Lv 170 Raid),175,87,Event,B,Boss,Normal,-1,-1,3,Wind,False,True,,
1839,Yashiro Azuki's Dad (Lv 170 Raid),165,87,Event,B,Boss,Easy,-1,-1,3,Wind,False,True,,
1838,Narumi Hina (Lv170 Raid),210,87,Event,B,Boss,Ultimate,35000000,220000,6,Light,False,True,,
1837,Narumi Hina (Lv170 Raid),190,87,Event,B,Boss,Nightmare,17500000,110000,6,Light,False,True,,
1836,Narumi Hina (Lv170 Raid),180,87,Event,B,Boss,Hard,7000000,44000,6,Light,False,True,,
1835,Narumi Hina (Lv170 Raid),170,87,Event,B,Boss,Normal,3500000,22000,6,Light,False,True,,
1834,Narumi Hina (Lv170 Raid),160,87,Event,B,Boss,Easy,350000,2200,6,Light,False,True,,
1833,Yashiro Azuki's Dad (Lv 110 Raid),155,87,Event,B,Boss,Ultimate,-1,-1,3,Wind,False,True,,
1832,Yashiro Azuki's Dad (Lv 110 Raid),135,87,Event,B,Boss,Nightmare,-1,-1,3,Wind,False,True,,
1831,Yashiro Azuki's Dad (Lv 110 Raid),125,87,Event,B,Boss,Hard,-1,-1,3,Wind,False,True,,
1830,Yashiro Azuki's Dad (Lv 110 Raid),115,87,Event,B,Boss,Normal,-1,-1,3,Wind,False,True,,
1829,Yashiro Azuki's Dad (Lv 110 Raid),105,87,Event,B,Boss,Easy,-1,-1,3,Wind,False,True,,
1828,Narumi Hina (Lv 110 Raid),150,87,Event,B,Boss,Ultimate,8600000,73000,6,Light,False,True,,
1827,Narumi Hina (Lv 110 Raid),1130,87,Event,B,Boss,Nightmare,4300000,36500,6,Light,False,True,,
1826,Narumi Hina (Lv 110 Raid),120,87,Event,B,Boss,Hard,1720000,14600,6,Light,False,True,,
1825,Narumi Hina (Lv 110 Raid),110,87,Event,B,Boss,Normal,860000,7300,6,Light,False,True,,
1824,Narumi Hina (Lv 110 Raid),100,87,Event,B,Boss,Easy,86000,730,6,Light,False,True,,
1823,Yashiro Azuki's Dad (Lv 50 Raid),95,87,Event,B,Boss,Ultimate,-1,-1,3,Wind,False,True,,
1822,Yashiro Azuki's Dad (Lv 50 Raid),75,87,Event,B,Boss,Nightmare,-1,-1,3,Wind,False,True,,
1821,Yashiro Azuki's Dad (Lv 50 Raid),65,87,Event,B,Boss,Hard,-1,-1,3,Wind,False,True,,
1820,Yashiro Azuki's Dad (Lv 50 Raid),55,87,Event,B,Boss,Normal,-1,-1,3,Wind,False,True,,
1819,Yashiro Azuki's Dad (Lv 50 Raid),45,87,Event,B,Boss,Easy,-1,-1,3,Wind,False,True,,
1818,Narumi Hina (Lv 50 Raid),90,87,Event,B,Boss,Ultimate,820000,11400,6,Light,False,True,,
1817,Narumi Hina (Lv 50 Raid),70,87,Event,B,Boss,Nightmare,410000,5700,6,Light,False,True,,
1816,Narumi Hina (Lv 50 Raid),60,87,Event,B,Boss,Hard,164000,2280,6,Light,False,True,,
1815,Narumi Hina (Lv 50 Raid),50,87,Event,B,Boss,Normal,82000,1140,6,Light,False,True,,
1814,Narumi Hina (Lv 50 Raid),40,87,Event,B,Boss,Easy,8200,114,6,Light,False,True,,
1813,Zarth,175,314,Zarth's Mansion: Back,B,Boss,Very Hard,4400000,20000,3,Wind,False,True,,
1812,Zarth,150,314,Zarth's Mansion: Back,B,Boss,Hard,1300000,7100,3,Wind,False,True,,
1811,Radibat,200,313,Zarth's Mansion: Study,M,Mini Boss,Normal,-1,44880,4,Earth,False,True,,
1810,Spooky Bat,160,313,Zarth's Mansion: Study,N,Normal,Normal,-1,412,3,Wind,True,True,,
1809,Sorcerabbit,158,313,Zarth's Mansion: Study,N,Normal,Normal,-1,285,6,Light,True,True,,
1808,Carotabat,159,313,Zarth's Mansion: Study,N,Normal,Normal,-1,332,4,Earth,True,True,,
1807,Spooky Bat,132,312,Zarth's Mansion: Parlor,N,Normal,Normal,-1,286,3,Wind,True,True,,
1806,Sorcerabbit,133,312,Zarth's Mansion: Parlor,N,Normal,Normal,-1,258,6,Light,True,True,,
1805,Carotabat,131,312,Zarth's Mansion: Parlor,N,Normal,Normal,-1,379,4,Earth,True,True,,
1804,Spooky Bat,104,311,Zarth's Mansion: Entrance,N,Normal,Normal,-1,169,3,Wind,True,True,,
1803,Sorcerabbit,105,311,Zarth's Mansion: Entrance,N,Normal,Normal,-1,151,6,Light,True,True,,
1802,Carotabat,106,311,Zarth's Mansion: Entrance,N,Normal,Normal,-1,221,4,Earth,True,True,,
1801,Zarth,125,314,Zarth's Mansion: Back,B,Boss,Normal,560000,5300,3,Wind,False,True,,
1800,Zarth,100,314,Zarth's Mansion: Back,B,Boss,Easy,350000,3800,3,Wind,False,True,,
1799,Usasama the Necromancer,215,87,Event,B,Boss,Hard,8000000,67000,5,Dark,False,True,,
1798,Gerumi,20,87,Event,N,Normal,Normal,550,24,2,Water,True,True,,
1797,Gerumi,60,87,Event,N,Normal,Normal,3000,-1,2,Water,True,True,,
1796,Gerumi,100,87,Event,N,Normal,Normal,10000,-1,2,Water,True,True,,
1795,Gerumi,140,87,Event,N,Normal,Normal,17000,-1,2,Water,True,True,,
1794,Gerumi,180,87,Event,B,Boss,Normal,5000000,50000,2,Water,False,True,,
1793,Frenzy Viola,198,309,Morthell Swell: Area 3,M,Mini Boss,Normal,-1,42126,4,Earth,False,False,,
1792,Eroded Pilz,212,310,Morthell Swell: Deep Area,B,Boss,Ultimate,23600000,187000,1,Fire,False,False,,
1791,Eroded Pilz,192,310,Morthell Swell: Deep Area,B,Boss,Nightmare,11800000,93500,1,Fire,False,False,,
1790,Eroded Pilz,182,310,Morthell Swell: Deep Area,B,Boss,Hard,4720000,37400,1,Fire,False,False,,
1789,Eroded Pilz,172,310,Morthell Swell: Deep Area,B,Boss,Normal,2360000,18700,1,Fire,False,False,,
1788,Eroded Pilz,162,310,Morthell Swell: Deep Area,B,Boss,Easy,236000,1870,1,Fire,False,False,,
1787,Kinote,160,309,Morthell Swell: Area 3,N,Normal,Normal,20000,367,4,Earth,True,False,,
1786,Nectivorider,158,309,Morthell Swell: Area 3,N,Normal,Normal,30000,367,2,Water,False,False,,
1785,Petally,159,309,Morthell Swell: Area 3,N,Normal,Normal,30000,408,2,Water,False,False,,
1784,Kinote,158,308,Morthell Swell: Area 2,N,Normal,Normal,20000,367,4,Earth,True,False,,
1783,Nectivorider,157,308,Morthell Swell: Area 2,N,Normal,Normal,30000,363,2,Water,False,False,,
1782,Rafflesian,159,308,Morthell Swell: Area 2,N,Normal,Normal,32000,404,4,Earth,False,False,,
1781,Rafflesian,157,307,Morthell Swell: Area 1,N,Normal,Normal,32000,404,4,Earth,False,False,,
1780,Petally,158,307,Morthell Swell: Area 1,N,Normal,Normal,30000,408,2,Water,False,False,,
1779,Nectivorider,156,307,Morthell Swell: Area 1,N,Normal,Normal,30000,360,2,Water,False,False,,
1778,Moss Mole,146,306,Forest of Ein,N,Normal,Normal,7000,90,4,Earth,False,False,,
1777,Elizard,145,306,Forest of Ein,N,Normal,Normal,8500,178,4,Earth,True,False,,
1776,Lilliset,144,306,Forest of Ein,N,Normal,Normal,8000,176,2,Water,False,False,,
1775,Euris,50,305,Otsukimi Event Venue: Crater Zone,N,Normal,Normal,3000,91,6,Light,True,True,,
1774,Bunny Summoner,50,305,Otsukimi Event Venue: Crater Zone,N,Normal,Normal,4500,152,6,Light,True,True,,
1773,Mitta Tret,50,305,Otsukimi Event Venue: Crater Zone,N,Normal,Normal,2000,60,4,Earth,True,True,,
1772,Usami (Otsukimi 2019),90,305,Otsukimi Event Venue: Crater Zone,B,Boss,Nightmare,300000,3500,2,Water,False,True,,
1771,Usami (Otsukimi 2019),60,305,Otsukimi Event Venue: Crater Zone,B,Boss,Hard,150000,2000,2,Water,False,True,,
1770,Usami (Otsukimi 2019),30,305,Otsukimi Event Venue: Crater Zone,B,Boss,Normal,32000,800,2,Water,False,True,,
1769,Usakichi (Otsukimi 2019),90,305,Otsukimi Event Venue: Crater Zone,B,Boss,Nightmare,300000,3500,4,Earth,False,True,,
1768,Usakichi (Otsukimi 2019),60,305,Otsukimi Event Venue: Crater Zone,B,Boss,Hard,150000,2000,4,Earth,False,True,,
1767,Usakichi (Otsukimi 2019),30,305,Otsukimi Event Venue: Crater Zone,B,Boss,Normal,32000,800,4,Earth,False,True,,
1766,Giant Moon Crab,150,305,Otsukimi Event Venue: Crater Zone,B,Boss,Nightmare,1000000,8000,6,Light,False,True,,
1765,Giant Moon Crab,100,305,Otsukimi Event Venue: Crater Zone,B,Boss,Hard,500000,4200,6,Light,False,True,,
1764,Giant Moon Crab,50,305,Otsukimi Event Venue: Crater Zone,B,Boss,Normal,100000,1520,6,Light,False,True,,
1763,Megiston (4th Anniv),250,299,Anniversary Arena: 4th Venue,B,Boss,Ultimate,150000000,750000,1,Fire,False,True,,
1762,Megiston (4th Anniv),230,299,Anniversary Arena: 4th Venue,B,Boss,Nightmare,75000000,375000,1,Fire,False,True,,
1761,Megiston (4th Anniv),220,299,Anniversary Arena: 4th Venue,B,Boss,Hard,30000000,150000,1,Fire,False,True,,
1760,Megiston (4th Anniv),210,299,Anniversary Arena: 4th Venue,B,Boss,Normal,15000000,75000,1,Fire,False,True,,
1759,Tuscog,209,304,Eryldan Street: Near the Forest of Ein,B,Boss,Ultimate,19500000,133000,4,Earth,False,False,,
1758,Tuscog,189,304,Eryldan Street: Near the Forest of Ein,B,Boss,Nightmare,9750000,66500,4,Earth,False,False,,
1757,Tuscog,179,304,Eryldan Street: Near the Forest of Ein,B,Boss,Hard,3900000,26600,4,Earth,False,False,,
1756,Tuscog,169,304,Eryldan Street: Near the Forest of Ein,B,Boss,Normal,1950000,13300,4,Earth,False,False,,
1755,Tuscog,159,304,Eryldan Street: Near the Forest of Ein,B,Boss,Easy,195000,1330,4,Earth,False,False,,
1754,Wolfret,157,303,Eryldan Street: Area 3,N,Normal,Normal,18000,404,4,Earth,False,False,,
1753,Antbee,155,303,Eryldan Street: Area 3,N,Normal,Normal,16000,396,3,Wind,True,False,,
1752,Roca,156,303,Eryldan Street: Area 3,N,Normal,Normal,17000,400,4,Earth,False,False,,
1751,Roca,156,302,Eryldan Street: Area 2,N,Normal,Normal,17000,400,4,Earth,False,False,,
1750,Wolfret,156,302,Eryldan Street: Area 2,N,Normal,Normal,18000,400,4,Earth,False,False,,
1749,Mille,155,302,Eryldan Street: Area 2,N,Normal,Normal,16000,396,3,Wind,True,False,,
1748,Antbee,154,302,Eryldan Street: Area 2,N,Normal,Normal,16000,392,3,Wind,True,False,,
1747,Antbee,153,301,Eryldan Street: Area 1,N,Normal,Normal,16000,388,3,Wind,True,False,,
1746,Roca,155,301,Eryldan Street: Area 1,N,Normal,Normal,17000,396,4,Earth,False,False,,
1745,Mille,154,301,Eryldan Street: Area 1,N,Normal,Normal,16000,392,3,Wind,True,False,,
1744,Tulin,144,300,Wazeero Street,N,Normal,Normal,7500,176,4,Earth,True,False,,
1743,Muckus,143,300,Wazeero Street,N,Normal,Normal,8000,174,2,Water,False,False,,
1742,Grimuckus,195,300,Wazeero Street,M,Mini Boss,Normal,-1,30240,2,Water,False,False,,
1741,Biped Frog,142,300,Wazeero Street,N,Normal,Normal,8500,172,2,Water,True,False,,
1740,Muckus,145,300,Wazeero Street,N,Normal,Normal,8000,178,2,Water,False,False,,
1739,Tulin,141,300,Wazeero Street,N,Normal,Normal,7500,170,4,Earth,True,False,,
1738,Researcher's Spirit,0,137,Garden of Beginning,C,NPC,Normal,0,0,0,Neutral,False,False,,
1737,Noble's Spirit,0,137,Garden of Beginning,C,NPC,Normal,0,0,0,Neutral,False,False,,
1736,Lv180 EX Arena Mini Bosses,180,299,Anniversary Arena: 4th Venue,B,Boss,Normal,-1,-1,0,Neutral,False,True,,
1735,Vice Chief Guard Dula,225,299,Anniversary Arena: 4th Venue,B,Boss,Ultimate,15000000,70000,6,Light,False,True,,
1734,Transcendent Angel Leese,225,299,Anniversary Arena: 4th Venue,B,Boss,Ultimate,10000000,70000,0,Neutral,False,True,,
1733,Chief Guard Buse,225,299,Anniversary Arena: 4th Venue,B,Boss,Ultimate,10000000,70000,0,Neutral,False,True,,
1732,Vice Chief Guard Dula,205,299,Anniversary Arena: 4th Venue,B,Boss,Nightmare,7500000,35000,6,Light,False,True,,
1731,Transcendent Angel Leese,205,299,Anniversary Arena: 4th Venue,B,Boss,Nightmare,5000000,35000,0,Neutral,False,True,,
1730,Chief Guard Buse,205,299,Anniversary Arena: 4th Venue,B,Boss,Nightmare,5000000,35000,0,Neutral,False,True,,
1729,Vice Chief Guard Dula,195,299,Anniversary Arena: 4th Venue,B,Boss,Hard,3000000,14000,6,Light,False,True,,
1728,Transcendent Angel Leese,195,299,Anniversary Arena: 4th Venue,B,Boss,Hard,2000000,14000,0,Neutral,False,True,,
1727,Chief Guard Buse,195,299,Anniversary Arena: 4th Venue,B,Boss,Hard,2000000,14000,0,Neutral,False,True,,
1726,Vice Chief Guard Dula,185,299,Anniversary Arena: 4th Venue,B,Boss,Normal,1500000,7000,6,Light,False,True,,
1725,Transcendent Angel Leese,185,299,Anniversary Arena: 4th Venue,B,Boss,Normal,1000000,7000,0,Neutral,False,True,,
1724,Chief Guard Buse,185,299,Anniversary Arena: 4th Venue,B,Boss,Normal,1000000,7000,0,Neutral,False,True,,
1723,Ranger Pterosaur,210,299,Anniversary Arena: 4th Venue,B,Boss,Ultimate,15000000,38000,3,Wind,False,True,,
1722,Forest Roamer,210,299,Anniversary Arena: 4th Venue,B,Boss,Ultimate,10000000,38000,3,Wind,False,True,,
1721,Forest Therapist,210,299,Anniversary Arena: 4th Venue,B,Boss,Ultimate,7000000,38000,6,Light,False,True,,
1720,Ranger Pterosaur,190,299,Anniversary Arena: 4th Venue,B,Boss,Nightmare,7500000,19000,3,Wind,False,True,,
1719,Forest Roamer,190,299,Anniversary Arena: 4th Venue,B,Boss,Nightmare,5000000,19000,3,Wind,False,True,,
1718,Forest Therapist,190,299,Anniversary Arena: 4th Venue,B,Boss,Nightmare,3500000,19000,6,Light,False,True,,
1717,Ranger Pterosaur,180,299,Anniversary Arena: 4th Venue,B,Boss,Hard,3000000,7600,3,Wind,False,True,,
1716,Forest Roamer,180,299,Anniversary Arena: 4th Venue,B,Boss,Hard,2000000,7600,3,Wind,False,True,,
1715,Forest Therapist,180,299,Anniversary Arena: 4th Venue,B,Boss,Hard,1400000,7600,6,Light,False,True,,
1714,Ranger Pterosaur,170,299,Anniversary Arena: 4th Venue,B,Boss,Normal,1500000,3800,3,Wind,False,True,,
1713,Forest Roamer,170,299,Anniversary Arena: 4th Venue,B,Boss,Normal,1000000,3800,3,Wind,False,True,,
1712,Forest Therapist,170,299,Anniversary Arena: 4th Venue,B,Boss,Normal,700000,3800,6,Light,False,True,,
1711,Megiston,200,241,Anniversary Arena: 3rd Venue,B,Boss,Ultimate,100000000,860000,1,Fire,False,True,,
1710,Megiston,180,241,Anniversary Arena: 3rd Venue,B,Boss,Nightmare,50000000,430000,1,Fire,False,True,,
1709,Megiston,170,241,Anniversary Arena: 3rd Venue,B,Boss,Hard,20000000,172000,1,Fire,False,True,,
1708,Megiston,160,241,Anniversary Arena: 3rd Venue,B,Boss,Normal,10000000,86000,1,Fire,False,True,,
1707,The Tyrannic Thrust,195,241,Anniversary Arena: 3rd Venue,B,Boss,Ultimate,5500000,50000,5,Dark,False,True,,
1706,The Claws of Death,195,241,Anniversary Arena: 3rd Venue,B,Boss,Ultimate,5500000,50000,5,Dark,False,True,,
1705,The Cursed Venom Arm,195,241,Anniversary Arena: 3rd Venue,B,Boss,Ultimate,5500000,50000,5,Dark,False,True,,
1704,The Tyrannic Thrust,175,241,Anniversary Arena: 3rd Venue,B,Boss,Nightmare,2750000,25000,5,Dark,False,True,,
1703,The Claws of Death,175,241,Anniversary Arena: 3rd Venue,B,Boss,Nightmare,2750000,25000,5,Dark,False,True,,
1702,The Cursed Venom Arm,175,241,Anniversary Arena: 3rd Venue,B,Boss,Nightmare,2750000,25000,5,Dark,False,True,,
1701,The Tyrannic Thrust,165,241,Anniversary Arena: 3rd Venue,B,Boss,Hard,1100000,10000,5,Dark,False,True,,
1700,The Claws of Death,165,241,Anniversary Arena: 3rd Venue,B,Boss,Hard,1100000,10000,5,Dark,False,True,,
1699,The Cursed Venom Arm,165,241,Anniversary Arena: 3rd Venue,B,Boss,Hard,1100000,10000,5,Dark,False,True,,
1698,The Tyrannic Thrust,155,241,Anniversary Arena: 3rd Venue,B,Boss,Normal,550000,5000,5,Dark,False,True,,
1697,The Claws of Death,155,241,Anniversary Arena: 3rd Venue,B,Boss,Normal,550000,5000,5,Dark,False,True,,
1696,The Cursed Venom Arm,155,241,Anniversary Arena: 3rd Venue,B,Boss,Normal,550000,5000,5,Dark,False,True,,
1695,Masked Moon,180,241,Anniversary Arena: 3rd Venue,B,Boss,Ultimate,4800000,46000,5,Dark,False,True,,
1694,Masked Gloom,180,241,Anniversary Arena: 3rd Venue,B,Boss,Ultimate,4800000,46000,3,Wind,False,True,,
1693,Masked Axeman,180,241,Anniversary Arena: 3rd Venue,B,Boss,Ultimate,4800000,46000,1,Fire,False,True,,
1692,Masked Moon,160,241,Anniversary Arena: 3rd Venue,B,Boss,Nightmare,2400000,23000,5,Dark,False,True,,
1691,Masked Gloom,160,241,Anniversary Arena: 3rd Venue,B,Boss,Nightmare,2400000,23000,3,Wind,False,True,,
1690,Masked Axeman,160,241,Anniversary Arena: 3rd Venue,B,Boss,Nightmare,2400000,23000,1,Fire,False,True,,
1689,Masked Moon,150,241,Anniversary Arena: 3rd Venue,B,Boss,Hard,960000,9200,5,Dark,False,True,,
1688,Masked Gloom,150,241,Anniversary Arena: 3rd Venue,B,Boss,Hard,960000,9200,3,Wind,False,True,,
1687,Masked Axeman,150,241,Anniversary Arena: 3rd Venue,B,Boss,Hard,960000,9200,1,Fire,False,True,,
1686,Masked Moon,140,241,Anniversary Arena: 3rd Venue,B,Boss,Normal,480000,4600,5,Dark,False,True,,
1685,Masked Gloom,140,241,Anniversary Arena: 3rd Venue,B,Boss,Normal,480000,4600,3,Wind,False,True,,
1684,Masked Axeman,140,241,Anniversary Arena: 3rd Venue,B,Boss,Normal,480000,4600,1,Fire,False,True,,
1683,4th Anniv Event (all boss),0,87,Event,B,Boss,Normal,0,0,0,Neutral,False,True,,
1682,Zolban the Dark Captain of Wind,165,240,Anniversary Arena: 2nd Venue,B,Boss,Ultimate,3400000,34000,3,Wind,False,True,,
1681,Vatendeth the Dark General,165,240,Anniversary Arena: 2nd Venue,B,Boss,Ultimate,3400000,34000,5,Dark,False,True,,
1680,Grecia the Goddess of Courage,165,240,Anniversary Arena: 2nd Venue,B,Boss,Ultimate,3400000,34000,6,Light,False,True,,
1679,Zolban the Dark Captain of Wind,145,240,Anniversary Arena: 2nd Venue,B,Boss,Nightmare,1700000,17000,3,Wind,False,True,,
1678,Vatendeth the Dark General,145,240,Anniversary Arena: 2nd Venue,B,Boss,Nightmare,1700000,17000,5,Dark,False,True,,
1677,Grecia the Goddess of Courage,145,240,Anniversary Arena: 2nd Venue,B,Boss,Nightmare,1700000,17000,6,Light,False,True,,
1676,Zolban the Dark Captain of Wind,135,240,Anniversary Arena: 2nd Venue,B,Boss,Hard,680000,6800,3,Wind,False,True,,
1675,Vatendeth the Dark General,135,240,Anniversary Arena: 2nd Venue,B,Boss,Hard,680000,6800,5,Dark,False,True,,
1674,Grecia the Goddess of Courage,135,240,Anniversary Arena: 2nd Venue,B,Boss,Hard,680000,6800,6,Light,False,True,,
1673,Zolban the Dark Captain of Wind,125,240,Anniversary Arena: 2nd Venue,B,Boss,Normal,340000,3400,3,Wind,False,True,,
1672,Vatendeth the Dark General,125,240,Anniversary Arena: 2nd Venue,B,Boss,Normal,340000,3400,5,Dark,False,True,,
1671,Grecia the Goddess of Courage,125,240,Anniversary Arena: 2nd Venue,B,Boss,Normal,340000,3400,6,Light,False,True,,
1670,Iceberg Silver Knight,140,240,Anniversary Arena: 2nd Venue,B,Boss,Ultimate,250000,30000,2,Water,False,True,,
1669,Evil Emerald Beast,140,240,Anniversary Arena: 2nd Venue,B,Boss,Ultimate,250000,30000,3,Wind,False,True,,
1668,Hellfire Scrap Golem,140,240,Anniversary Arena: 2nd Venue,B,Boss,Ultimate,250000,30000,1,Fire,False,True,,
1667,Iceberg Silver Knight,120,240,Anniversary Arena: 2nd Venue,B,Boss,Nightmare,125000,15000,2,Water,False,True,,
1666,Evil Emerald Beast,120,240,Anniversary Arena: 2nd Venue,B,Boss,Nightmare,125000,15000,3,Wind,False,True,,
1665,Hellfire Scrap Golem,120,240,Anniversary Arena: 2nd Venue,B,Boss,Nightmare,125000,15000,1,Fire,False,True,,
1664,Iceberg Silver Knight,110,240,Anniversary Arena: 2nd Venue,B,Boss,Hard,50000,6000,2,Water,False,True,,
1663,Evil Emerald Beast,110,240,Anniversary Arena: 2nd Venue,B,Boss,Hard,50000,6000,3,Wind,False,True,,
1662,Hellfire Scrap Golem,110,240,Anniversary Arena: 2nd Venue,B,Boss,Hard,50000,6000,1,Fire,False,True,,
1661,Iceberg Silver Knight,100,240,Anniversary Arena: 2nd Venue,B,Boss,Normal,250000,3000,2,Water,False,True,,
1660,Evil Emerald Beast,100,240,Anniversary Arena: 2nd Venue,B,Boss,Normal,250000,3000,3,Wind,False,True,,
1659,Hellfire Scrap Golem,100,240,Anniversary Arena: 2nd Venue,B,Boss,Normal,250000,3000,1,Fire,False,True,,
1658,False God,115,239,Anniversary Arena: 1st Venue,B,Boss,Ultimate,1800000,27000,6,Light,False,True,,
1657,Faithful Guardian,115,239,Anniversary Arena: 1st Venue,B,Boss,Ultimate,1800000,27000,1,Fire,False,True,,
1656,Outerworld Soldier,115,239,Anniversary Arena: 1st Venue,B,Boss,Ultimate,1800000,27000,4,Earth,False,True,,
1655,False God,95,239,Anniversary Arena: 1st Venue,B,Boss,Nightmare,900000,13500,6,Light,False,True,,
1654,Faithful Guardian,95,239,Anniversary Arena: 1st Venue,B,Boss,Nightmare,900000,13500,1,Fire,False,True,,
1653,Outerworld Soldier,95,239,Anniversary Arena: 1st Venue,B,Boss,Nightmare,900000,13500,4,Earth,False,True,,
1652,False God,85,239,Anniversary Arena: 1st Venue,B,Boss,Hard,360000,5400,6,Light,False,True,,
1651,Faithful Guardian,85,239,Anniversary Arena: 1st Venue,B,Boss,Hard,360000,5400,1,Fire,False,True,,
1650,Outerworld Soldier,85,239,Anniversary Arena: 1st Venue,B,Boss,Hard,360000,5400,4,Earth,False,True,,
1649,False God,75,239,Anniversary Arena: 1st Venue,B,Boss,Normal,180000,2700,6,Light,False,True,,
1648,Faithful Guardian,75,239,Anniversary Arena: 1st Venue,B,Boss,Normal,180000,2700,1,Fire,False,True,,
1647,Outerworld Soldier,75,239,Anniversary Arena: 1st Venue,B,Boss,Normal,180000,2700,4,Earth,False,True,,
1646,Priest Warmonger,90,239,Anniversary Arena: 1st Venue,B,Boss,Ultimate,600000,12000,2,Water,False,True,,
1645,Warrior Minotaur,90,239,Anniversary Arena: 1st Venue,B,Boss,Ultimate,600000,12000,4,Earth,False,True,,
1644,Fighter Mochelo,90,239,Anniversary Arena: 1st Venue,B,Boss,Ultimate,600000,12000,3,Wind,False,True,,
1643,Priest Warmonger,70,239,Anniversary Arena: 1st Venue,B,Boss,Nightmare,300000,6000,2,Water,False,True,,
1642,Warrior Minotaur,70,239,Anniversary Arena: 1st Venue,B,Boss,Nightmare,300000,6000,4,Earth,False,True,,
1641,Fighter Mochelo,70,239,Anniversary Arena: 1st Venue,B,Boss,Nightmare,300000,6000,3,Wind,False,True,,
1640,Priest Warmonger,60,239,Anniversary Arena: 1st Venue,B,Boss,Hard,120000,2400,2,Water,False,True,,
1639,Warrior Minotaur,60,239,Anniversary Arena: 1st Venue,B,Boss,Hard,120000,2400,4,Earth,False,True,,
1638,Fighter Mochelo,60,239,Anniversary Arena: 1st Venue,B,Boss,Hard,120000,2400,3,Wind,False,True,,
1637,Priest Warmonger,50,239,Anniversary Arena: 1st Venue,B,Boss,Normal,60000,1200,2,Water,False,True,,
1636,Warrior Minotaur,50,239,Anniversary Arena: 1st Venue,B,Boss,Normal,60000,1200,4,Earth,False,True,,
1635,Fighter Mochelo,50,239,Anniversary Arena: 1st Venue,B,Boss,Normal,60000,1200,3,Wind,False,True,,
1634,Festival Golem C,65,239,Anniversary Arena: 1st Venue,B,Boss,Ultimate,120000,3200,3,Wind,False,True,,
1633,Festival Golem B,65,239,Anniversary Arena: 1st Venue,B,Boss,Ultimate,120000,3200,2,Water,False,True,,
1632,Festival Golem A,65,239,Anniversary Arena: 1st Venue,B,Boss,Ultimate,120000,3200,1,Fire,False,True,,
1631,Festival Golem C,45,239,Anniversary Arena: 1st Venue,B,Boss,Nightmare,60000,1600,3,Wind,False,True,,
1630,Festival Golem B,45,239,Anniversary Arena: 1st Venue,B,Boss,Nightmare,60000,1600,2,Water,False,True,,
1629,Festival Golem A,45,239,Anniversary Arena: 1st Venue,B,Boss,Nightmare,60000,1600,1,Fire,False,True,,
1628,Festival Golem C,35,239,Anniversary Arena: 1st Venue,B,Boss,Hard,24000,640,3,Wind,False,True,,
1627,Festival Golem B,35,239,Anniversary Arena: 1st Venue,B,Boss,Hard,24000,640,2,Water,False,True,,
1626,Festival Golem A,35,239,Anniversary Arena: 1st Venue,B,Boss,Hard,24000,640,1,Fire,False,True,,
1625,Festival Golem C,25,239,Anniversary Arena: 1st Venue,B,Boss,Normal,12000,320,3,Wind,False,True,,
1624,Festival Golem B,25,239,Anniversary Arena: 1st Venue,B,Boss,Normal,12000,320,2,Water,False,True,,
1623,Festival Golem A,25,239,Anniversary Arena: 1st Venue,B,Boss,Normal,12000,320,1,Fire,False,True,,
1622,Gespenst,190,87,Event,B,Boss,Ultimate,6000000,10,5,Dark,False,True,,
1621,Maton Sword,205,87,Event,B,Boss,Ultimate,18000000,103300,3,Wind,False,True,,
1620,Finstern the Dark Dragon,206,297,Dark Dragon Shrine: Near the Top,B,Boss,Ultimate,24000000,140000,5,Dark,False,False,,
1619,Finstern the Dark Dragon,186,297,Dark Dragon Shrine: Near the Top,B,Boss,Nightmare,12000000,70000,5,Dark,False,False,,
1618,Finstern the Dark Dragon,176,297,Dark Dragon Shrine: Near the Top,B,Boss,Hard,4800000,28000,5,Dark,False,False,,
1617,Finstern the Dark Dragon,166,297,Dark Dragon Shrine: Near the Top,B,Boss,Normal,2400000,14000,5,Dark,False,False,,
1616,Finstern the Dark Dragon,156,297,Dark Dragon Shrine: Near the Top,B,Boss,Easy,240000,1400,5,Dark,False,False,,
1615,Baby Finstern,154,296,Dark Dragon Shrine: Upper,N,Normal,Normal,17500,431,5,Dark,False,False,,
1614,Ivy,152,296,Dark Dragon Shrine: Upper,N,Normal,Normal,19464,384,4,Earth,False,False,,
1613,Death Hound,153,296,Dark Dragon Shrine: Upper,N,Normal,Normal,17500,388,1,Fire,True,False,,
1612,Thug Golem,191,295,Dark Dragon Shrine: Middle,M,Mini Boss,Normal,-1,29190,2,Water,False,False,,
1611,Baby Finstern,153,295,Dark Dragon Shrine: Middle,N,Normal,Normal,17500,427,5,Dark,False,False,,
1610,Soul Reaper,152,295,Dark Dragon Shrine: Middle,N,Normal,Normal,17500,384,3,Wind,False,False,,
1609,Ivy,151,295,Dark Dragon Shrine: Middle,N,Normal,Normal,19464,380,4,Earth,False,False,,
1608,Soul Reaper,151,294,Dark Dragon Shrine: Lower,N,Normal,Normal,17500,380,3,Wind,False,False,,
1607,Ivy,150,294,Dark Dragon Shrine: Lower,N,Normal,Normal,19464,376,4,Earth,False,False,,
1606,Death Hound,152,294,Dark Dragon Shrine: Lower,N,Normal,Normal,17500,384,1,Fire,True,False,,
1605,Bubble Angel (Yellow),145,281,Shrine of the Gods: Area 4,N,Normal,Normal,-1,356,4,Earth,True,False,,
1604,Bubble Angel (White),145,281,Shrine of the Gods: Area 4,N,Normal,Normal,-1,356,6,Light,True,False,,
1603,King Piton,203,293,Elf Mountains: Shrine,B,Boss,Ultimate,16000000,120000,2,Water,False,False,,
1602,King Piton,183,293,Elf Mountains: Shrine,B,Boss,Nightmare,8000000,60000,2,Water,False,False,,
1601,King Piton,173,293,Elf Mountains: Shrine,B,Boss,Hard,3200000,24000,2,Water,False,False,,
1600,King Piton,163,293,Elf Mountains: Shrine,B,Boss,Normal,1600000,12000,2,Water,False,False,,
1599,King Piton,153,293,Elf Mountains: Shrine,B,Boss,Easy,160000,1200,2,Water,False,False,,
1598,Goldenia,187,292,Elf Mountains: Area 3,M,Mini Boss,Normal,-1,27930,3,Wind,False,False,,
1597,Ice Stinger,150,292,Elf Mountains: Area 3,N,Normal,Normal,20000,376,2,Water,False,False,,
1596,Silveria,151,292,Elf Mountains: Area 3,N,Normal,Normal,26000,570,4,Earth,True,False,,
1595,Corloup,149,292,Elf Mountains: Area 3,N,Normal,Normal,15000,372,0,Neutral,True,False,,
1594,Snowman,150,291,Elf Mountains: Area 2,N,Normal,Normal,14000,300,2,Water,True,False,,
1593,Corloup,148,291,Elf Mountains: Area 2,N,Normal,Normal,15000,368,0,Neutral,True,False,,
1592,Ice Stinger,149,291,Elf Mountains: Area 2,N,Normal,Normal,20000,372,2,Water,False,False,,
1591,Silveria,149,290,Elf Mountains: Area 1,N,Normal,Normal,26000,558,4,Earth,True,False,,
1590,Snowman,148,290,Elf Mountains: Area 1,N,Normal,Normal,14000,294,2,Water,True,False,,
1589,Corloup,147,290,Elf Mountains: Area 1,N,Normal,Normal,15000,364,0,Neutral,True,False,,
1588,Acernix,138,289,Garden of Ice & Snow,N,Normal,Normal,4000,197,2,Water,False,False,,
1587,Billy,139,289,Garden of Ice & Snow,N,Normal,Normal,9000,166,4,Earth,True,False,,
1586,Snowman,137,289,Garden of Ice & Snow,N,Normal,Normal,6500,130,2,Water,True,False,,
1585,Billy,136,289,Garden of Ice & Snow,N,Normal,Normal,9000,160,4,Earth,True,False,,
1584,Acernix,135,289,Garden of Ice & Snow,N,Normal,Normal,4000,191,2,Water,False,False,,
1583,Mimesia (Nightmare),180,288,Sakura Castle Donjon: Top,B,Boss,Nightmare,495000,26000,5,Dark,False,True,,
1582,Slayer Cherrimoth,180,285,Sakura Castle: Outside,N,Normal,Normal,-1,18500,4,Earth,True,True,,
1581,Ancient Empress Mezzaluna (Hell),180,87,Event,B,Boss,Normal,4000000,10,5,Dark,False,True,,
1580,Mimesia (Hard),160,288,Sakura Castle Donjon: Top,B,Boss,Normal,2500000,21400,5,Dark,False,True,,
1579,Mimesia (Normal),140,288,Sakura Castle Donjon: Top,B,Boss,Normal,1100000,9900,5,Dark,False,True,,
1578,Mimesia (Easy),120,288,Sakura Castle Donjon: Top,B,Boss,Normal,520000,5000,5,Dark,False,True,,
1577,Violaccoon,120,285,Sakura Castle: Outside,N,Normal,Normal,6000,105,4,Earth,True,True,,
1576,Plumpy Buggy,121,285,Sakura Castle: Outside,N,Normal,Normal,7000,133,3,Wind,True,True,,
1575,Violaccoon,122,285,Sakura Castle: Outside,N,Normal,Normal,6000,148,4,Earth,True,True,,
1574,Tulin,118,285,Sakura Castle: Outside,N,Normal,Normal,6500,118,4,Earth,True,True,,
1573,Tehon,119,285,Sakura Castle: Outside,N,Normal,Normal,8000,130,4,Earth,True,True,,
1572,Seele Zauga,200,284,Shrine of the Goddess of Species,B,Boss,Ultimate,30000000,153000,6,Light,False,False,,
1571,Seele Zauga,180,284,Shrine of the Goddess of Species,B,Boss,Nightmare,15000000,76500,6,Light,False,False,,
1570,Seele Zauga,170,284,Shrine of the Goddess of Species,B,Boss,Hard,6000000,30600,6,Light,False,False,,
1569,Seele Zauga,160,284,Shrine of the Goddess of Species,B,Boss,Normal,3000000,15300,6,Light,False,False,,
1568,Seele Zauga,150,284,Shrine of the Goddess of Species,B,Boss,Easy,300000,1530,6,Light,False,False,,
1567,Destiny Cube,147,282,Hall of Construction Gods,N,Normal,,17000,364,0,Neutral,False,False,,
1566,Destiny Cube,146,283,Hall of Special Gods,N,Normal,,17000,360,0,Neutral,False,False,,
1565,Bubble Angel (Purple),147,283,Hall of Special Gods,N,Normal,,-1,364,5,Dark,True,False,,
1564,Sanctuary Guardian,148,283,Hall of Special Gods,N,Normal,,23000,442,6,Light,False,False,,
1563,Carbuncle,183,282,Hall of Construction Gods,M,Mini Boss,,-1,27200,1,Fire,False,False,,
1562,Oddy,145,282,Hall of Construction Gods,N,Normal,,23000,356,1,Fire,False,False,,
1561,Bubble Angel (Yellow),146,282,Hall of Construction Gods,N,Normal,,-1,360,4,Earth,True,False,,
1560,Bubble Angel (Purple),145,281,Shrine of the Gods: Area 4,N,Normal,,-1,356,5,Dark,True,False,,
1559,Sanctuary Guardian,146,281,Shrine of the Gods: Area 4,N,Normal,,23000,432,6,Light,False,False,,
1558,Oddy,144,281,Shrine of the Gods: Area 4,N,Normal,,23000,352,1,Fire,False,False,,
1557,Bubble Angel (White),136,280,Heresy Corridor,N,Normal,,-1,320,6,Light,True,False,,
1556,Meditating Potum,132,280,Heresy Corridor,N,Normal,,8465,153,6,Light,True,False,,
1555,Hermit Doll,133,280,Heresy Corridor,N,Normal,Normal,9000,155,6,Light,False,False,,
1554,Handmade Cookie (Coffee),190,111,El Scaro,B,Boss,Ultimate,7000000,64000,1,Fire,False,True,,
1553,Handmade Cookie (Choco),160,111,El Scaro,B,Boss,Nightmare,3500000,39000,1,Fire,False,True,,
1552,Handmade Cookie (Cocoa),130,111,El Scaro,B,Boss,Hard,2180000,28000,1,Fire,False,True,,
1551,Handmade Cookie (Plain),100,111,El Scaro,B,Boss,Normal,870000,15000,1,Fire,False,True,,
1550,Bubble Bogey,177,275,Barbaros Corridor,M,Mini Boss,Normal,-1,26754,1,Fire,False,False,,
1549,Bubble Angel (Blue),143,276,Shrine of The Gods: Area 1,N,Normal,Normal,-1,340,2,Water,True,False,,
1548,Bubble Angel (Red),142,276,Shrine of The Gods: Area 1,N,Normal,Normal,-1,340,1,Fire,True,False,,
1547,Bubble Angel (Blue),143,277,Shrine of The Gods: Area 2,N,Normal,Normal,-1,348,2,Water,True,False,,
1546,Bubble Angel (Red),143,277,Shrine of The Gods: Area 2,N,Normal,Normal,17488,348,1,Fire,True,False,,
1545,Bubble Angel (Blue),145,278,Shrine of The Gods: Area 3,N,Normal,Normal,17488,356,2,Water,True,False,,
1544,Bubble Angel (Red),145,278,Shrine of The Gods: Area 3,N,Normal,Normal,-1,356,1,Fire,True,False,,
1543,Aeternus,130,275,Barbaros Corridor,N,Normal,Normal,8000,135,6,Light,True,False,,
1542,Berylfree,133,275,Barbaros Corridor,N,Normal,Normal,8000,139,2,Water,True,False,,
1541,Planet Head,131,275,Barbaros Corridor,N,Normal,Normal,20000,227,4,Earth,True,False,,
1540,Bubble Angel (Green),141,276,Shrine of The Gods: Area 1,N,Normal,Normal,-1,340,3,Wind,True,False,,
1539,Destiny Cube,143,276,Shrine of The Gods: Area 1,N,Normal,Normal,10000,348,0,Neutral,True,False,,
1538,Zaman,142,276,Shrine of The Gods: Area 1,N,Normal,Normal,15000,378,6,Light,True,False,,
1537,Gods of Blessing's Guardian,142,277,Shrine of The Gods: Area 2,N,Normal,Normal,15000,275,0,Neutral,False,False,,
1536,Destiny Cube,144,277,Shrine of The Gods: Area 2,N,Normal,Normal,10000,352,0,Neutral,True,False,,
1535,Bubble Angel (Green),143,277,Shrine of The Gods: Area 2,N,Normal,Normal,-1,348,3,Wind,True,False,,
1534,Bubble Angel (Green),145,278,Shrine of The Gods: Area 3,N,Normal,Normal,-1,356,3,Wind,True,False,,
1533,Gods of Blessing's Guardian,143,278,Shrine of The Gods: Area 3,N,Normal,Normal,15000,278,0,Neutral,False,False,,
1532,Zaman,144,278,Shrine of The Gods: Area 3,N,Normal,Normal,20000,382,6,Light,False,False,,
1531,Mardula,197,279,Hall of Blessings Gods,B,Boss,Ultimate,14200000,81000,6,Light,False,False,,
1530,Mardula,177,279,Hall of Blessings Gods,B,Boss,Nightmare,7100000,40500,6,Light,False,False,,
1529,Mardula,167,279,Hall of Blessings Gods,B,Boss,Hard,2840000,16200,6,Light,False,False,,
1528,Mardula,157,279,Hall of Blessings Gods,B,Boss,Normal,1420000,8100,6,Light,False,False,,
1527,Mardula,147,279,Hall of Blessings Gods,B,Boss,Easy,142000,810,6,Light,False,False,,
1526,Eidenliebe (Dark),180,103,Maia Diela,B,Boss,Ultimate,900000,32000,5,Dark,False,True,,
1525,Eidenliebe (Bitter),150,103,Maia Diela,B,Boss,Nightmare,1500000,21600,5,Dark,False,True,,
1524,Eidenliebe (Sweet),120,103,Maia Diela,B,Boss,Hard,700000,13000,5,Dark,False,True,,
1523,Eidenliebe (Milk),90,103,Maia Diela,B,Boss,Normal,370000,8000,5,Dark,False,True,,
1522,Mithurna Lynx,177,272,Ruins of Mt. Mithurna: Stylobate,M,Mini Boss,Normal,-1,25725,6,Light,False,False,,
1521,Zelbuse,194,274,Ruins of Mt. Mithurna: Open Air,B,Boss,Ultimate,16000000,111000,6,Light,False,False,,
1520,Zelbuse,174,274,Ruins of Mt. Mithurna: Open Air,B,Boss,Nightmare,8000000,55500,6,Light,False,False,,
1519,Zelbuse,164,274,Ruins of Mt. Mithurna: Open Air,B,Boss,Hard,3200000,22200,6,Light,False,False,,
1518,Zelbuse,154,274,Ruins of Mt. Mithurna: Open Air,B,Boss,Normal,1600000,11100,6,Light,False,False,,
1517,Zelbuse,144,274,Ruins of Mt. Mithurna: Open Air,B,Boss,Easy,160000,1110,6,Light,False,False,,
1516,Mitta Tret,140,274,Ruins of Mt. Mithurna: Open Air,N,Normal,Normal,16000,336,2,Water,True,False,,
1515,Moss Granite,142,274,Ruins of Mt. Mithurna: Open Air,N,Normal,Normal,20000,344,6,Light,False,False,,
1514,Mitta Tret,140,273,Ruins of Mt. Mithurna: Long Stairs,N,Normal,Normal,16000,336,2,Water,True,False,,
1513,Ardvan,139,273,Ruins of Mt. Mithurna: Long Stairs,N,Normal,Normal,20000,332,6,Light,True,False,,
1512,Moss Granite,141,273,Ruins of Mt. Mithurna: Long Stairs,N,Normal,Normal,20000,340,6,Light,False,False,,
1511,Mitta Tret,138,272,Ruins of Mt. Mithurna: Stylobate,N,Normal,Normal,16000,328,2,Water,True,False,,
1510,Haliabubo,139,272,Ruins of Mt. Mithurna: Stylobate,N,Normal,Normal,15000,332,6,Light,True,False,,
1509,Ardvan,140,272,Ruins of Mt. Mithurna: Stylobate,N,Normal,Normal,20000,336,6,Light,True,False,,
1508,Kohaku Lil Boar,50,87,Event,B,Boss,Ultimate,400000,3000,6,Light,False,True,,
1507,Kohaku Lil Boar,30,87,Event,B,Boss,Nightmare,200000,1500,6,Light,False,True,,
1506,Kohaku Lil Boar,20,87,Event,B,Boss,Hard,80000,600,6,Light,False,True,,
1505,Kohaku Lil Boar,10,87,Event,B,Boss,Normal,40000,300,6,Light,False,True,,
1504,Kohaku Lil Boar,1,87,Event,B,Boss,Easy,4000,30,6,Light,False,True,,
1503,Zega (Megiston 2018),180,87,Event,B,Boss,Normal,2300000,53000,2,Water,False,True,,
1502,Felien (Megiston 2018),170,87,Event,B,Boss,Normal,1800000,39000,3,Wind,False,True,,
1501,Ultimate Machina (Megiston 2018),160,87,Event,B,Boss,Normal,1250000,26000,0,Neutral,False,True,,
1500,Guignol (Megiston 2018),150,87,Event,B,Boss,Normal,900000,16000,3,Wind,False,True,,
1499,Pillar Golem (Megiston 2018),140,87,Event,B,Boss,Normal,500000,7050,4,Earth,False,True,,
1498,Altoblepas,174,261,Rokoko Plains,M,Mini Boss,Normal,-1,27500,0,Neutral,False,False,,
1497,Noeliel the Ice Statue (raid),202,265,Noeliel Castle: Hall (120-140),B,Boss,Ultimate,-1,155000,2,Water,False,True,,
1496,Noeliel the Ice Statue (raid),182,265,Noeliel Castle: Hall (120-140),B,Boss,Nightmare,-1,77500,2,Water,False,True,,
1495,Noeliel the Ice Statue (raid),172,265,Noeliel Castle: Hall (120-140),B,Boss,Hard,-1,31000,2,Water,False,True,,
1494,Noeliel the Ice Statue (raid),162,265,Noeliel Castle: Hall (120-140),B,Boss,Normal,-1,15500,2,Water,False,True,,
1493,Noeliel the Ice Statue (raid),152,265,Noeliel Castle: Hall (120-140),B,Boss,Easy,-1,1550,2,Water,False,True,,
1492,Noeliel the Ice Statue (raid),182,271,Noeliel Castle: Hall (100-120),B,Boss,Ultimate,-1,126000,2,Water,False,True,,
1491,Noeliel the Ice Statue (raid),162,271,Noeliel Castle: Hall (100-120),B,Boss,Nightmare,-1,63000,2,Water,False,True,,
1490,Noeliel the Ice Statue (raid),152,271,Noeliel Castle: Hall (100-120),B,Boss,Hard,-1,25200,2,Water,False,True,,
1489,Noeliel the Ice Statue (raid),142,271,Noeliel Castle: Hall (100-120),B,Boss,Normal,-1,12600,2,Water,False,True,,
1488,Noeliel the Ice Statue (raid),132,271,Noeliel Castle: Hall (100-120),B,Boss,Easy,-1,1260,2,Water,False,True,,
1487,Noeliel the Ice Statue (raid),162,268,Noeliel Castle: Hall (80-100),B,Boss,Ultimate,-1,100000,2,Water,False,True,,
1486,Noeliel the Ice Statue (raid),142,268,Noeliel Castle: Hall (80-100),B,Boss,Nightmare,-1,50000,2,Water,False,True,,
1485,Noeliel the Ice Statue (raid),132,268,Noeliel Castle: Hall (80-100),B,Boss,Hard,-1,20000,2,Water,False,True,,
1484,Noeliel the Ice Statue (raid),122,268,Noeliel Castle: Hall (80-100),B,Boss,Normal,-1,10000,2,Water,False,True,,
1483,Noeliel the Ice Statue (raid),112,268,Noeliel Castle: Hall (80-100),B,Boss,Easy,-1,1000,2,Water,False,True,,
1482,Noeliel the Ice Statue,172,271,Noeliel Castle: Hall (100-120),B,Boss,Ultimate,8000000,80000,2,Water,False,True,,
1481,Noeliel the Ice Statue,152,271,Noeliel Castle: Hall (100-120),B,Boss,Nightmare,4000000,40000,2,Water,False,True,,
1480,Noeliel the Ice Statue,142,271,Noeliel Castle: Hall (100-120),B,Boss,Hard,1600000,16000,2,Water,False,True,,
1479,Noeliel the Ice Statue,132,271,Noeliel Castle: Hall (100-120),B,Boss,Normal,800000,8000,2,Water,False,True,,
1478,Noeliel the Ice Statue,122,271,Noeliel Castle: Hall (100-120),B,Boss,Easy,80000,800,2,Water,False,True,,
1477,Snowman,119,270,Noeliel Castle: 2F (100-120),N,Normal,Normal,10000,260,2,Water,True,True,,
1476,Cold Golem,121,270,Noeliel Castle: 2F (100-120),N,Normal,Normal,15000,455,2,Water,False,True,,
1475,Ice Evil Clocl,120,270,Noeliel Castle: 2F (100-120),N,Normal,Normal,10000,317,5,Dark,False,True,,
1474,Ice Evil Clock,117,269,Noeliel Castle: Entrance (100-120),N,Normal,Normal,10000,305,5,Dark,False,True,,
1473,Cold Golem,118,269,Noeliel Castle: Entrance (100-120),N,Normal,Normal,15000,438,2,Water,False,True,,
1472,Noeliel the Ice Statue,152,268,Noeliel Castle: Hall (80-100),B,Boss,Ultimate,5500000,62000,2,Water,False,True,,
1471,Noeliel the Ice Statue,132,268,Noeliel Castle: Hall (80-100),B,Boss,Nightmare,2750000,31000,2,Water,False,True,,
1470,Noeliel the Ice Statue,122,268,Noeliel Castle: Hall (80-100),B,Boss,Hard,1100000,12400,2,Water,False,True,,
1469,Noeliel the Ice Statue,112,268,Noeliel Castle: Hall (80-100),B,Boss,Normal,550000,6200,2,Water,False,True,,
1468,Noeliel the Ice Statue,102,268,Noeliel Castle: Hall (80-100),B,Boss,Easy,55000,620,2,Water,False,True,,
1467,Snowman,99,267,Noeliel Castle: 2F (80-100),N,Normal,Normal,9000,198,2,Water,True,True,,
1466,Freeze Ghost,101,267,Noeliel Castle: 2F (80-100),N,Normal,Normal,12000,326,2,Water,False,True,,
1465,Ice Evil Clock,100,267,Noeliel Castle: 2F (80-100),N,Normal,Normal,10000,240,5,Dark,False,True,,
1464,Freeze Ghost,98,266,Noeliel Castle: Entrance (80-100),N,Normal,Normal,12000,310,2,Water,False,True,,
1463,Ice Evil Clock,97,266,Noeliel Castle: Entrance (80-100),N,Normal,Normal,10000,230,5,Dark,False,True,,
1462,Noeliel the Ice Statue,191,265,Noeliel Castle: Hall (120-140),B,Boss,Ultimate,11100000,100000,2,Water,False,True,,
1461,Noeliel the Ice Statue,171,265,Noeliel Castle: Hall (120-140),B,Boss,Nightmare,5550000,50000,2,Water,False,True,,
1460,Noeliel the Ice Statue,161,265,Noeliel Castle: Hall (120-140),B,Boss,Hard,2220000,20000,2,Water,False,True,,
1459,Noeliel the Ice Statue,151,265,Noeliel Castle: Hall (120-140),B,Boss,Normal,1110000,10000,2,Water,False,True,,
1458,Noeliel the Ice Statue,141,265,Noeliel Castle: Hall (120-140),B,Boss,Easy,111000,1000,2,Water,False,True,,
1457,Snowman,139,264,Noeliel Castle 2F (120-140),N,Normal,Normal,15000,303,2,Water,True,True,,
1456,Frost Golem,141,264,Noeliel Castle 2F (120-140),N,Normal,Normal,30000,612,2,Water,False,True,,
1455,Ice Evil Clock,137,263,Noeliel Castle Entrance (120-140),N,Normal,Normal,20000,322,5,Dark,False,True,,
1454,Frost Golem,138,263,Noeliel Castle Entrance (120-140),N,Normal,Normal,30000,513,2,Water,False,True,,
1453,Mom Fluck,191,262,Forgotten Cave,B,Boss,Ultimate,14500000,124000,2,Water,False,False,,
1452,Mom Fluck,171,262,Forgotten Cave,B,Boss,Nightmare,7250000,62000,2,Water,False,False,,
1451,Mom Fluck,161,262,Forgotten Cave,B,Boss,Hard,2900000,24800,2,Water,False,False,,
1450,Mom Fluck,151,262,Forgotten Cave,B,Boss,Normal,1450000,12400,2,Water,False,False,,
1449,Mom Fluck,141,262,Forgotten Cave,B,Boss,Easy,145000,1240,2,Water,False,False,,
1448,Fluck,139,262,Forgotten Cave,N,Normal,Normal,16000,413,2,Water,False,False,,
1447,Stone,139,262,Forgotten Cave,N,Normal,Normal,23000,453,4,Earth,True,False,,
1446,Melon Soda Potum,138,262,Forgotten Cave,N,Normal,Normal,18000,360,2,Water,False,False,,
1445,Tenoblepas,130,261,Rokoko Plains,N,Normal,Normal,10000,195,3,Wind,False,False,,
1444,Kijimu (Green Grape),129,261,Rokoko Plains,N,Normal,Normal,8000,163,4,Earth,False,False,,
1443,Kijimu (Purple Grape),127,261,Rokoko Plains,N,Normal,Normal,8000,130,4,Earth,False,False,,
1442,Leedle Colon,128,261,Rokoko Plains,N,Normal,Normal,8000,160,4,Earth,False,False,,
1441,Tenoblepas,126,261,Rokoko Plains,N,Normal,Normal,10000,184,3,Wind,False,False,,
1440,Muddy Gnome,124,260,Mt. Mithurna: Entrance,N,Normal,Normal,4000,144,4,Earth,False,False,,
1439,Tylul,123,260,Mt. Mithurna: Entrance,N,Normal,Normal,6000,137,3,Wind,False,False,,
1438,Tenoblepas,125,260,Mt. Mithurna: Entrance,N,Normal,Normal,10000,183,3,Wind,False,False,,
1437,Yashiro Azuki's Mom (Lv150),195,87,Event,B,Boss,Ultimate,10000000,125000,1,Fire,False,True,,
1436,Yashiro Azuki (Lv150),190,87,Event,B,Boss,Ultimate,24000000,120000,5,Dark,False,True,,
1435,Yashiro Azuki's Mom (Lv150),175,87,Event,B,Boss,Nightmare,5000000,62500,1,Fire,False,True,,
1434,Yashiro Azuki (Lv150),170,87,Event,B,Boss,Nightmare,12000000,60000,5,Dark,False,True,,
1433,Yashiro Azuki's Mom (Lv150),165,87,Event,B,Boss,Hard,2000000,25000,1,Fire,False,True,,
1432,Yashiro Azuki (Lv150),160,87,Event,B,Boss,Hard,4800000,24000,5,Dark,False,True,,
1431,Yashiro Azuki's Mom (Lv150),155,87,Event,B,Boss,Normal,1000000,12500,1,Fire,False,True,,
1430,Yashiro Azuki (Lv150),150,87,Event,B,Boss,Normal,2400000,12000,5,Dark,False,True,,
1429,Yashiro Azuki's Mom (Lv150),145,87,Event,B,Boss,Easy,100000,1250,1,Fire,False,True,,
1428,Yashiro Azuki (Lv150),140,87,Event,B,Boss,Easy,240000,1200,5,Dark,False,True,,
1427,Yashiro Azuki's Mom (Lv60),135,87,Event,B,Boss,Ultimate,2000000,39000,1,Fire,False,True,,
1426,Yashiro Azuki (Lv60),130,87,Event,B,Boss,Ultimate,4800000,34500,5,Dark,False,True,,
1425,Yashiro Azuki's Mom (Lv60),115,87,Event,B,Boss,Nightmare,100000,19500,1,Fire,False,True,,
1424,Yashiro Azuki (Lv60),110,87,Event,B,Boss,Nightmare,240000,17250,5,Dark,False,True,,
1423,Yashiro Azuki's Mom (Lv60),105,87,Event,B,Boss,Hard,400000,7800,1,Fire,False,True,,
1422,Yashiro Azuki (Lv60),100,87,Event,B,Boss,Hard,960000,6900,5,Dark,False,True,,
1421,Yashiro Azuki's Mom (Lv60),95,87,Event,B,Boss,Normal,200000,3900,1,Fire,False,True,,
1420,Yashiro Azuki (Lv60),90,87,Event,B,Boss,Normal,480000,3450,5,Dark,False,True,,
1419,Yashiro Azuki's Mom (Lv60),85,87,Event,B,Boss,Easy,20000,390,1,Fire,False,True,,
1418,Yashiro Azuki (Lv60),80,87,Event,B,Boss,Easy,48000,345,5,Dark,False,True,,
1417,Yashiro Azuki's Mom (Lv30),75,87,Event,B,Boss,Ultimate,100000,4120,1,Fire,False,True,,
1416,Yashiro Azuki (Lv30),70,87,Event,B,Boss,Ultimate,240000,4000,5,Dark,False,True,,
1415,Yashiro Azuki's Mom (Lv30),55,87,Event,B,Boss,Nightmare,50000,2060,1,Fire,False,True,,
1414,Yashiro Azuki (Lv30),50,87,Event,B,Boss,Nightmare,120000,2000,5,Dark,False,True,,
1413,Yashiro Azuki's Mom (Lv30),45,87,Event,B,Boss,Hard,20000,824,1,Fire,False,True,,
1412,Yashiro Azuki (Lv30),40,87,Event,B,Boss,Hard,48000,800,5,Dark,False,True,,
1411,Yashiro Azuki's Mom (Lv30),35,87,Event,B,Boss,Normal,10000,412,1,Fire,False,True,,
1410,Yashiro Azuki (Lv30),30,87,Event,B,Boss,Normal,24000,400,5,Dark,False,True,,
1409,Yashiro Azuki's Mom (Lv30),25,87,Event,B,Boss,Easy,1000,41,1,Fire,False,True,,
1408,Yashiro Azuki (Lv30),20,87,Event,B,Boss,Easy,2400,40,5,Dark,False,True,,
1407,Golden Potum (10M DL),100,248,Tolbas GrassLand,M,Mini Boss,Normal,30,100,6,Light,False,True,,
1406,Golden Potum (10M DL),100,110,Wanderer's Plain,M,Mini Boss,Normal,30,100,6,Light,False,True,,
1405,Golden Potum (10M DL),100,70,Darkanon Plain,M,Mini Boss,Normal,30,100,6,Light,False,True,,
1404,Golden Potum (10M DL),100,51,Yorl Highlands,M,Mini Boss,Normal,30,100,6,Light,False,True,,
1403,Golden Potum (10M DL),100,7,Rakau Plains,M,Mini Boss,Normal,30,100,6,Light,False,True,,
1402,Pomie Chan (10M DL),200,79,Sofya City: Government Office,B,Boss,Ultimate,10000000,87000,1,Fire,False,True,,
1401,Hero Potum (10M DL),200,79,Sofya City: Government Office,B,Boss,Ultimate,18000000,130000,5,Dark,False,True,,
1400,Pomie Chan (10M DL),180,79,Sofya City: Government Office,B,Boss,Nightmare,5000000,43500,1,Fire,False,True,,
1399,Hero Potum (10M DL),180,79,Sofya City: Government Office,B,Boss,Nightmare,9000000,65000,5,Dark,False,True,,
1398,Pomie Chan (10M DL),170,79,Sofya City: Government Office,B,Boss,Hard,3600000,17400,1,Fire,False,True,,
1397,Hero Potum (10M DL),170,79,Sofya City: Government Office,B,Boss,Hard,1800000,26000,5,Dark,False,True,,
1396,Pomie Chan (10M DL),160,79,Sofya City: Government Office,B,Boss,Normal,1000000,8700,1,Fire,False,True,,
1395,Hero Potum (10M DL),160,79,Sofya City: Government Office,B,Boss,Normal,1800000,13000,5,Dark,False,True,,
1394,Pomie Chan (10M DL),150,79,Sofya City: Government Office,B,Boss,Easy,100000,870,1,Fire,False,True,,
1393,Hero Potum (10M DL),150,79,Sofya City: Government Office,B,Boss,Easy,180000,1300,5,Dark,False,True,,
1392,Crystal Titan,188,259,Decaying Ruins,B,Boss,Ultimate,10000000,93000,5,Dark,False,False,,
1391,Crystal Titan,168,259,Decaying Ruins,B,Boss,Nightmare,5000000,46500,5,Dark,False,False,,
1390,Crystal Titan,158,259,Decaying Ruins,B,Boss,Hard,2000000,18600,5,Dark,False,False,,
1389,Crystal Titan,148,259,Decaying Ruins,B,Boss,Normal,1000000,9300,5,Dark,False,False,,
1388,Crystal Titan,138,259,Decaying Ruins,B,Boss,Easy,100000,930,5,Dark,False,False,,
1387,Fanadon,171,258,Curonne Forest: North Area 2,M,Mini Boss,Normal,-1,24360,0,Neutral,False,False,,
1386,Shark Wolf,135,258,Curonne Forest: North Area 2,N,Normal,Normal,20000,413,2,Water,True,False,,
1385,Fanalizard,134,258,Curonne Forest: North Area 2,N,Normal,Normal,19000,346,0,Neutral,True,False,,
1384,General Store: Litoa,0,256,Nov Saterica,C,NPC,Normal,0,0,0,Neutral,False,False,,
1383,Sentry,0,256,Nov Saterica,C,NPC,Normal,0,0,0,Neutral,False,False,,
1382,Leaf Ghost,133,257,Curonne Forest: North Area 1,N,Normal,Normal,10000,248,6,Light,False,False,,
1381,Fanalizard,132,257,Curonne Forest: North Area 1,N,Normal,Normal,18000,337,0,Neutral,True,False,,
1380,Tehon,131,257,Curonne Forest: North Area 1,N,Normal,Normal,13000,302,4,Earth,True,False,,
1379,Tehon,122,255,Curonne Forest: East,N,Normal,Normal,6500,135,4,Earth,True,False,,
1378,Fanalizard,123,255,Curonne Forest: East,N,Normal,Normal,6000,150,0,Neutral,True,False,,
1377,Fanalizard,120,255,Curonne Forest: East,N,Normal,Normal,6000,145,0,Neutral,True,False,,
1376,Tehon,119,255,Curonne Forest: East,N,Normal,Normal,6500,130,4,Earth,True,False,,
1375,Squirreen,121,255,Curonne Forest: East,N,Normal,Normal,7000,121,3,Wind,True,False,,
1374,Zoe,150,254,Halloween Mansion Basement,B,Boss,Very Hard,1730000,21300,5,Dark,False,True,,
1373,Zoe,125,254,Halloween Mansion Basement,B,Boss,Hard,850000,13000,5,Dark,False,True,,
1372,Zoe,100,254,Halloween Mansion Basement,B,Boss,Normal,340000,7200,5,Dark,False,True,,
1371,Zoe,75,254,Halloween Mansion Basement,B,Boss,Easy,93000,3100,5,Dark,False,True,,
1370,Usasama the Necromancer,185,87,Event,B,Boss,Normal,3000000,30000,5,Dark,False,True,,
1369,Persimmon Coryn,125,248,Tolbas GrassLand,M,Mini Boss,Normal,5000,1410,-1,Unknown,False,True,,
1368,Usami (Full Moon Lv90+),130,253,Otsukimi Event Venue,B,Boss,Ultimate,3000000,35000,2,Water,False,True,,
1367,Usakichi (Full Moon Lv90+),130,253,Otsukimi Event Venue,B,Boss,Ultimate,3000000,35000,4,Earth,False,True,,
1366,Usami (Full Moon Lv90+),110,253,Otsukimi Event Venue,B,Boss,Nightmare,1500000,17500,2,Water,False,True,,
1365,Usakichi (Full Moon Lv90+),110,253,Otsukimi Event Venue,B,Boss,Nightmare,1500000,17500,4,Earth,False,True,,
1364,Usami (Full Moon Lv90+),100,253,Otsukimi Event Venue,B,Boss,Hard,600000,7000,2,Water,False,True,,
1363,Usakichi (Full Moon Lv90+),100,253,Otsukimi Event Venue,B,Boss,Hard,600000,7000,4,Earth,False,True,,
1362,Usami (Full Moon Lv90+),90,253,Otsukimi Event Venue,B,Boss,Normal,300000,3500,2,Water,False,True,,
1361,Usakichi (Full Moon Lv90+),90,253,Otsukimi Event Venue,B,Boss,Normal,300000,3500,4,Earth,False,True,,
1360,Usami (Crescent Moon Lv60+),100,253,Otsukimi Event Venue,B,Boss,Ultimate,1500000,20000,2,Water,False,True,,
1359,Usakichi (Crescent Moon Lv60+),100,253,Otsukimi Event Venue,B,Boss,Ultimate,1500000,20000,4,Earth,False,True,,
1358,Usami (Crescent Moon Lv60+),80,253,Otsukimi Event Venue,B,Boss,Nightmare,750000,10000,2,Water,False,True,,
1357,Usakichi (Crescent Moon Lv60+),80,253,Otsukimi Event Venue,B,Boss,Nightmare,750000,10000,4,Earth,False,True,,
1356,Usami (Crescent Moon Lv60+),70,253,Otsukimi Event Venue,B,Boss,Hard,300000,4000,2,Water,False,True,,
1355,Usakichi (Crescent Moon Lv60+),70,253,Otsukimi Event Venue,B,Boss,Hard,300000,4000,4,Earth,False,True,,
1354,Usami (Crescent Moon Lv60+),60,253,Otsukimi Event Venue,B,Boss,Normal,150000,2000,2,Water,False,True,,
1353,Usakichi (Crescent Moon Lv60+),60,253,Otsukimi Event Venue,B,Boss,Normal,150000,2000,4,Earth,False,True,,
1352,Usami (New Moon Lv30+),70,253,Otsukimi Event Venue,B,Boss,Ultimate,320000,8000,2,Water,False,True,,
1351,Usakichi (New Moon Lv30+),70,253,Otsukimi Event Venue,B,Boss,Ultimate,320000,8000,4,Earth,False,True,,
1350,Usami (New Moon Lv30+),50,253,Otsukimi Event Venue,B,Boss,Nightmare,160000,4000,2,Water,False,True,,
1349,Usakichi (New Moon Lv30+),50,253,Otsukimi Event Venue,B,Boss,Nightmare,160000,4000,4,Earth,False,True,,
1348,Usami (New Moon Lv30+),40,253,Otsukimi Event Venue,B,Boss,Hard,64000,1600,2,Water,False,True,,
1347,Usakichi (New Moon Lv30+),40,253,Otsukimi Event Venue,B,Boss,Hard,64000,1600,4,Earth,False,True,,
1346,Usami (New Moon Lv30+),30,253,Otsukimi Event Venue,B,Boss,Normal,32000,800,2,Water,False,True,,
1345,Usakichi (New Moon Lv30+),30,253,Otsukimi Event Venue,B,Boss,Normal,32000,800,4,Earth,False,True,,
1344,Usami (New Moon Lv30+),20,253,Otsukimi Event Venue,B,Boss,Easy,3200,80,2,Water,False,True,,
1343,Usakichi (New Moon Lv30+),20,253,Otsukimi Event Venue,B,Boss,Easy,3200,80,4,Earth,False,True,,
1342,Shampy,185,252,Turnus Mine: Hall,B,Boss,Ultimate,8500000,73000,2,Water,False,False,,
1341,Shampy,165,252,Turnus Mine: Hall,B,Boss,Nightmare,4250000,36500,2,Water,False,False,,
1340,Shampy,155,252,Turnus Mine: Hall,B,Boss,Hard,1700000,14600,2,Water,False,False,,
1339,Shampy,145,252,Turnus Mine: Hall,B,Boss,Normal,850000,7300,2,Water,False,False,,
1338,Shampy,135,252,Turnus Mine: Hall,B,Boss,Easy,85000,730,2,Water,False,False,,
1337,Comraby,131,252,Turnus Mine: Hall,N,Normal,Normal,12000,211,1,Fire,True,False,,
1336,Rockmadillo,132,252,Turnus Mine: Hall,N,Normal,Normal,15000,306,4,Earth,True,False,,
1335,Solopy,169,251,Turnus Mine: Area 3,M,Mini Boss,Normal,-1,23835,4,Earth,False,False,,
1334,Rockmadillo,131,251,Turnus Mine: Area 3,N,Normal,Normal,15000,302,4,Earth,True,False,,
1333,Light Angler,132,251,Turnus Mine: Area 3,N,Normal,Normal,15000,367,2,Water,False,False,,
1332,Pelle,132,250,Turnus Mine: Area 2,N,Normal,Normal,35000,612,2,Water,True,False,,
1331,Rockmadillo,130,250,Turnus Mine: Area 2,N,Normal,Normal,15000,300,4,Earth,True,False,,
1330,Molemet,131,250,Turnus Mine: Area 2,N,Normal,Normal,15000,332,4,Earth,True,False,,
1329,Light Angler,131,249,Turnus Mine: Area 1,N,Normal,Normal,15000,362,2,Water,False,False,,
1328,Pelle,130,249,Turnus Mine: Area 1,N,Normal,Normal,35000,600,2,Water,True,False,,
1327,Molemet,129,249,Turnus Mine: Area 1,N,Normal,Normal,15000,326,4,Earth,True,False,,
1326,Lanbat,121,248,Tolbas GrassLand,N,Normal,Normal,6000,94,1,Fire,True,False,,
1325,Healily,119,248,Tolbas GrassLand,N,Normal,Normal,6500,130,3,Wind,False,False,,
1324,Molemet,117,248,Tolbas GrassLand,N,Normal,Normal,7000,140,3,Wind,True,False,,
1323,Hero Potum (9M DL),190,79,Sofya City: Government Office,B,Boss,Ultimate,13000000,120000,6,Light,False,True,,
1322,Hero Potum (9M DL),170,79,Sofya City: Government Office,B,Boss,Nightmare,6500000,60000,6,Light,False,True,,
1321,Hero Potum (9M DL),160,79,Sofya City: Government Office,B,Boss,Hard,2600000,24000,6,Light,False,True,,
1320,Hero Potum (9M DL),150,79,Sofya City: Government Office,B,Boss,Normal,1300000,12000,6,Light,False,True,,
1319,Hero Potum (9M DL),140,79,Sofya City: Government Office,B,Boss,Easy,130000,1200,6,Light,False,True,,
1318,Golden Potum (9M DL),100,110,Wanderer's Plain,M,Mini Boss,Normal,30,100,6,Light,False,True,,
1317,Golden Potum (9M DL),100,70,Darkanon Plain,M,Mini Boss,Normal,30,100,6,Light,False,True,,
1316,Golden Potum (9M DL),100,51,Yorl Highlands,M,Mini Boss,Normal,30,100,6,Light,False,True,,
1315,Golden Potum (9M DL),100,7,Rakau Plains,M,Mini Boss,Normal,30,100,6,Light,False,True,,
1314,Maton Sword,183,247,Buried Tower: Entrance,B,Boss,Ultimate,20000000,110000,3,Wind,False,False,,
1313,Maton Sword,163,247,Buried Tower: Entrance,B,Boss,Nightmare,10000000,55000,3,Wind,False,False,,
1312,Maton Sword,153,247,Buried Tower: Entrance,B,Boss,Hard,4000000,22000,3,Wind,False,False,,
1311,Maton Sword,143,247,Buried Tower: Entrance,B,Boss,Normal,2000000,11000,3,Wind,False,False,,
1310,Maton Sword,133,247,Buried Tower: Entrance,B,Boss,Easy,200000,1100,3,Wind,False,False,,
1309,Seraph Machina,167,246,Buried Tower: Inside,M,Mini Boss,Normal,-1,21073,6,Light,False,False,,
1308,Mine Digger,130,246,Buried Tower: Inside,N,Normal,Normal,15000,330,4,Earth,False,False,,
1307,Lost Machina,129,246,Buried Tower: Inside,N,Normal,Normal,15000,326,4,Earth,False,False,,
1306,Galdon,131,246,Buried Tower: Inside,N,Normal,Normal,20000,453,4,Earth,False,False,,
1305,Lost Machina,127,245,Buried Tower: Collapsed Top,N,Normal,Normal,15000,317,4,Earth,False,False,,
1304,Galdon,129,245,Buried Tower: Collapsed Top,N,Normal,Normal,20000,444,4,Earth,False,False,,
1303,Mine Digger,128,245,Buried Tower: Collapsed Top,N,Normal,Normal,15000,321,4,Earth,False,False,,
1302,Amoeba Machina,158,213,Ultimea Sewer: Southeast,M,Mini Boss,Normal,-1,29000,2,Water,False,False,,
1301,Megiston,200,241,Anniversary Arena: 3rd Venue,B,Boss,Ultimate,100000000,860000,1,Fire,False,True,,
1300,Megiston,180,241,Anniversary Arena: 3rd Venue,B,Boss,Nightmare,50000000,430000,1,Fire,False,True,,
1299,Megiston,170,241,Anniversary Arena: 3rd Venue,B,Boss,Hard,20000000,172000,1,Fire,False,True,,
1298,Megiston,160,241,Anniversary Arena: 3rd Venue,B,Boss,Normal,10000000,86000,1,Fire,False,True,,
1297,Titeres,160,87,Event,B,Boss,Normal,4000000,44000,5,Dark,False,True,,
1296,Ganglef,160,243,Saltau's Beach: Beach House,N,Normal,Normal,-1,2000,2,Water,True,True,,
1295,Summer Potum,80,243,Saltau's Beach: Beach House,N,Normal,Normal,-1,150,2,Water,True,True,,
1294,Venena Coenubia,190,242,Ultimea Palace: Throne,B,Boss,Ultimate,-1,300000,1,Fire,False,False,,
1293,Venena Coenubia,170,242,Ultimea Palace: Throne,B,Boss,Nightmare,-1,150000,1,Fire,False,False,,
1292,Venena Coenubia,160,242,Ultimea Palace: Throne,B,Boss,Hard,-1,60000,1,Fire,False,False,,
1291,Venena Coenubia,150,242,Ultimea Palace: Throne,B,Boss,Normal,-1,30000,1,Fire,False,False,,
1290,Venena Coenubia,140,242,Ultimea Palace: Throne,B,Boss,Easy,-1,3000,1,Fire,False,False,,
1289,The Tyrannic Thrust,195,241,Anniversary Arena: 3rd Venue,B,Boss,Ultimate,5500000,50000,5,Dark,False,True,,
1288,The Claws of Death,195,241,Anniversary Arena: 3rd Venue,B,Boss,Ultimate,5500000,50000,5,Dark,False,True,,
1287,The Cursed Venom Arm,195,241,Anniversary Arena: 3rd Venue,B,Boss,Ultimate,5500000,50000,5,Dark,False,True,,
1286,The Tyrannic Thrust,175,241,Anniversary Arena: 3rd Venue,B,Boss,Nightmare,2750000,25000,5,Dark,False,True,,
1285,The Claws of Death,175,241,Anniversary Arena: 3rd Venue,B,Boss,Nightmare,2750000,25000,5,Dark,False,True,,
1284,The Cursed Venom Arm,175,241,Anniversary Arena: 3rd Venue,B,Boss,Nightmare,2750000,25000,5,Dark,False,True,,
1283,The Tyrannic Thrust,165,241,Anniversary Arena: 3rd Venue,B,Boss,Hard,1100000,10000,5,Dark,False,True,,
1282,The Claws of Death,165,241,Anniversary Arena: 3rd Venue,B,Boss,Hard,1100000,10000,5,Dark,False,True,,
1281,The Cursed Venom Arm,165,241,Anniversary Arena: 3rd Venue,B,Boss,Hard,1100000,10000,5,Dark,False,True,,
1280,The Tyrannic Thrust,155,241,Anniversary Arena: 3rd Venue,B,Boss,Normal,550000,5000,5,Dark,False,True,,
1279,The Claws of Death,155,241,Anniversary Arena: 3rd Venue,B,Boss,Normal,550000,5000,5,Dark,False,True,,
1278,The Cursed Venom Arm,155,241,Anniversary Arena: 3rd Venue,B,Boss,Normal,550000,5000,5,Dark,False,True,,
1277,Masked Moon,180,241,Anniversary Arena: 3rd Venue,B,Boss,Ultimate,4800000,46000,5,Dark,False,True,,
1276,Masked Gloom,180,241,Anniversary Arena: 3rd Venue,B,Boss,Ultimate,4800000,46000,3,Wind,False,True,,
1275,Masked Axeman,180,241,Anniversary Arena: 3rd Venue,B,Boss,Ultimate,4800000,46000,1,Fire,False,True,,
1274,Masked Moon,160,241,Anniversary Arena: 3rd Venue,B,Boss,Nightmare,2400000,23000,5,Dark,False,True,,
1273,Masked Gloom,160,241,Anniversary Arena: 3rd Venue,B,Boss,Nightmare,2400000,23000,3,Wind,False,True,,
1272,Masked Axeman,160,241,Anniversary Arena: 3rd Venue,B,Boss,Nightmare,2400000,23000,1,Fire,False,True,,
1271,Masked Moon,150,241,Anniversary Arena: 3rd Venue,B,Boss,Hard,960000,9200,5,Dark,False,True,,
1270,Masked Gloom,150,241,Anniversary Arena: 3rd Venue,B,Boss,Hard,960000,9200,3,Wind,False,True,,
1269,Masked Axeman,150,241,Anniversary Arena: 3rd Venue,B,Boss,Hard,960000,9200,1,Fire,False,True,,
1268,Masked Moon,140,241,Anniversary Arena: 3rd Venue,B,Boss,Normal,480000,4600,5,Dark,False,True,,
1267,Masked Gloom,140,241,Anniversary Arena: 3rd Venue,B,Boss,Normal,480000,4600,3,Wind,False,True,,
1266,Masked Axeman,140,241,Anniversary Arena: 3rd Venue,B,Boss,Normal,480000,4600,1,Fire,False,True,,
1265,3rd Anniv Event (all boss),0,87,Event,B,Boss,Normal,0,0,0,Neutral,False,True,,
1264,Zolban the Dark Captain of Wind,165,240,Anniversary Arena: 2nd Venue,B,Boss,Ultimate,3400000,34000,3,Wind,False,True,,
1263,Vatendeth the Dark General,165,240,Anniversary Arena: 2nd Venue,B,Boss,Ultimate,3400000,34000,5,Dark,False,True,,
1262,Grecia the Goddess of Courage,165,240,Anniversary Arena: 2nd Venue,B,Boss,Ultimate,3400000,34000,6,Light,False,True,,
1261,Zolban the Dark Captain of Wind,145,240,Anniversary Arena: 2nd Venue,B,Boss,Nightmare,1700000,17000,3,Wind,False,True,,
1260,Vatendeth the Dark General,145,240,Anniversary Arena: 2nd Venue,B,Boss,Nightmare,1700000,17000,5,Dark,False,True,,
1259,Grecia the Goddess of Courage,145,240,Anniversary Arena: 2nd Venue,B,Boss,Nightmare,1700000,17000,6,Light,False,True,,
1258,Zolban the Dark Captain of Wind,135,240,Anniversary Arena: 2nd Venue,B,Boss,Hard,680000,6800,3,Wind,False,True,,
1257,Vatendeth the Dark General,135,240,Anniversary Arena: 2nd Venue,B,Boss,Hard,680000,6800,5,Dark,False,True,,
1256,Grecia the Goddess of Courage,135,240,Anniversary Arena: 2nd Venue,B,Boss,Hard,680000,6800,6,Light,False,True,,
1255,Zolban the Dark Captain of Wind,125,240,Anniversary Arena: 2nd Venue,B,Boss,Normal,340000,3400,3,Wind,False,True,,
1254,Vatendeth the Dark General,125,240,Anniversary Arena: 2nd Venue,B,Boss,Normal,340000,3400,5,Dark,False,True,,
1253,Grecia the Goddess of Courage,125,240,Anniversary Arena: 2nd Venue,B,Boss,Normal,340000,3400,6,Light,False,True,,
1252,Iceberg Silver Knight,140,240,Anniversary Arena: 2nd Venue,B,Boss,Ultimate,250000,30000,2,Water,False,True,,
1251,Evil Emerald Beast,140,240,Anniversary Arena: 2nd Venue,B,Boss,Ultimate,250000,30000,3,Wind,False,True,,
1250,Hellfire Scrap Golem,140,240,Anniversary Arena: 2nd Venue,B,Boss,Ultimate,250000,30000,1,Fire,False,True,,
1249,Iceberg Silver Knight,120,240,Anniversary Arena: 2nd Venue,B,Boss,Nightmare,125000,15000,2,Water,False,True,,
1248,Evil Emerald Beast,120,240,Anniversary Arena: 2nd Venue,B,Boss,Nightmare,125000,15000,3,Wind,False,True,,
1247,Hellfire Scrap Golem,120,240,Anniversary Arena: 2nd Venue,B,Boss,Nightmare,125000,15000,1,Fire,False,True,,
1246,Iceberg Silver Knight,110,240,Anniversary Arena: 2nd Venue,B,Boss,Hard,50000,6000,2,Water,False,True,,
1245,Evil Emerald Beast,110,240,Anniversary Arena: 2nd Venue,B,Boss,Hard,50000,6000,3,Wind,False,True,,
1244,Hellfire Scrap Golem,110,240,Anniversary Arena: 2nd Venue,B,Boss,Hard,50000,6000,1,Fire,False,True,,
1243,Iceberg Silver Knight,100,240,Anniversary Arena: 2nd Venue,B,Boss,Normal,250000,3000,2,Water,False,True,,
1242,Evil Emerald Beast,100,240,Anniversary Arena: 2nd Venue,B,Boss,Normal,250000,3000,3,Wind,False,True,,
1241,Hellfire Scrap Golem,100,240,Anniversary Arena: 2nd Venue,B,Boss,Normal,250000,3000,1,Fire,False,True,,
1240,Goleps,160,51,Yorl Highlands,B,Boss,Normal,1500000,9000,4,Earth,False,True,,
1239,False God,115,239,Anniversary Arena: 1st Venue,B,Boss,Ultimate,1800000,27000,6,Light,False,True,,
1238,Faithful Guardian,115,239,Anniversary Arena: 1st Venue,B,Boss,Ultimate,1800000,27000,1,Fire,False,True,,
1237,Outerworld Soldier,115,239,Anniversary Arena: 1st Venue,B,Boss,Ultimate,1800000,27000,4,Earth,False,True,,
1236,False God,95,239,Anniversary Arena: 1st Venue,B,Boss,Nightmare,900000,13500,6,Light,False,True,,
1235,Faithful Guardian,95,239,Anniversary Arena: 1st Venue,B,Boss,Nightmare,900000,13500,1,Fire,False,True,,
1234,Outerworld Soldier,95,239,Anniversary Arena: 1st Venue,B,Boss,Nightmare,900000,13500,4,Earth,False,True,,
1233,False God,85,239,Anniversary Arena: 1st Venue,B,Boss,Hard,360000,5400,6,Light,False,True,,
1232,Faithful Guardian,85,239,Anniversary Arena: 1st Venue,B,Boss,Hard,360000,5400,1,Fire,False,True,,
1231,Outerworld Soldier,85,239,Anniversary Arena: 1st Venue,B,Boss,Hard,360000,5400,4,Earth,False,True,,
1230,False God,75,239,Anniversary Arena: 1st Venue,B,Boss,Normal,180000,2700,6,Light,False,True,,
1229,Faithful Guardian,75,239,Anniversary Arena: 1st Venue,B,Boss,Normal,180000,2700,1,Fire,False,True,,
1228,Outerworld Soldier,75,239,Anniversary Arena: 1st Venue,B,Boss,Normal,180000,2700,4,Earth,False,True,,
1227,Priest Warmonger,90,239,Anniversary Arena: 1st Venue,B,Boss,Ultimate,600000,12000,2,Water,False,True,,
1226,Warrior Minotaur,90,239,Anniversary Arena: 1st Venue,B,Boss,Ultimate,600000,12000,4,Earth,False,True,,
1225,Fighter Mochelo,90,239,Anniversary Arena: 1st Venue,B,Boss,Ultimate,600000,12000,3,Wind,False,True,,
1224,Priest Warmonger,70,239,Anniversary Arena: 1st Venue,B,Boss,Nightmare,300000,6000,2,Water,False,True,,
1223,Warrior Minotaur,70,239,Anniversary Arena: 1st Venue,B,Boss,Nightmare,300000,6000,4,Earth,False,True,,
1222,Fighter Mochelo,70,239,Anniversary Arena: 1st Venue,B,Boss,Nightmare,300000,6000,3,Wind,False,True,,
1221,Priest Warmonger,60,239,Anniversary Arena: 1st Venue,B,Boss,Hard,120000,2400,2,Water,False,True,,
1220,Warrior Minotaur,60,239,Anniversary Arena: 1st Venue,B,Boss,Hard,120000,2400,4,Earth,False,True,,
1219,Fighter Mochelo,60,239,Anniversary Arena: 1st Venue,B,Boss,Hard,120000,2400,3,Wind,False,True,,
1218,Priest Warmonger,50,239,Anniversary Arena: 1st Venue,B,Boss,Normal,60000,1200,2,Water,False,True,,
1217,Warrior Minotaur,50,239,Anniversary Arena: 1st Venue,B,Boss,Normal,60000,1200,4,Earth,False,True,,
1216,Fighter Mochelo,50,239,Anniversary Arena: 1st Venue,B,Boss,Normal,60000,1200,3,Wind,False,True,,
1215,Festival Golem C,65,239,Anniversary Arena: 1st Venue,B,Boss,Ultimate,120000,3200,3,Wind,False,True,,
1214,Festival Golem B,65,239,Anniversary Arena: 1st Venue,B,Boss,Ultimate,120000,3200,2,Water,False,True,,
1213,Festival Golem A,65,239,Anniversary Arena: 1st Venue,B,Boss,Ultimate,120000,3200,1,Fire,False,True,,
1212,Festival Golem C,45,239,Anniversary Arena: 1st Venue,B,Boss,Nightmare,60000,1600,3,Wind,False,True,,
1211,Festival Golem B,45,239,Anniversary Arena: 1st Venue,B,Boss,Nightmare,60000,1600,2,Water,False,True,,
1210,Festival Golem A,45,239,Anniversary Arena: 1st Venue,B,Boss,Nightmare,60000,1600,1,Fire,False,True,,
1209,Festival Golem C,35,239,Anniversary Arena: 1st Venue,B,Boss,Hard,24000,640,3,Wind,False,True,,
1208,Festival Golem B,35,239,Anniversary Arena: 1st Venue,B,Boss,Hard,24000,640,2,Water,False,True,,
1207,Festival Golem A,35,239,Anniversary Arena: 1st Venue,B,Boss,Hard,24000,640,1,Fire,False,True,,
1206,Festival Golem C,25,239,Anniversary Arena: 1st Venue,B,Boss,Normal,12000,320,3,Wind,False,True,,
1205,Festival Golem B,25,239,Anniversary Arena: 1st Venue,B,Boss,Normal,12000,320,2,Water,False,True,,
1204,Festival Golem A,25,239,Anniversary Arena: 1st Venue,B,Boss,Normal,12000,320,1,Fire,False,True,,
1203,Young Pore,114,238,Copia Reservoir,N,Normal,Normal,5000,110,4,Earth,True,False,,
1202,Copia Cat,116,238,Copia Reservoir,N,Normal,Normal,6000,138,0,Neutral,True,False,,
1201,Pond Snake,115,238,Copia Reservoir,N,Normal,Normal,6000,124,6,Light,True,False,,
1200,Ornlarf,182,237,Ultimea Palace: Corridor,B,Boss,Ultimate,9500000,87000,6,Light,False,False,,
1199,Ornlarf,162,237,Ultimea Palace: Corridor,B,Boss,Nightmare,4750000,43500,6,Light,False,False,,
1198,Ornlarf,152,237,Ultimea Palace: Corridor,B,Boss,Hard,1900000,17400,6,Light,False,False,,
1197,Ornlarf,142,237,Ultimea Palace: Corridor,B,Boss,Normal,950000,8700,6,Light,False,False,,
1196,Ornlarf,132,237,Ultimea Palace: Corridor,B,Boss,Easy,95000,870,6,Light,False,False,,
1195,Wandering Wheel,163,236,Ultimea Palace: Demi Machina Storage,M,Mini Boss,Normal,-1,20223,3,Wind,False,False,,
1194,Stravos Machina,128,236,Ultimea Palace: Demi Machina Storage,N,Normal,Normal,16000,380,0,Neutral,False,False,,
1193,Wheel Machina,130,236,Ultimea Palace: Demi Machina Storage,N,Normal,Normal,19000,420,3,Wind,False,False,,
1192,High Tigris,129,236,Ultimea Palace: Demi Machina Storage,N,Normal,Normal,16000,355,5,Dark,False,False,,
1191,Wheel Machina,128,235,Ultimea Palace: Storage Area 2,N,Normal,Normal,19000,409,3,Wind,False,False,,
1190,Stravos Machina,127,235,Ultimea Palace: Storage Area 2,N,Normal,Normal,16000,374,0,Neutral,False,False,,
1189,Lyard Defender,129,235,Ultimea Palace: Storage Area 2,N,Normal,Normal,15000,326,0,Neutral,False,False,,
1188,Lyark Defender,127,234,Ultimea Palace: Storage Area 1,N,Normal,Normal,15000,317,0,Neutral,False,False,,
1187,High Tigris,128,234,Ultimea Palace: Storage Area 1,N,Normal,Normal,16000,350,5,Dark,False,False,,
1186,Stravos Machina,126,234,Ultimea Palace: Storage Area 1,N,Normal,Normal,16000,369,0,Neutral,False,False,,
1185,Golden Potum (8M DL),100,110,Wanderer's Plain,M,Mini Boss,Normal,30,100,6,Light,False,True,,
1184,Golden Potum (8M DL),100,70,Darkanon Plain,M,Mini Boss,Normal,30,100,6,Light,False,True,,
1183,Golden Potum (8M DL),100,51,Yorl Highlands,M,Mini Boss,Normal,30,100,6,Light,False,True,,
1182,Golden Potum (8M DL),100,7,Rakau Plains,M,Mini Boss,Normal,30,100,6,Light,False,True,,
1181,Gespenst,175,87,Event,B,Boss,Ultimate,300000,51000,5,Dark,False,True,,
1180,P. Avatar,800,87,Event,B,Boss,Normal,2000000,1,0,Neutral,False,True,,
1179,Ultimate Machina,179,233,Droma Square,B,Boss,Ultimate,12500000,105000,0,Neutral,False,False,,
1178,Ultimate Machina,159,233,Droma Square,B,Boss,Nightmare,6250000,52500,0,Neutral,False,False,,
1177,Ultimate Machina,149,233,Droma Square,B,Boss,Hard,2500000,21000,0,Neutral,False,False,,
1176,Ultimate Machina,139,233,Droma Square,B,Boss,Normal,1250000,10500,0,Neutral,False,False,,
1175,Ultimate Machina,129,233,Droma Square,B,Boss,Easy,125000,1050,0,Neutral,False,False,,
1174,Cannon Golem,126,232,Suburb of Droma Square: Area 3,N,Normal,Normal,15000,341,4,Earth,True,False,,
1173,Volotur,160,232,Suburb of Droma Square: Area 3,M,Mini Boss,Normal,-1,24024,5,Dark,False,False,,
1172,Volo,125,232,Suburb of Droma Square: Area 3,N,Normal,Normal,15000,423,5,Dark,False,False,,
1171,Lyark Brawler,127,232,Suburb of Droma Square: Area 3,N,Normal,Normal,15000,288,0,Neutral,False,False,,
1170,Volo,124,231,Suburb of Droma Square: Area 2,N,Normal,Normal,15000,417,5,Dark,False,False,,
1169,Lyark Brawler,126,231,Suburb of Droma Square: Area 2,N,Normal,Normal,15000,284,0,Neutral,False,False,,
1168,Cannon Golem,125,231,Suburb of Droma Square: Area 2,N,Normal,Normal,15000,338,4,Earth,True,False,,
1167,Cannon Golem,123,230,Suburb of Droma Square: Area 1,N,Normal,Normal,15000,328,4,Earth,True,False,,
1166,Death Media,125,230,Suburb of Droma Square: Area 1,N,Normal,Normal,14000,282,0,Neutral,False,False,,
1165,Lyark Brawler,124,230,Suburb of Droma Square: Area 1,N,Normal,Normal,15000,278,0,Neutral,False,False,,
1164,Petarma,115,229,Ultimea City: Roof,N,Normal,Normal,5000,112,5,Dark,False,False,,
1163,Death Media,114,229,Ultimea City: Roof,N,Normal,Normal,5500,122,0,Neutral,False,False,,
1162,Ignis Golem,113,229,Ultimea City: Roof,N,Normal,Normal,6000,132,1,Fire,True,False,,
1161,Death Media,112,229,Ultimea City: Roof,N,Normal,Normal,5500,119,0,Neutral,False,False,,
1160,Ignis Golem,111,229,Ultimea City: Roof,N,Normal,Normal,6000,128,1,Fire,True,False,,
1159,Golden Iconos (2018),115,79,Sofya City: Government Office,B,Boss,Ultimate,18492600,26400,0,Neutral,False,True,,
1158,Golden Iconos (2018),95,79,Sofya City: Government Office,B,Boss,Nightmare,9246300,13200,0,Neutral,False,True,,
1157,Golden Iconos (2018),85,79,Sofya City: Government Office,B,Boss,Hard,3698520,5280,0,Neutral,False,True,,
1156,Golden Iconos (2018),75,79,Sofya City: Government Office,B,Boss,Normal,1849269,2640,0,Neutral,False,True,,
1155,Golden Coryn (2018),100,110,Wanderer's Plain,M,Mini Boss,Normal,10000,20,0,Neutral,False,True,,
1154,Golden Coryn (2018),100,70,Darkanon Plain,M,Mini Boss,Normal,10000,20,0,Neutral,False,True,,
1153,Golden Coryn (2018),100,51,Yorl Highlands,M,Mini Boss,Normal,10000,20,0,Neutral,False,True,,
1152,Golden Coryn (2018),100,7,Rakau Plains,M,Mini Boss,Normal,10000,20,0,Neutral,False,True,,
1151,Lyark Master Specialist,157,215,Brahe Laboratory: 2nd Building,M,Mini Boss,Normal,-1,19089,3,Wind,False,False,,
1150,Gwaimol,176,228,Cuervo Jail: Roof,B,Boss,Ultimate,8500000,81000,4,Earth,False,False,,
1149,Gwaimol,156,228,Cuervo Jail: Roof,B,Boss,Nightmare,4250000,40500,4,Earth,False,False,,
1148,Gwaimol,146,228,Cuervo Jail: Roof,B,Boss,Hard,1700000,16200,4,Earth,False,False,,
1147,Gwaimol,136,228,Cuervo Jail: Roof,B,Boss,Normal,850000,8100,4,Earth,False,False,,
1146,Gwaimol,126,228,Cuervo Jail: Roof,B,Boss,Easy,85000,810,4,Earth,False,False,,
1145,Ghost in the Jail,122,227,Cuervo Jail: 3rd Floor,N,Normal,Normal,20000,324,5,Dark,False,False,,
1144,Lyark Machine Soldier,124,227,Cuervo Jail: 3rd Floor,N,Normal,Normal,15000,334,0,Neutral,False,False,,
1143,Toy Bolg,123,227,Cuervo Jail: 3rd Floor,N,Normal,Normal,15000,329,0,Neutral,True,False,,
1142,Toy Bolg,122,226,Cuervo Jail: 2nd Floor,N,Normal,Normal,15000,324,0,Neutral,True,False,,
1141,Ghost in the Jail,121,226,Cuervo Jail: 2nd Floor,N,Normal,Normal,20000,321,5,Dark,False,False,,
1140,Lyark Jailer,121,226,Cuervo Jail: 2nd Floor,N,Normal,Normal,15000,348,0,Neutral,False,False,,
1139,Lyark Machine Soldier,121,225,Cuervo Jail: 1st Floor,N,Normal,Normal,15000,321,0,Neutral,False,False,,
1138,Lyark Jailer,120,225,Cuervo Jail: 1st Floor,N,Normal,Normal,15000,343,0,Neutral,False,False,,
1137,Ghost in the Jail,120,225,Cuervo Jail: 1st Floor,N,Normal,Normal,20000,317,5,Dark,False,False,,
1136,Squnail,115,224,Ultimea Sewer: South,N,Normal,Normal,6000,124,2,Water,True,False,,
1135,Mine Digger,113,224,Ultimea Sewer: South,N,Normal,Normal,7000,132,4,Earth,False,False,,
1134,Venomsch,112,224,Ultimea Sewer: South,N,Normal,Normal,7000,143,2,Water,False,False,,
1133,Squnail,111,224,Ultimea Sewer: South,N,Normal,Normal,6000,117,2,Water,True,False,,
1132,Deniala,110,223,Hanami Event Venue: Dock (Chapter 3 Normal),B,Boss,Normal,860000,6100,5,Dark,False,True,,
1131,Pojo,100,222,Hanami Event Venue (Chapter 3 Normal),N,Normal,Normal,-1,-1,3,Wind,True,True,,
1130,Pova,103,222,Hanami Event Venue (Chapter 3 Normal),N,Normal,Normal,-1,-1,4,Earth,True,True,,
1129,Miwi,102,222,Hanami Event Venue (Chapter 3 Normal),N,Normal,Normal,-1,-1,0,Neutral,True,True,,
1128,Pova,104,222,Hanami Event Venue (Chapter 3 Normal),N,Normal,Normal,-1,-1,4,Earth,True,True,,
1127,Bunny Summoner,110,222,Hanami Event Venue (Chapter 3 Normal),N,Normal,Normal,-1,-1,6,Light,True,True,,
1126,Miwi,101,222,Hanami Event Venue (Chapter 3 Normal),N,Normal,Normal,-1,-1,0,Neutral,True,True,,
1125,Deniala,90,221,Hanami Event Venue: Dock (Chapter 3 Easy),B,Boss,Easy,280000,2600,5,Dark,False,True,,
1124,Farfalla,82,220,Hanami Event Venue (Chapter 3 Easy),N,Normal,Normal,-1,-1,3,Wind,True,True,,
1123,Piedra,84,220,Hanami Event Venue (Chapter 3 Easy),N,Normal,Normal,-1,-1,4,Earth,True,True,,
1122,Piedra,83,220,Hanami Event Venue (Chapter 3 Easy),N,Normal,Normal,-1,-1,4,Earth,True,True,,
1121,Mewte,80,220,Hanami Event Venue (Chapter 3 Easy),N,Normal,Normal,-1,-1,1,Fire,True,True,,
1120,Frosch,90,220,Hanami Event Venue (Chapter 3 Easy),N,Normal,Normal,-1,-1,6,Light,True,True,,
1119,Farfalla,81,220,Hanami Event Venue (Chapter 3 Easy),N,Normal,Normal,-1,-1,3,Wind,True,True,,
1118,Deniala,150,219,Hanami Event Venue: Dock (Chapter 3 Hard),B,Boss,Nightmare,4750000,27500,5,Dark,False,True,,
1117,Deniala,130,219,Hanami Event Venue: Dock (Chapter 3 Hard),B,Boss,Hard,1900000,11000,5,Dark,False,True,,
1116,Sick Mushroom,120,218,Hanami Event Venue (Chapter 3 Hard),N,Normal,Normal,9000,-1,4,Earth,True,True,,
1115,Mochelo,130,218,Hanami Event Venue (Chapter 3 Hard),N,Normal,Normal,20000,-1,0,Neutral,True,True,,
1114,Euris,121,218,Hanami Event Venue (Chapter 3 Hard),N,Normal,Normal,6500,-1,6,Light,True,True,,
1113,Euris,122,218,Hanami Event Venue (Chapter 3 Hard),N,Normal,Normal,6500,-1,6,Light,True,True,,
1112,Hound,124,218,Hanami Event Venue (Chapter 3 Hard),N,Normal,Normal,6500,-1,1,Fire,True,True,,
1111,Hound,123,218,Hanami Event Venue (Chapter 3 Hard),N,Normal,Normal,6500,-1,1,Fire,True,True,,
1110,Guignol,173,217,Brahe Laboratory: 4th Building,B,Boss,Ultimate,4900000,62000,3,Wind,False,False,,
1109,Guignol,153,217,Brahe Laboratory: 4th Building,B,Boss,Nightmare,2450000,31000,3,Wind,False,False,,
1108,Guignol,143,217,Brahe Laboratory: 4th Building,B,Boss,Hard,980000,12400,3,Wind,False,False,,
1107,Guignol,133,217,Brahe Laboratory: 4th Building,B,Boss,Normal,490000,6200,3,Wind,False,False,,
1106,Guignol,123,217,Brahe Laboratory: 4th Building,B,Boss,Easy,49000,620,3,Wind,False,False,,
1105,Moth Machina,120,216,Brahe Laboratory: 3rd Building,N,Normal,Normal,13000,264,0,Neutral,False,False,,
1104,Mystery Pot,121,216,Brahe Laboratory: 3rd Building,N,Normal,Normal,12000,214,0,Neutral,False,False,,
1103,Parasitized Spider,121,216,Brahe Laboratory: 3rd Building,N,Normal,Normal,11000,241,0,Neutral,False,False,,
1102,Retainer Doll,120,215,Brahe Laboratory: 2nd Building,N,Normal,Normal,13000,264,0,Neutral,True,False,,
1101,Bio Launcher,120,215,Brahe Laboratory: 2nd Building,N,Normal,Normal,12000,264,1,Fire,False,False,,
1100,Lyark Specialist,119,215,Brahe Laboratory: 2nd Building,N,Normal,Normal,15000,286,5,Dark,False,False,,
1099,Singing Eye,119,214,Brahe Laboratory: 1st Building,N,Normal,Normal,7000,338,2,Water,True,False,,
1098,Bio Launcher,117,214,Brahe Laboratory: 1st Building,N,Normal,Normal,12000,254,1,Fire,False,False,,
1097,Moth Machina,118,214,Brahe Laboratory: 1st Building,N,Normal,Normal,13000,258,0,Neutral,False,False,,
1096,Grape Jelly,110,213,Ultimea Sewer: Southeast,N,Normal,Normal,7000,128,5,Dark,False,False,,
1095,Underground Nemico,111,213,Ultimea Sewer: Southeast,N,Normal,Normal,6500,105,3,Wind,False,False,,
1094,Underground Nemico,109,213,Ultimea Sewer: Southeast,N,Normal,Normal,6500,103,3,Wind,False,False,,
1093,Singing Eye,108,213,Ultimea Sewer: Southeast,N,Normal,Normal,7000,146,2,Water,True,False,,
1092,Energy Quartz,108,212,Ultimea Sewer: East,N,Normal,Normal,4500,78,6,Light,False,False,,
1091,Energy Quartz,106,212,Ultimea Sewer: East,N,Normal,Normal,4500,75,6,Light,False,False,,
1090,Soldier Rat,107,212,Ultimea Sewer: East,N,Normal,Normal,6000,100,0,Neutral,False,False,,
1089,Killer Mouse,105,212,Ultimea Sewer: East,N,Normal,Normal,7000,119,0,Neutral,True,False,,
1088,Killer Mouse,109,212,Ultimea Sewer: East,N,Normal,Normal,7000,125,0,Neutral,True,False,,
1087,Refinement Chest,0,85,Orb Shop,O,Orb Shop,Normal,0,0,0,Neutral,False,False,,
1086,Candela Cola (White Day 2018),160,45,Douce Hamlet,B,Boss,Normal,3500000,39000,1,Fire,False,True,,
1085,Candela Soda (White Day 2018),130,45,Douce Hamlet,B,Boss,Normal,2180000,28000,2,Water,False,True,,
1084,Candela Mint (White Day 2018),100,45,Douce Hamlet,B,Boss,Normal,1200000,19000,6,Light,False,True,,
1083,Candela Lemon (White Day 2018),70,45,Douce Hamlet,B,Boss,Normal,325000,7200,3,Wind,False,True,,
1082,Candela Melon (White Day 2018),40,45,Douce Hamlet,B,Boss,Normal,54000,2300,2,Water,False,True,,
1081,Snowball Fight,0,87,Event,G,,Normal,0,0,0,Neutral,False,False,,
1080,Zahhak Machina,170,211,Lufenas Mansion: Hall,B,Boss,Ultimate,6000000,60000,6,Light,False,False,,
1079,Zahhak Machina,150,211,Lufenas Mansion: Hall,B,Boss,Nightmare,3000000,30000,6,Light,False,False,,
1078,Zahhak Machina,140,211,Lufenas Mansion: Hall,B,Boss,Hard,1200000,12000,6,Light,False,False,,
1077,Zahhak Machina,130,211,Lufenas Mansion: Hall,B,Boss,Normal,600000,6000,6,Light,False,False,,
1076,Zahhak Machina,120,211,Lufenas Mansion: Hall,B,Boss,Easy,60000,600,6,Light,False,False,,
1075,Puppet Dragon,116,210,Lufenas Mansion: Library,N,Normal,Normal,12000,250,0,Neutral,True,False,,
1074,Lyark Vanguard,117,210,Lufenas Mansion: Library,N,Normal,Normal,13000,279,0,Neutral,False,False,,
1073,Assault Golem,118,210,Lufenas Mansion: Library,N,Normal,Normal,20000,335,5,Dark,False,False,,
1072,Puppet Dragon,115,209,Lufenas Mansion: Corridor,N,Normal,Normal,12000,248,0,Neutral,True,False,,
1071,Lyark Vanguard,116,209,Lufenas Mansion: Corridor,N,Normal,Normal,13000,275,0,Neutral,False,False,,
1070,Assault Golem,117,209,Lufenas Mansion: Corridor,N,Normal,Normal,19000,330,5,Dark,False,False,,
1069,Lyark Vanguard,115,208,Lufenas Mansion: Entrance,N,Normal,Normal,13000,273,0,Neutral,False,False,,
1068,Puppet Dragon,114,208,Lufenas Mansion: Entrance,N,Normal,Normal,12000,244,0,Neutral,True,False,,
1067,Commander Golem,154,208,Lufenas Mansion: Entrance,M,Mini Boss,Normal,2400000,20580,5,Dark,False,False,,
1066,Assault Golem,116,208,Lufenas Mansion: Entrance,N,Normal,Normal,19000,325,5,Dark,False,False,,
1065,Earl Colon,102,207,Lufenas Mansion: Garden,N,Normal,Normal,6500,134,4,Earth,True,False,,
1064,Tigris Machina,104,207,Lufenas Mansion: Garden,N,Normal,Normal,4500,127,3,Wind,False,False,,
1063,Lyark Vanguard,106,207,Lufenas Mansion: Garden,N,Normal,Normal,5000,120,0,Neutral,False,False,,
1062,Tigris Machina,105,207,Lufenas Mansion: Garden,N,Normal,Normal,4500,129,3,Wind,False,False,,
1061,Lyark Vanguard,103,207,Lufenas Mansion: Garden,N,Normal,Normal,5000,116,0,Neutral,False,False,,
1060,Blacksmith: Liut,0,205,Hora Diomedea: Blacksmith,C,NPC,Normal,0,0,0,Neutral,False,False,,
1059,Synthesist: Lefe,0,204,Hora Diomedea: Synthesist,C,NPC,Normal,0,0,0,Neutral,False,False,,
1058,General Store: Adala,0,203,Hora Diomedea,C,NPC,Normal,0,0,0,Neutral,False,False,,
1057,Chocolate Ooze (Dark) (Valentine 2018),150,16,Underground Channel,B,Boss,Normal,2160000,27600,2,Water,False,True,,
1056,Chocolate Ooze (Bitter) (Valentine 2018),120,16,Underground Channel,B,Boss,Normal,1300000,19400,2,Water,False,True,,
1055,Chocolate Ooze (Sweet) (Valentine 2018),90,16,Underground Channel,B,Boss,Normal,690000,12000,2,Water,False,True,,
1054,Chocolate Ooze (Milk) (Valentine 2018),60,16,Underground Channel,B,Boss,Normal,180000,4800,2,Water,False,True,,
1053,Chocolate Ooze (White) (Valentine 2018),30,16,Underground Channel,B,Boss,Normal,32000,1600,2,Water,False,True,,
1052,Pecols,113,200,Monster's Forest: Animal Trail,N,Normal,Normal,10000,216,0,Neutral,True,False,,
1051,Super Death Mushroom,150,200,Monster's Forest: Animal Trail,M,Mini Boss,Normal,-1,24871,5,Dark,False,False,,
1050,Pecols,115,202,Monster's Forest: Tree Way,N,Normal,Normal,10000,223,0,Neutral,True,False,,
1049,Sick Mushroom,113,202,Monster's Forest: Tree Way,N,Normal,Normal,12000,312,4,Earth,True,False,,
1048,Owlzard,114,202,Monster's Forest: Tree Way,N,Normal,Normal,14000,244,0,Neutral,True,False,,
1047,Lalvada,167,201,Monster's Forest: Deep Part,B,Boss,Ultimate,6000000,60000,6,Light,False,False,,
1046,Lalvada,147,201,Monster's Forest: Deep Part,B,Boss,Nightmare,3000000,30000,6,Light,False,False,,
1045,Lalvada,137,201,Monster's Forest: Deep Part,B,Boss,Hard,1200000,12000,6,Light,False,False,,
1044,Lalvada,127,201,Monster's Forest: Deep Part,B,Boss,Normal,600000,6000,6,Light,False,False,,
1043,Lalvada,117,201,Monster's Forest: Deep Part,B,Boss,Easy,60000,600,6,Light,False,False,,
1042,Nepenthe,114,201,Monster's Forest: Deep Part,N,Normal,Normal,12000,342,0,Neutral,True,False,,
1041,Owlzard,114,201,Monster's Forest: Deep Part,N,Normal,Normal,14000,244,0,Neutral,True,False,,
1040,Sick Mushroom,112,200,Monster's Forest: Animal Trail,N,Normal,Normal,12000,309,4,Earth,True,False,,
1039,Nepenthe,114,200,Monster's Forest: Animal Trail,N,Normal,Normal,12000,342,0,Neutral,True,False,,
1038,Owlzard,112,199,Monster's Forest: Foggy Way,N,Normal,Normal,14000,238,0,Neutral,True,False,,
1037,Nepenthe,113,199,Monster's Forest: Foggy Way,N,Normal,Normal,12000,336,0,Neutral,True,False,,
1036,Sick Mushroom,111,199,Monster's Forest: Foggy Way,N,Normal,Normal,12000,304,4,Earth,True,False,,
1035,Zega (Megiston 2017),160,87,Event,B,Boss,Normal,1500000,47000,2,Water,False,True,,
1034,York (Megiston 2017),150,87,Event,B,Boss,Normal,1100000,32000,0,Neutral,False,True,,
1033,Bexiz (Megiston 2017),140,87,Event,B,Boss,Normal,740000,21000,0,Neutral,False,True,,
1032,Evil Crystal Beast (Megiston 2017),130,87,Event,B,Boss,Normal,470000,12600,5,Dark,False,True,,
1031,Jade Raptor (Megiston 2017),120,87,Event,B,Boss,Normal,300000,5500,3,Wind,False,True,,
1030,Perro,50,87,Event,B,Boss,Ultimate,400000,3000,6,Light,False,True,,
1029,Perro,30,87,Event,B,Boss,Nightmare,200000,1500,6,Light,False,True,,
1028,Perro,20,87,Event,B,Boss,Hard,80000,600,6,Light,False,True,,
1027,Perro,10,87,Event,B,Boss,Normal,40000,300,6,Light,False,True,,
1026,Perro,1,87,Event,B,Boss,Easy,4000,30,6,Light,False,True,,
1025,Baphomela,170,192,Navida City: Central Square,B,Boss,Ultimate,7170000,70000,2,Water,False,True,,
1024,Baphomela,150,192,Navida City: Central Square,B,Boss,Nightmare,3585000,35000,2,Water,False,True,,
1023,Baphomela,140,192,Navida City: Central Square,B,Boss,Hard,1434000,14000,2,Water,False,True,,
1022,Baphomela,130,192,Navida City: Central Square,B,Boss,Normal,717000,7000,2,Water,False,True,,
1021,Baphomela,120,192,Navida City: Central Square,B,Boss,Easy,71700,700,2,Water,False,True,,
1020,Finpen,72,198,Navida City: East (60-80),N,Normal,Normal,-1,260,2,Water,True,True,,
1019,Avalan,70,198,Navida City: East (60-80),N,Normal,Normal,-1,203,2,Water,False,True,,
1018,Evil Ice Crystal,71,198,Navida City: East (60-80),N,Normal,Normal,-1,170,2,Water,False,True,,
1017,Evil Ice Crystal,71,197,Navida City: West  (60-80),N,Normal,Normal,-1,170,2,Water,False,True,,
1016,Colton,70,197,Navida City: West  (60-80),N,Normal,Normal,-1,120,2,Water,False,True,,
1015,Finpen,72,197,Navida City: West  (60-80),N,Normal,Normal,-1,260,2,Water,True,True,,
1014,Colton,70,196,Navida City: Crossroad (60-80),N,Normal,Normal,-1,120,2,Water,False,True,,
1013,Evil Ice Crystal,71,196,Navida City: Crossroad (60-80),N,Normal,Normal,-1,170,2,Water,False,True,,
1012,Avalan,68,196,Navida City: Crossroad (60-80),N,Normal,Normal,-1,194,2,Water,False,True,,
1011,Finpen,69,196,Navida City: Crossroad (60-80),N,Normal,Normal,-1,243,2,Water,True,True,,
1010,Freeze Ant,111,194,Navida City: West (100-120),N,Normal,Normal,-1,234,2,Water,False,True,,
1009,Ginpeng,113,194,Navida City: West (100-120),N,Normal,Normal,-1,504,2,Water,True,True,,
1008,Evil Ice Crystal,112,194,Navida City: West (100-120),N,Normal,Normal,-1,333,2,Water,False,True,,
1007,Evil Ice Crystal,112,195,Navida City: East (100-120),N,Normal,Normal,-1,333,2,Water,False,True,,
1006,Chill Puffer,110,195,Navida City: East (100-120),N,Normal,Normal,-1,348,2,Water,False,True,,
1005,Ginpeng,113,195,Navida City: East (100-120),N,Normal,Normal,-1,504,2,Water,True,True,,
1004,Santa Potum,90,192,Navida City: Central Square,N,Normal,Normal,-1,189,2,Water,True,True,,
1003,Evil Ice Crystal,112,193,Navida City: Crossroad (100-120),N,Normal,Normal,-1,333,2,Water,False,True,,
1002,Chill Puffer,109,193,Navida City: Crossroad (100-120),N,Normal,Normal,-1,342,2,Water,False,True,,
1001,Freeze Ant,111,193,Navida City: Crossroad (100-120),N,Normal,Normal,-1,234,2,Water,False,True,,
1000,Ginpeng,110,193,Navida City: Crossroad (100-120),N,Normal,Normal,-1,487,2,Water,True,True,,
999,Finpen,93,191,Navida City: East (80-100),N,Normal,Normal,-1,378,2,Water,True,True,,
998,Evil Ice Crystal,92,191,Navida City: East (80-100),N,Normal,Normal,-1,246,2,Water,False,True,,
997,Maple Fox,91,191,Navida City: East (80-100),N,Normal,Normal,-1,174,2,Water,True,True,,
996,Finpen,93,190,Navida City: West (80-100),N,Normal,Normal,-1,378,2,Water,True,True,,
995,Evil Ice Crystal,92,190,Navida City: West (80-100),N,Normal,Normal,-1,246,2,Water,False,True,,
994,Grecion,91,190,Navida City: West (80-100),N,Normal,Normal,-1,191,2,Water,False,True,,
993,Maple Fox,91,189,Navida City: Crossroad (80-100),N,Normal,Normal,-1,174,2,Water,True,True,,
992,Finpen,90,189,Navida City: Crossroad (80-100),N,Normal,Normal,-1,361,2,Water,True,True,,
991,Evil Ice Crystal,92,189,Navida City: Crossroad (80-100),N,Normal,Normal,-1,246,2,Water,False,True,,
990,Grecion,89,189,Navida City: Crossroad (80-100),N,Normal,Normal,-1,185,2,Water,False,True,,
989,Grecia the Goddess of Courage (7M DL),150,87,Event,B,Boss,Normal,-1,-1,6,Light,False,True,,
988,Ancient Empress (7M DL),150,87,Event,B,Boss,Normal,-1,-1,6,Light,False,True,,
987,Platinum Potum (7M DL),150,87,Event,B,Boss,Normal,20000000,40000,6,Light,False,True,,
986,Mozto Machina,164,188,Large Demi Machina Factory: Deepest Part,B,Boss,Ultimate,11100000,122400,0,Neutral,False,False,,
985,Mozto Machina,144,188,Large Demi Machina Factory: Deepest Part,B,Boss,Nightmare,5550000,61200,0,Neutral,False,False,,
984,Mozto Machina,134,188,Large Demi Machina Factory: Deepest Part,B,Boss,Hard,2220000,24480,0,Neutral,False,False,,
983,Mozto Machina,124,188,Large Demi Machina Factory: Deepest Part,B,Boss,Normal,1110000,12240,0,Neutral,False,False,,
982,Mozto Machina,114,188,Large Demi Machina Factory: Deepest Part,B,Boss,Easy,111000,1224,0,Neutral,False,False,,
981,Horn Machina,110,187,Large Demi Machina Factory: Area 3,N,Normal,Normal,20000,418,0,Neutral,False,False,,
980,Golem Guard,112,187,Large Demi Machina Factory: Area 3,N,Normal,Normal,14000,333,1,Fire,False,False,,
979,Ledon Machina,111,187,Large Demi Machina Factory: Area 3,N,Normal,Normal,10000,281,3,Wind,False,False,,
978,Odelon Machina,146,186,Large Demi Machina Factory: Area 2,M,Mini Boss,Normal,-1,21357,6,Light,False,False,,
977,Horn Machina,109,186,Large Demi Machina Factory: Area 2,N,Normal,Normal,20000,418,6,Light,False,False,,
976,Golem Guard,110,186,Large Demi Machina Factory: Area 2,N,Normal,Normal,14000,319,1,Fire,False,False,,
975,Ledon Machina,111,186,Large Demi Machina Factory: Area 2,N,Normal,Normal,10000,281,3,Wind,False,False,,
974,Horn Machina,110,185,Large Demi Machina Factory: Area 1,N,Normal,Normal,20000,418,6,Light,False,False,,
973,Golem Guard,109,185,Large Demi Machina Factory: Area 1,N,Normal,Normal,14000,319,1,Fire,False,False,,
972,Ledon Machina,108,185,Large Demi Machina Factory: Area 1,N,Normal,Normal,10000,269,3,Wind,False,False,,
971,Coffee Jelly,96,184,Sykea Deep Valley,N,Normal,Normal,5000,103,5,Dark,False,False,,
970,Demi Ork,100,184,Sykea Deep Valley,N,Normal,Normal,10000,242,0,Neutral,False,False,,
969,Demi Ork,98,184,Sykea Deep Valley,N,Normal,Normal,10000,233,0,Neutral,False,False,,
968,Mech Little Boar,99,184,Sykea Deep Valley,N,Normal,Normal,3500,79,4,Earth,False,False,,
967,Mech Little Boar,97,184,Sykea Deep Valley,N,Normal,Normal,3300,77,4,Earth,False,False,,
966,Golden Potum (7M DL),100,7,Rakau Plains,M,Mini Boss,Normal,30,100,6,Light,False,True,,
965,Golden Potum (7M DL),100,51,Yorl Highlands,M,Mini Boss,Normal,30,100,6,Light,False,True,,
964,Golden Potum (7M DL),100,70,Darkanon Plain,M,Mini Boss,Normal,30,100,6,Light,False,True,,
963,Golden Potum (7M DL),100,110,Wanderer's Plain,M,Mini Boss,Normal,30,100,6,Light,False,True,,
962,Tyrant Machina,161,183,Small Demi Machina Factory Core,B,Boss,Ultimate,10500000,84000,0,Neutral,False,False,,
961,Tyrant Machina,141,183,Small Demi Machina Factory Core,B,Boss,Nightmare,5250000,42000,0,Neutral,False,False,,
960,Tyrant Machina,131,183,Small Demi Machina Factory Core,B,Boss,Hard,2100000,16800,0,Neutral,False,False,,
959,Tyrant Machina,111,183,Small Demi Machina Factory Core,B,Boss,Easy,105000,840,0,Neutral,False,False,,
958,Tyrant Machina,121,183,Small Demi Machina Factory Core,B,Boss,Normal,1050000,8400,0,Neutral,False,False,,
957,Torture Machina,109,182,Small Demi Machina Factory: Area 3,N,Normal,Normal,9000,228,0,Neutral,False,False,,
956,Rugos Demi Machina,108,182,Small Demi Machina Factory: Area 3,N,Normal,Normal,20000,426,0,Neutral,False,False,,
955,Dusk Machina,142,181,Small Demi Machina Factory: Area 2,M,Mini Boss,Normal,-1,17338,5,Dark,False,False,,
954,Torture Machina,106,181,Small Demi Machina Factory: Area 2,N,Normal,Normal,9000,218,0,Neutral,False,False,,
953,Rugos Demi Machina,108,181,Small Demi Machina Factory: Area 2,N,Normal,Normal,20000,426,0,Neutral,False,False,,
952,Fist Machina,107,181,Small Demi Machina Factory: Area 2,N,Normal,Normal,25000,533,4,Earth,False,False,,
951,Fist Machina,107,180,Small Demi Machina Factory: Area 1,N,Normal,Normal,25000,533,4,Earth,False,False,,
950,Rugos Demi Machina,105,180,Small Demi Machina Factory: Area 1,N,Normal,Normal,20000,410,0,Neutral,False,False,,
949,Plant Machina,97,179,Peligro Landfill,N,Normal,Normal,2000,183,4,Earth,False,False,,
948,Plant Machina,95,179,Peligro Landfill,N,Normal,Normal,2000,177,4,Earth,False,False,,
947,Torture Machina,106,180,Small Demi Machina Factory: Area 1,N,Normal,Normal,9000,218,0,Neutral,False,False,,
946,Petally,94,179,Peligro Landfill,N,Normal,Normal,4000,100,4,Earth,False,False,,
945,Kinote,96,179,Peligro Landfill,N,Normal,Normal,3500,94,3,Wind,True,False,,
944,Plant Machina,93,179,Peligro Landfill,N,Normal,Normal,2000,171,4,Earth,False,False,,
943,Jeila,125,178,Halloween Castle,B,Boss,Very Hard,1130000,15400,5,Dark,False,True,,
942,Jeila,100,178,Halloween Castle,B,Boss,Hard,522000,8800,5,Dark,False,True,,
941,Jeila,75,178,Halloween Castle,B,Boss,Normal,185000,4200,5,Dark,False,True,,
940,Jeila,50,178,Halloween Castle,B,Boss,Easy,41000,1700,5,Dark,False,True,,
939,Potumkin,50,177,Halloween Castle: Entrance,N,Normal,Normal,3000,-1,5,Dark,True,True,,
938,Goldoon (Fall 2017),140,104,Gravel Terrace,B,Boss,Normal,3000000,70000,5,Dark,False,True,,
933,Evil Crystal Beast,131,130,Lunagent Mountain: Deepest Area,B,Boss,Ultimate,5300000,63000,5,Dark,False,False,,
932,Evil Crystal Beast,111,130,Lunagent Mountain: Deepest Area,B,Boss,Nightmare,2650000,31500,5,Dark,False,False,,
931,Evil Crystal Beast,101,130,Lunagent Mountain: Deepest Area,B,Boss,Hard,1060000,12600,5,Dark,False,False,,
930,Evil Crystal Beast,81,130,Lunagent Mountain: Deepest Area,B,Boss,Easy,53000,630,5,Dark,False,False,,
929,Scrader,125,120,Magic Waste Site: Deepest Part,B,Boss,Ultimate,6600000,79000,5,Dark,False,False,,
928,Scrader,105,120,Magic Waste Site: Deepest Part,B,Boss,Nightmare,3300000,39500,5,Dark,False,False,,
927,Scrader,95,120,Magic Waste Site: Deepest Part,B,Boss,Hard,1320000,15800,5,Dark,False,False,,
926,Scrader,75,120,Magic Waste Site: Deepest Part,B,Boss,Easy,66000,790,5,Dark,False,False,,
925,Black Knight of Delusion,128,125,Abyss of No Return: Deepest Area,B,Boss,Ultimate,5400000,66000,5,Dark,False,False,,
924,Black Knight of Delusion,108,125,Abyss of No Return: Deepest Area,B,Boss,Nightmare,2700000,33000,5,Dark,False,False,,
923,Black Knight of Delusion,98,125,Abyss of No Return: Deepest Area,B,Boss,Hard,1080000,13200,5,Dark,False,False,,
922,Black Knight of Delusion,78,125,Abyss of No Return: Deepest Area,B,Boss,Easy,54000,660,5,Dark,False,False,,
921,Goovua,122,107,Akaku Desert: Hill,B,Boss,Ultimate,4000000,50000,0,Neutral,False,False,,
920,Goovua,102,107,Akaku Desert: Hill,B,Boss,Nightmare,2000000,25000,0,Neutral,False,False,,
919,Goovua,92,107,Akaku Desert: Hill,B,Boss,Hard,800000,10000,0,Neutral,False,False,,
918,Goovua,72,107,Akaku Desert: Hill,B,Boss,Easy,40000,500,0,Neutral,False,False,,
917,Jade Raptor,119,104,Gravel Terrace,B,Boss,Ultimate,6200000,84000,3,Wind,False,False,,
916,Jade Raptor,99,104,Gravel Terrace,B,Boss,Nightmare,3100000,42000,3,Wind,False,False,,
915,Jade Raptor,89,104,Gravel Terrace,B,Boss,Hard,1240000,16800,3,Wind,False,False,,
914,Jade Raptor,69,104,Gravel Terrace,B,Boss,Easy,62000,840,3,Wind,False,False,,
913,Nurethoth,116,102,Gate to Another World: Front,B,Boss,Ultimate,5000000,53600,5,Dark,False,False,,
912,Nurethoth,96,102,Gate to Another World: Front,B,Boss,Nightmare,2500000,26800,5,Dark,False,False,,
911,Nurethoth,86,102,Gate to Another World: Front,B,Boss,Hard,1000000,10720,5,Dark,False,False,,
910,Nurethoth,66,102,Gate to Another World: Front,B,Boss,Easy,50000,536,5,Dark,False,False,,
909,Kijimu,49,98,Road to Another World: Area 1,N,Normal,Normal,3400,96,2,Water,True,False,,
908,Grass Dragon Yelb,113,96,Albatif Village,B,Boss,Ultimate,4391900,50400,4,Earth,False,False,,
907,Grass Dragon Yelb,93,96,Albatif Village,B,Boss,Nightmare,2195950,25200,4,Earth,False,False,,
906,Grass Dragon Yelb,83,96,Albatif Village,B,Boss,Hard,878380,10080,4,Earth,False,False,,
905,Grass Dragon Yelb,63,96,Albatif Village,B,Boss,Easy,43919,504,4,Earth,False,False,,
904,Larmo,48,94,Fabizo Boundary,N,Normal,Normal,1700,36,4,Earth,True,False,,
903,Pillar Golem,110,92,Lost Town: Magic Barrier,B,Boss,Ultimate,3240000,36000,4,Earth,False,False,,
902,Pillar Golem,90,92,Lost Town: Magic Barrier,B,Boss,Nightmare,1620000,18000,4,Earth,False,False,,
901,Pillar Golem,80,92,Lost Town: Magic Barrier,B,Boss,Hard,648000,7200,4,Earth,False,False,,
900,Pillar Golem,60,92,Lost Town: Magic Barrier,B,Boss,Easy,32400,360,4,Earth,False,False,,
899,B.B. Goblin,110,32,Rinom Plains,B,Boss,Ultimate,-1,24000,-1,Unknown,False,False,,
898,B.B. Goblin,90,32,Rinom Plains,B,Boss,Nightmare,-1,12000,-1,Unknown,False,False,,
897,B.B. Goblin,80,32,Rinom Plains,B,Boss,Hard,-1,4800,-1,Unknown,False,False,,
896,B.B. Goblin,60,32,Rinom Plains,B,Boss,Easy,243312,240,1,Fire,False,False,,
895,Masked Warrior,107,84,Land Under Cultivation: Hill,B,Boss,Ultimate,2760000,43000,1,Fire,False,False,,
894,Masked Warrior,87,84,Land Under Cultivation: Hill,B,Boss,Nightmare,1380000,21500,1,Fire,False,False,,
893,Masked Warrior,77,84,Land Under Cultivation: Hill,B,Boss,Hard,522000,8600,1,Fire,False,False,,
892,Masked Warrior,57,84,Land Under Cultivation: Hill,B,Boss,Easy,27600,430,1,Fire,False,False,,
891,Ancient Empress Mezzaluna,104,75,Ancient Empress Tomb: Deepest Part,B,Boss,Ultimate,1300000,31200,6,Light,False,False,,
890,Ancient Empress Mezzaluna,84,75,Ancient Empress Tomb: Deepest Part,B,Boss,Nightmare,650000,15600,6,Light,False,False,,
889,Ancient Empress Mezzaluna,74,75,Ancient Empress Tomb: Deepest Part,B,Boss,Hard,260000,6240,6,Light,False,False,,
888,Ancient Empress Mezzaluna,54,75,Ancient Empress Tomb: Deepest Part,B,Boss,Easy,130000,312,6,Light,False,False,,
887,Foxiger,48,93,Centerio Highlands,N,Normal,Normal,3000,101,1,Fire,True,False,,
886,Sand Frosch,47,93,Centerio Highlands,N,Normal,Normal,2000,70,0,Neutral,False,False,,
885,Demon's Gate,100,65,Saham Crater,B,Boss,Ultimate,1800000,14400,5,Dark,False,False,,
884,Demon's Gate,80,65,Saham Crater,B,Boss,Nightmare,900000,7200,5,Dark,False,False,,
883,Demon's Gate,70,65,Saham Crater,B,Boss,Hard,360000,2880,5,Dark,False,False,,
882,Demon's Gate,50,65,Saham Crater,B,Boss,Easy,180000,144,5,Dark,False,False,,
881,Warmonger,100,57,Haotas Ravine: Deepest Part,B,Boss,Ultimate,1476900,9600,4,Earth,False,False,,
880,Warmonger,80,57,Haotas Ravine: Deepest Part,B,Boss,Nightmare,738450,4800,4,Earth,False,False,,
879,Warmonger,70,57,Haotas Ravine: Deepest Part,B,Boss,Hard,295380,1920,4,Earth,False,False,,
878,Warmonger,50,57,Haotas Ravine: Deepest Part,B,Boss,Easy,14769,96,4,Earth,False,False,,
877,York,158,176,Huge Crysta Factory: Storage,B,Boss,Ultimate,6400000,68000,0,Neutral,False,False,,
876,York,138,176,Huge Crysta Factory: Storage,B,Boss,Nightmare,3200000,34000,0,Neutral,False,False,,
875,York,128,176,Huge Crysta Factory: Storage,B,Boss,Hard,1280000,13600,0,Neutral,False,False,,
874,York,108,176,Huge Crysta Factory: Storage,B,Boss,Easy,64000,680,0,Neutral,False,False,,
873,York,118,176,Huge Crysta Factory: Storage,B,Boss,Normal,640000,6800,0,Neutral,False,False,,
872,Builder Golem,138,175,Huge Crysta Factory: 3rd Floor,M,Mini Boss,Normal,-1,17564,0,Neutral,False,False,,
871,Custos Demi Machima,105,175,Huge Crysta Factory: 3rd Floor,N,Normal,Normal,14000,302,5,Dark,False,False,,
870,Clockwork Watcher,104,175,Huge Crysta Factory: 3rd Floor,N,Normal,Normal,10000,191,5,Dark,False,False,,
869,Crafted Golem,106,175,Huge Crysta Factory: 3rd Floor,N,Normal,Normal,17000,371,0,Neutral,False,False,,
868,Custos Demi Machima,105,174,Huge Crysta Factory: 2nd Floor,N,Normal,Normal,14000,302,5,Dark,False,False,,
867,Clockwork Watcher,104,174,Huge Crysta Factory: 2nd Floor,N,Normal,Normal,10000,191,5,Dark,False,False,,
866,Crafted Golem,103,174,Huge Crysta Factory: 2nd Floor,N,Normal,Normal,16000,357,0,Neutral,False,False,,
865,Clockwork Watcher,104,173,Huge Crysta Factory: 1st Floor,N,Normal,Normal,10000,191,5,Dark,False,False,,
864,Crafted Golem,103,173,Huge Crysta Factory: 1st Floor,N,Normal,Normal,16000,357,0,Neutral,False,False,,
863,Crafted Golem,102,173,Huge Crysta Factory: 1st Floor,N,Normal,Normal,16000,350,0,Neutral,False,False,,
862,Gajo,93,172,Site of Simcracker,N,Normal,Normal,4000,90,4,Earth,False,False,,
861,Gajo,90,172,Site of Simcracker,N,Normal,Normal,3800,86,4,Earth,False,False,,
860,Floral Bee,91,172,Site of Simcracker,N,Normal,Normal,3500,78,3,Wind,True,False,,
859,Muddy Gnome,94,172,Site of Simcracker,N,Normal,Normal,6000,137,4,Earth,False,False,,
858,Platinum Potum (6M DL),90,87,Event,B,Boss,Easy,870000,2100,6,Light,False,True,,
857,Platinum Potum (6M DL),140,87,Event,B,Boss,Ultimate,87000000,210000,6,Light,False,True,,
856,Platinum Potum (6M DL),120,87,Event,B,Boss,Nightmare,43500000,105000,6,Light,False,True,,
855,Platinum Potum (6M DL),107,87,Event,B,Boss,Hard,17400000,42000,6,Light,False,True,,
854,Platinum Potum (Normal) (6M DL),100,87,Event,B,Boss,Normal,8700000,21000,6,Light,False,True,,
853,Golden Potum (6M DL),100,87,Event,B,Boss,Normal,50,-1,6,Light,False,True,,
852,Golden Potum (6M DL),100,110,Wanderer's Plain,M,Mini Boss,Normal,30,100,6,Light,False,True,,
851,Golden Potum (6M DL),100,70,Darkanon Plain,M,Mini Boss,Normal,30,100,6,Light,False,True,,
850,Golden Potum (6M DL),100,51,Yorl Highlands,M,Mini Boss,Normal,30,100,6,Light,False,True,,
849,Golden Potum (6M DL),100,7,Rakau Plains,M,Mini Boss,Normal,30,100,6,Light,False,True,,
848,Evil Magic Sword,134,170,Singolare Ruins: 2nd Floor,M,Mini Boss,Normal,30,19123,5,Dark,False,False,,
847,Proto Leon,155,171,Singolare Ruins: 3rd Floor,B,Boss,Ultimate,5850000,62500,4,Earth,False,False,,
846,Proto Leon,135,171,Singolare Ruins: 3rd Floor,B,Boss,Nightmare,2925000,31250,4,Earth,False,False,,
845,Proto Leon,125,171,Singolare Ruins: 3rd Floor,B,Boss,Hard,1170000,12500,4,Earth,False,False,,
844,Proto Leon,105,171,Singolare Ruins: 3rd Floor,B,Boss,Easy,58500,625,4,Earth,False,False,,
843,Proto Leon,115,171,Singolare Ruins: 3rd Floor,B,Boss,Normal,585000,6250,4,Earth,False,False,,
842,Cursed Magic Sword,103,171,Singolare Ruins: 3rd Floor,N,Normal,Normal,-1,210,5,Dark,False,False,,
841,Octaray,102,171,Singolare Ruins: 3rd Floor,N,Normal,Normal,-1,371,2,Water,False,False,,
840,Rocksaur,101,171,Singolare Ruins: 3rd Floor,N,Normal,Normal,-1,267,5,Dark,True,False,,
839,Octaray,102,170,Singolare Ruins: 2nd Floor,N,Normal,Normal,-1,371,2,Water,False,False,,
838,Cursed Magic Sword,100,170,Singolare Ruins: 2nd Floor,N,Normal,Normal,-1,200,5,Dark,False,False,,
837,Rocksaur,101,170,Singolare Ruins: 2nd Floor,N,Normal,Normal,-1,367,4,Earth,True,False,,
836,Cursed Magic Sword,100,169,Singolare Ruins: 1st Floor,N,Normal,Normal,-1,200,5,Dark,False,False,,
835,Rocksaur,101,169,Singolare Ruins: 1st Floor,N,Normal,Normal,-1,367,4,Earth,True,False,,
834,Cavern Rat,99,169,Singolare Ruins: 1st Floor,N,Normal,Normal,-1,168,0,Neutral,False,False,,
833,Duston,91,168,Klaspe Slum,N,Normal,Normal,-1,200,4,Earth,False,False,,
832,Slum Potum,89,168,Klaspe Slum,N,Normal,Normal,-1,151,0,Neutral,False,False,,
831,Rat Scavenger,87,168,Klaspe Slum,N,Normal,Normal,-1,61,4,Earth,False,False,,
830,Rat Scavenger,90,168,Klaspe Slum,N,Normal,Normal,-1,65,4,Earth,False,False,,
829,Duston,88,168,Klaspe Slum,N,Normal,Normal,-1,191,4,Earth,False,False,,
828,Mini Zega,100,87,Event,B,Boss,Normal,-1,-1,2,Water,False,True,,
827,Zega,150,87,Event,B,Boss,Normal,4600000,-1,2,Water,False,True,,
826,Daddy Finpen,123,139,Spring of Rebirth: Middle,M,Mini Boss,Normal,-1,8000,2,Water,False,False,,
825,Zolban the Dark Captain of Wind,165,87,Event,B,Boss,Ultimate,3400000,34000,3,Wind,False,True,,
824,Zolban the Dark Captain of Wind,145,87,Event,B,Boss,Nightmare,1700000,17000,3,Wind,False,True,,
823,Zolban the Dark Captain of Wind,135,87,Event,B,Boss,Hard,680000,6800,3,Wind,False,True,,
822,Zolban the Dark Captain of Wind,125,87,Event,B,Boss,Normal,340000,3400,3,Wind,False,True,,
821,Vatendeth the Dark General,165,87,Event,B,Boss,Ultimate,3400000,34000,5,Dark,False,True,,
820,Vatendeth the Dark General,145,87,Event,B,Boss,Nightmare,1700000,17000,5,Dark,False,True,,
819,Vatendeth the Dark General,135,87,Event,B,Boss,Hard,680000,6800,5,Dark,False,True,,
818,Vatendeth the Dark General,125,87,Event,B,Boss,Normal,340000,3400,5,Dark,False,True,,
817,Grecia the Goddess of Courage,165,87,Event,B,Boss,Ultimate,3400000,34000,6,Light,False,True,,
816,Grecia the Goddess of Courage,145,87,Event,B,Boss,Nightmare,1700000,17000,6,Light,False,True,,
815,Grecia the Goddess of Courage,135,87,Event,B,Boss,Hard,680000,6800,6,Light,False,True,,
814,Grecia the Goddess of Courage,125,87,Event,B,Boss,Normal,340000,3400,6,Light,False,True,,
813,Iceberg Silver Knight,140,87,Event,B,Boss,Ultimate,2500000,30000,2,Water,False,True,,
812,Hellfire Scrap Golem,140,87,Event,B,Boss,Ultimate,2500000,30000,1,Fire,False,True,,
811,Evil Emerald Beast,140,87,Event,B,Boss,Ultimate,2500000,30000,3,Wind,False,True,,
810,Iceberg Silver Knight,120,87,Event,B,Boss,Nightmare,1250000,15000,2,Water,False,True,,
809,Hellfire Scrap Golem,120,87,Event,B,Boss,Nightmare,1250000,15000,1,Fire,False,True,,
808,Evil Emerald Beast,120,87,Event,B,Boss,Nightmare,1250000,15000,3,Wind,False,True,,
807,Iceberg Silver Knight,110,87,Event,B,Boss,Hard,500000,6000,2,Water,False,True,,
806,Hellfire Scrap Golem,110,87,Event,B,Boss,Hard,500000,6000,1,Fire,False,True,,
805,Evil Emerald Beast,110,87,Event,B,Boss,Hard,500000,6000,3,Wind,False,True,,
804,Iceberg Silver Knight,100,87,Event,B,Boss,Normal,250000,3000,2,Water,False,True,,
803,Hellfire Scrap Golem,100,87,Event,B,Boss,Normal,250000,3000,1,Fire,False,True,,
802,Evil Emerald Beast,100,87,Event,B,Boss,Normal,250000,3000,3,Wind,False,True,,
801,Outer World Soldier,115,87,Event,B,Boss,Ultimate,1800000,27000,4,Earth,False,True,,
800,Outer World Soldier,95,87,Event,B,Boss,Nightmare,900000,13500,4,Earth,False,True,,
799,Outer World Soldier,85,87,Event,B,Boss,Hard,360000,5400,4,Earth,False,True,,
798,Outer World Soldier,75,87,Event,B,Boss,Normal,180000,2700,4,Earth,False,True,,
797,Faithful Guardian,115,87,Event,B,Boss,Ultimate,1800000,27000,1,Fire,False,True,,
796,Faithful Guardian,95,87,Event,B,Boss,Nightmare,900000,13500,1,Fire,False,True,,
795,Faithful Guardian,85,87,Event,B,Boss,Hard,360000,5400,1,Fire,False,True,,
794,Faithful Guardian,75,87,Event,B,Boss,Normal,180000,2700,1,Fire,False,True,,
793,False God,115,87,Event,B,Boss,Ultimate,1800000,27000,4,Earth,False,True,,
792,False God,95,87,Event,B,Boss,Nightmare,900000,13500,4,Earth,False,True,,
791,False God,85,87,Event,B,Boss,Hard,360000,5400,4,Earth,False,True,,
790,False God,75,87,Event,B,Boss,Normal,180000,2700,4,Earth,False,True,,
789,Priest Warmonger,90,87,Event,B,Boss,Ultimate,600000,12000,6,Light,False,True,,
788,Priest Warmonger,70,87,Event,B,Boss,Nightmare,300000,6000,6,Light,False,True,,
787,Priest Warmonger,60,87,Event,B,Boss,Hard,120000,2400,6,Light,False,True,,
786,Priest Warmonger,50,87,Event,B,Boss,Normal,60000,1200,6,Light,False,True,,
785,Warrior Minotaur,90,87,Event,B,Boss,Ultimate,600000,12000,4,Earth,False,True,,
784,Warrior Minotaur,70,87,Event,B,Boss,Nightmare,300000,6000,4,Earth,False,True,,
783,Warrior Minotaur,60,87,Event,B,Boss,Hard,120000,2400,4,Earth,False,True,,
782,Warrior Minotaur,50,87,Event,B,Boss,Normal,60000,1200,4,Earth,False,True,,
781,Fighter Mochelo,90,87,Event,B,Boss,Ultimate,600000,12000,3,Wind,False,True,,
780,Fighter Mochelo,70,87,Event,B,Boss,Nightmare,300000,6000,3,Wind,False,True,,
779,Fighter Mochelo,60,87,Event,B,Boss,Hard,120000,2400,3,Wind,False,True,,
778,Fighter Mochelo,50,87,Event,B,Boss,Normal,60000,1200,3,Wind,False,True,,
777,Festival Golem Type C,65,87,Event,B,Boss,Ultimate,120000,3200,3,Wind,False,True,,
776,Festival Golem Type C,45,87,Event,B,Boss,Nightmare,60000,1600,3,Wind,False,True,,
775,Festival Golem Type C,35,87,Event,B,Boss,Hard,24000,640,3,Wind,False,True,,
774,Festival Golem Type C,25,87,Event,B,Boss,Normal,12000,320,3,Wind,False,True,,
773,Festival Golem Type B,65,87,Event,B,Boss,Ultimate,120000,3200,2,Water,False,True,,
772,Festival Golem Type B,45,87,Event,B,Boss,Nightmare,60000,1600,2,Water,False,True,,
771,Festival Golem Type B,35,87,Event,B,Boss,Hard,24000,640,2,Water,False,True,,
770,Festival Golem Type B,25,87,Event,B,Boss,Normal,12000,320,2,Water,False,True,,
769,Festival Golem Type A,65,87,Event,B,Boss,Ultimate,120000,3200,1,Fire,False,True,,
768,Festival Golem Type A,45,87,Event,B,Boss,Nightmare,60000,1600,1,Fire,False,True,,
767,Festival Golem Type A,35,87,Event,B,Boss,Hard,24000,640,1,Fire,False,True,,
766,Festival Golem Type A,25,87,Event,B,Boss,Normal,12000,320,1,Fire,False,True,,
765,2nd Anniversary Event (all boss),0,87,Event,B,Boss,Normal,0,0,0,Neutral,False,True,,
764,Ifrid,152,167,Blazing Graben: Deepest Part,B,Boss,Ultimate,5555000,60000,1,Fire,False,False,,
763,Ifrid,132,167,Blazing Graben: Deepest Part,B,Boss,Nightmare,2777500,30000,1,Fire,False,False,,
762,Ifrid,122,167,Blazing Graben: Deepest Part,B,Boss,Hard,1111000,12000,1,Fire,False,False,,
761,Ifrid,102,167,Blazing Graben: Deepest Part,B,Boss,Easy,55550,600,1,Fire,False,False,,
760,Ifrid,112,167,Blazing Graben: Deepest Part,B,Boss,Normal,555500,6000,1,Fire,False,False,,
759,Baby Salamander,100,166,Blazing Graben: Lower,N,Normal,Normal,12000,260,1,Fire,False,False,,
758,Blaze Ant,99,166,Blazing Graben: Lower,N,Normal,Normal,7000,158,1,Fire,False,False,,
757,Sufard,98,166,Blazing Graben: Lower,N,Normal,Normal,16000,359,4,Earth,True,False,,
756,Salamander,132,165,Blazing Graben: Upper,M,Mini Boss,Normal,2000000,20242,1,Fire,False,False,,
755,Blaze Ant,99,165,Blazing Graben: Upper,N,Normal,Normal,7000,158,1,Fire,False,False,,
754,Sufard,98,165,Blazing Graben: Upper,N,Normal,Normal,16000,359,4,Earth,True,False,,
753,Baby Salamander,97,165,Blazing Graben: Upper,N,Normal,Normal,11000,250,1,Fire,False,False,,
752,Ooze,92,55,Lutaros Cavern: Deepest Part,B,Boss,Ultimate,440000,14000,2,Water,False,False,,
751,Ooze,72,55,Lutaros Cavern: Deepest Part,B,Boss,Nightmare,220000,7000,2,Water,False,False,,
750,Ooze,62,55,Lutaros Cavern: Deepest Part,B,Boss,Hard,88000,2800,2,Water,False,False,,
749,Ooze,42,55,Lutaros Cavern: Deepest Part,B,Boss,Easy,4400,140,2,Water,False,False,,
748,Slime,38,53,Lutaros Cavern: B1,N,Normal,Normal,1100,52,2,Water,True,False,,
747,Stone Soldier,36,52,Lutaros Cavern Entrance,N,Normal,Normal,1900,67,4,Earth,False,False,,
746,Conoppy,25,51,Yorl Highlands,N,Normal,Normal,350,16,4,Earth,True,False,,
745,Boss Roga,102,69,Saham Underground Cave - Deepest Part,B,Boss,Ultimate,2500000,30000,0,Neutral,False,False,,
744,Boss Roga,82,69,Saham Underground Cave - Deepest Part,B,Boss,Nightmare,1250000,15000,0,Neutral,False,False,,
743,Boss Roga,72,69,Saham Underground Cave - Deepest Part,B,Boss,Hard,500000,6000,0,Neutral,False,False,,
742,Boss Roga,52,69,Saham Underground Cave - Deepest Part,B,Boss,Easy,25000,300,0,Neutral,False,False,,
741,Pojo,38,70,Darkanon Plain,N,Normal,Normal,1100,36,3,Wind,True,False,,
740,Rocksaur,37,70,Darkanon Plain,N,Normal,Normal,1300,45,4,Earth,True,False,,
739,Mauez,95,62,New Moon Palace: Innermost,B,Boss,Ultimate,860000,12900,2,Water,False,False,,
738,Mauez,75,62,New Moon Palace: Innermost,B,Boss,Nightmare,430000,6450,2,Water,False,False,,
737,Mauez,65,62,New Moon Palace: Innermost,B,Boss,Hard,172000,2580,2,Water,False,False,,
736,Mauez,45,62,New Moon Palace: Innermost,B,Boss,Easy,8600,129,2,Water,False,False,,
734,Astol,90,50,Aulada Ancient Tower,B,Boss,Ultimate,820400,7600,3,Wind,False,False,,
733,Astol,70,50,Aulada Ancient Tower,B,Boss,Nightmare,410200,3800,3,Wind,False,False,,
732,Astol,60,50,Aulada Ancient Tower,B,Boss,Hard,164080,1520,3,Wind,False,False,,
731,Astol,40,50,Aulada Ancient Tower,B,Boss,Easy,8204,76,3,Wind,False,False,,
730,Forestia,89,49,Land Of Chaos,B,Boss,Ultimate,1350000,14800,3,Wind,False,False,,
729,Forestia,69,49,Land Of Chaos,B,Boss,Nightmare,675000,7400,3,Wind,False,False,,
728,Forestia,59,49,Land Of Chaos,B,Boss,Hard,270000,2960,3,Wind,False,False,,
727,Forestia,39,49,Land Of Chaos,B,Boss,Easy,13500,148,3,Wind,False,False,,
726,Ganglef,98,48,Scaro Town: Deepest Part,B,Boss,Ultimate,1078000,11500,4,Earth,False,False,,
725,Ganglef,78,48,Scaro Town: Deepest Part,B,Boss,Nightmare,539000,5750,4,Earth,False,False,,
724,Ganglef,68,48,Scaro Town: Deepest Part,B,Boss,Hard,215600,2300,4,Earth,False,False,,
723,Ganglef,48,48,Scaro Town: Deepest Part,B,Boss,Easy,10780,115,4,Earth,False,False,,
722,Ruin Golem,85,44,Zoktzda ruins : Reversed Hall,B,Boss,Ultimate,412000,6600,4,Earth,False,False,,
721,Ruin Golem,65,44,Zoktzda ruins : Reversed Hall,B,Boss,Nightmare,206000,3300,4,Earth,False,False,,
720,Ruin Golem,55,44,Zoktzda ruins : Reversed Hall,B,Boss,Hard,82400,1320,4,Earth,False,False,,
719,Ruin Golem,35,44,Zoktzda ruins : Reversed Hall,B,Boss,Easy,4120,66,4,Earth,False,False,,
718,Flare Volg,90,41,Fiery Volcano: Boss Map,B,Boss,Ultimate,1200000,15000,1,Fire,False,False,,
717,Flare Volg,70,41,Fiery Volcano: Boss Map,B,Boss,Nightmare,600000,7500,1,Fire,False,False,,
716,Flare Volg,60,41,Fiery Volcano: Boss Map,B,Boss,Hard,240000,3000,1,Fire,False,False,,
715,Flare Volg,40,41,Fiery Volcano: Boss Map,B,Boss,Easy,12000,150,1,Fire,False,False,,
714,Mochelo,83,40,Fiery Volcano: Area 3,B,Boss,Ultimate,600000,6200,3,Wind,False,False,,
713,Mochelo,63,40,Fiery Volcano: Area 3,B,Boss,Nightmare,300000,3100,3,Wind,False,False,,
712,Mochelo,53,40,Fiery Volcano: Area 3,B,Boss,Hard,120000,1240,3,Wind,False,False,,
711,Mochelo,33,40,Fiery Volcano: Area 3,B,Boss,Easy,6000,62,3,Wind,False,False,,
710,Boss Goblin,80,36,Ribisco Cave: Deepest Part,B,Boss,Ultimate,267580,5600,1,Fire,False,False,,
709,Boss Goblin,60,36,Ribisco Cave: Deepest Part,B,Boss,Nightmare,133790,2800,1,Fire,False,False,,
708,Boss Goblin,50,36,Ribisco Cave: Deepest Part,B,Boss,Hard,53516,1120,1,Fire,False,False,,
707,Boss Goblin,30,36,Ribisco Cave: Deepest Part,B,Boss,Easy,2675,56,1,Fire,False,False,,
706,Kijimu,15,32,Rinom Plains,N,Normal,Normal,200,9,6,Light,True,False,,
705,Raffy,12,31,Suedor Cliff,N,Normal,Normal,150,7,0,Neutral,True,False,,
704,Aranea,140,146,Garden of Sublimation: Central Part,B,Boss,Ultimate,3800000,44000,4,Earth,False,False,,
703,Aranea,120,146,Garden of Sublimation: Central Part,B,Boss,Nightmare,1900000,22000,4,Earth,False,False,,
702,Aranea,110,146,Garden of Sublimation: Central Part,B,Boss,Hard,760000,8800,4,Earth,False,False,,
701,Aranea,90,146,Garden of Sublimation: Central Part,B,Boss,Easy,38000,440,4,Earth,False,False,,
700,Shiny Roar,86,145,Garden of Sublimation: Area 3,N,Normal,Normal,6500,160,6,Light,False,False,,
699,Corroded Knight,87,143,Garden of Sublimation: Area 1,N,Normal,Normal,10000,224,5,Dark,False,False,,
698,Zolban,138,142,Dark Mirror,B,Boss,Ultimate,2440000,39000,3,Wind,False,False,,
697,Zolban,118,142,Dark Mirror,B,Boss,Nightmare,1220000,19500,3,Wind,False,False,,
696,Zolban,108,142,Dark Mirror,B,Boss,Hard,488000,7800,3,Wind,False,False,,
695,Zolban,88,142,Dark Mirror,B,Boss,Easy,24400,390,3,Wind,False,False,,
694,Heat Pufferfish,75,142,Dark Mirror,N,Normal,Normal,3000,66,1,Fire,True,False,,
693,Sunion,76,142,Dark Mirror,N,Normal,Normal,4500,107,1,Fire,True,False,,
692,Cerberus,137,141,Spring of Rebirth: Top,B,Boss,Ultimate,8000000,92200,2,Water,False,False,,
691,Cerberus,117,141,Spring of Rebirth: Top,B,Boss,Nightmare,4000000,46100,2,Water,False,False,,
690,Cerberus,107,141,Spring of Rebirth: Top,B,Boss,Hard,1600000,18440,2,Water,False,False,,
689,Cerberus,87,141,Spring of Rebirth: Top,B,Boss,Easy,80000,922,2,Water,False,False,,
688,Finpen,85,140,Spring of Rebirth: Upper,N,Normal,Normal,14500,332,2,Water,True,False,,
687,Corroded Knight,82,138,Spring of Rebirth: Lower,N,Normal,Normal,9000,210,5,Dark,False,False,,
686,Twilight Dragon,140,135,Fort Solfini: Roof,B,Boss,Ultimate,6950000,80000,0,Neutral,False,False,,
685,Twilight Dragon,120,135,Fort Solfini: Roof,B,Boss,Nightmare,3475000,40000,0,Neutral,False,False,,
684,Twilight Dragon,110,135,Fort Solfini: Roof,B,Boss,Hard,1390000,16000,0,Neutral,False,False,,
683,Twilight Dragon,90,135,Fort Solfini: Roof,B,Boss,Easy,69500,800,0,Neutral,False,False,,
682,Inzanio the Dark Knight,94,135,Fort Solfini: Roof,B,Boss,Normal,489000,5500,2,Water,False,False,,
681,Inzanio the Dark Knight,134,135,Fort Solfini: Roof,B,Boss,Ultimate,4890000,55000,2,Water,False,False,,
680,Inzanio the Dark Knight,114,135,Fort Solfini: Roof,B,Boss,Nightmare,2445000,27500,2,Water,False,False,,
679,Inzanio the Dark Knight,104,135,Fort Solfini: Roof,B,Boss,Hard,978000,11000,2,Water,False,False,,
678,Inzanio the Dark Knight,84,135,Fort Solfini: Roof,B,Boss,Easy,48900,550,2,Water,False,False,,
677,Brutal Dragon Decel,80,30,Nisel Mountain: The Top,B,Boss,Ultimate,-1,5600,-1,Unknown,False,False,,
675,Brutal Dragon Decel,60,30,Nisel Mountain: The Top,B,Boss,Nightmare,265000,2800,4,Earth,False,False,,
674,Brutal Dragon Decel,50,30,Nisel Mountain: The Top,B,Boss,Hard,106000,1120,4,Earth,False,False,,
673,Brutal Dragon Decel,30,30,Nisel Mountain: The Top,B,Boss,Easy,5300,56,4,Earth,False,False,,
672,Forest Wolf,70,25,Marbaro Forest: Deepest Part,B,Boss,Ultimate,160380,3000,3,Wind,False,False,,
671,Forest Wolf,50,25,Marbaro Forest: Deepest Part,B,Boss,Nightmare,80190,1500,3,Wind,False,False,,
670,Forest Wolf,40,25,Marbaro Forest: Deepest Part,B,Boss,Hard,32076,600,3,Wind,False,False,,
669,Forest Wolf,20,25,Marbaro Forest: Deepest Part,B,Boss,Easy,1603,30,3,Wind,False,False,,
668,Gespenst,60,16,Underground Channel,B,Boss,Ultimate,85440,2400,5,Dark,False,False,,
667,Gespenst,40,16,Underground Channel,B,Boss,Nightmare,42720,1200,5,Dark,False,False,,
666,Gespenst,30,16,Underground Channel,B,Boss,Hard,17088,480,5,Dark,False,False,,
665,Gespenst,10,16,Underground Channel,B,Boss,Easy,854,24,5,Dark,False,False,,
664,Minotaur,72,15,Ruined Temple: Forbidden hall,B,Boss,Ultimate,180000,4200,3,Wind,False,False,,
663,Minotaur,52,15,Ruined Temple: Forbidden hall,B,Boss,Nightmare,90000,2100,3,Wind,False,False,,
662,Minotaur,42,15,Ruined Temple: Forbidden hall,B,Boss,Hard,36000,840,3,Wind,False,False,,
661,Minotaur,22,15,Ruined Temple: Forbidden hall,B,Boss,Easy,1800,42,3,Wind,False,False,,
660,Raffy,10,11,Ruined Temple Town,N,Normal,Normal,134,6,0,Neutral,True,False,,
659,Eerie Crystal,64,10,Isthmus Of Kaus: Dragon's Den,B,Boss,Ultimate,63000,2250,5,Dark,False,False,,
658,Eerie Crystal,44,10,Isthmus Of Kaus: Dragon's Den,B,Boss,Nightmare,31500,1125,5,Dark,False,False,,
657,Eerie Crystal,34,10,Isthmus Of Kaus: Dragon's Den,B,Boss,Hard,12600,450,5,Dark,False,False,,
656,Eerie Crystal,14,10,Isthmus Of Kaus: Dragon's Den,B,Boss,Easy,630,22,5,Dark,False,False,,
655,Purple Jelly,16,9,Isthmus Of Kaus,N,Normal,Normal,440,18,5,Dark,False,False,,
654,Hound,15,9,Isthmus Of Kaus,N,Normal,Normal,250,18,0,Neutral,True,False,,
653,Excavated Golem,56,6,Underground Ruins: Deepest Part,B,Boss,Ultimate,31500,900,0,Neutral,False,False,,
652,Excavated Golem,36,6,Underground Ruins: Deepest Part,B,Boss,Nightmare,15750,450,0,Neutral,False,False,,
651,Excavated Golem,26,6,Underground Ruins: Deepest Part,B,Boss,Hard,6300,180,0,Neutral,False,False,,
650,Excavated Golem,6,6,Underground Ruins: Deepest Part,B,Boss,Easy,315,9,0,Neutral,False,False,,
649,Boss Colon,50,2,Land Under Development,B,Boss,Ultimate,10000,300,4,Earth,False,False,,
648,Boss Colon,30,2,Land Under Development,B,Boss,Nightmare,5000,150,4,Earth,False,False,,
647,Boss Colon,20,2,Land Under Development,B,Boss,Hard,2000,60,4,Earth,False,False,,
646,Boss Colon,4,2,Land Under Development,B,Boss,Easy,100,3,4,Earth,False,False,,
645,Tapir,160,164,Blazing Graben: Surface,B,Boss,Ultimate,7813000,78000,0,Neutral,False,False,,
644,Tapir,140,164,Blazing Graben: Surface,B,Boss,Nightmare,3906500,39000,0,Neutral,False,False,,
643,Tapir,130,164,Blazing Graben: Surface,B,Boss,Hard,1562600,15600,0,Neutral,False,False,,
642,Tapir,110,164,Blazing Graben: Surface,B,Boss,Easy,78130,780,0,Neutral,False,False,,
641,Tapir,120,164,Blazing Graben: Surface,B,Boss,Normal,781300,7800,0,Neutral,False,False,,
640,Wooly,96,164,Blazing Graben: Surface,N,Normal,Normal,-1,188,0,Neutral,True,False,,
639,Bestion,98,164,Blazing Graben: Surface,N,Normal,Normal,-1,213,4,Earth,False,False,,
638,Baby Salamander,97,164,Blazing Graben: Surface,N,Normal,Normal,-1,250,1,Fire,False,False,,
637,Demi Marchina,87,163,Artillery Defense Line,N,Normal,Normal,-1,113,0,Neutral,False,False,,
636,Iconos,148,163,Artillery Defense Line,B,Boss,Ultimate,4040000,42000,4,Earth,False,False,,
635,Iconos,128,163,Artillery Defense Line,B,Boss,Nightmare,2020000,21000,4,Earth,False,False,,
634,Iconos,118,163,Artillery Defense Line,B,Boss,Hard,808000,8400,4,Earth,False,False,,
633,Iconos,98,163,Artillery Defense Line,B,Boss,Easy,40400,420,4,Earth,False,False,,
632,Iconos,108,163,Artillery Defense Line,B,Boss,Normal,404000,4200,4,Earth,False,False,,
631,Greg,84,163,Artillery Defense Line,N,Normal,Normal,-1,69,0,Neutral,True,False,,
630,Demi Machina,86,163,Artillery Defense Line,N,Normal,Normal,-1,112,0,Neutral,False,False,,
629,Ornis Demi Machina,85,163,Artillery Defense Line,N,Normal,Normal,-1,79,3,Wind,False,False,,
628,Woman in Need,0,162,Einklang,C,NPC,Normal,0,0,0,Neutral,False,False,,
627,Young Man,0,162,Einklang,C,NPC,Normal,0,0,0,Neutral,False,False,,
626,Tnark,0,162,Einklang,C,NPC,Normal,0,0,0,Neutral,False,False,,
625,Female Blacksmith,0,162,Einklang,C,NPC,Normal,0,0,0,Neutral,False,False,,
624,Senie,0,162,Einklang,C,NPC,Normal,0,0,0,Neutral,False,False,,
623,Yumomo,0,162,Einklang,C,NPC,Normal,0,0,0,Neutral,False,False,,
622,June Bride Event (all mini boss),0,87,Event,M,Mini Boss,Normal,0,0,0,Neutral,False,True,,
621,June Bride Event (all boss),0,87,Event,B,Boss,Normal,0,0,0,Neutral,False,True,,
620,Ancient Empress Mezzaluna,135,87,Event,B,Boss,Normal,2000000,500000,6,Light,False,True,,
619,Easter Event (all monster),0,87,Event,N,Normal,Normal,0,0,0,Neutral,False,True,,
618,Memecoleous,140,159,Dark Castle: Area 2,B,Boss,Ultimate,12900000,144000,0,Neutral,False,False,,
617,Memecoleous,120,159,Dark Castle: Area 2,B,Boss,Nightmare,6450000,72000,0,Neutral,False,False,,
616,Memecoleous,110,159,Dark Castle: Area 2,B,Boss,Hard,2580000,28800,0,Neutral,False,False,,
615,Memecoleous,90,159,Dark Castle: Area 2,B,Boss,Easy,129000,1440,0,Neutral,False,False,,
614,Imitacia,149,161,Dark Castle: Grand Hall,B,Boss,Ultimate,7200000,81500,1,Fire,False,False,,
613,Imitacia,129,161,Dark Castle: Grand Hall,B,Boss,Nightmare,3600000,40750,1,Fire,False,False,,
612,Imitacia,119,161,Dark Castle: Grand Hall,B,Boss,Hard,1440000,16300,1,Fire,False,False,,
611,Imitacia,99,161,Dark Castle: Grand Hall,B,Boss,Easy,72000,815,1,Fire,False,False,,
610,Imitacia,109,161,Dark Castle: Grand Hall,B,Boss,Normal,720000,8150,1,Fire,False,False,,
609,Manticore,96,160,Dark Castle: Area 3,N,Normal,Normal,-1,338,0,Neutral,True,False,,
608,Corroded Sentry Fighter,97,160,Dark Castle: Area 3,N,Normal,Normal,-1,730,5,Dark,False,False,,
607,Shadow Fly,94,160,Dark Castle: Area 3,N,Normal,Normal,-1,127,5,Dark,False,False,,
606,Corroded Sentry Knight,95,160,Dark Castle: Area 3,N,Normal,Normal,-1,205,5,Dark,False,False,,
605,Memecoleous,100,159,Dark Castle: Area 2,B,Boss,Normal,1290000,14400,0,Neutral,False,False,,
604,Corroded Sentry Knight,95,159,Dark Castle: Area 2,N,Normal,Normal,-1,205,5,Dark,False,False,,
603,Corroded Sentry Fighter,97,159,Dark Castle: Area 2,N,Normal,Normal,-1,730,5,Dark,False,False,,
602,Controlled Fighter,95,159,Dark Castle: Area 2,N,Normal,Normal,-1,93,5,Dark,False,False,,
601,Manticore,96,159,Dark Castle: Area 2,N,Normal,Normal,-1,338,0,Neutral,True,False,,
600,Shadow Fly,94,159,Dark Castle: Area 2,N,Normal,Normal,-1,127,5,Dark,False,False,,
599,Controlled Knight,93,159,Dark Castle: Area 2,N,Normal,Normal,-1,54,5,Dark,False,False,,
598,Manticore,96,158,Dark Castle: Area 1,N,Normal,Normal,-1,338,0,Neutral,True,False,,
597,Controlled Knight,93,158,Dark Castle: Area 1,N,Normal,Normal,-1,54,5,Dark,False,False,,
596,Shadow Fly,94,158,Dark Castle: Area 1,N,Normal,Normal,-1,127,5,Dark,False,False,,
595,Controlled Fighter,95,158,Dark Castle: Area 1,N,Normal,Normal,-1,93,5,Dark,False,False,,
594,Golden Coryn (2017),100,51,Yorl Highlands,M,Mini Boss,Normal,10000,20,0,Neutral,False,True,,
593,Golden Coryn (2017),100,70,Darkanon Plain,M,Mini Boss,Normal,10000,20,0,Neutral,False,True,,
592,Golden Coryn (2017),100,110,Wanderer's Plain,M,Mini Boss,Normal,10000,20,0,Neutral,False,True,,
591,Golden Coryn (2017),100,7,Rakau Plains,M,Mini Boss,Normal,10000,20,0,Neutral,False,True,,
590,Imitator,146,157,Plastida: Deepest Part,B,Boss,Ultimate,7800000,87000,1,Fire,False,False,,
589,Imitator,126,157,Plastida: Deepest Part,B,Boss,Nightmare,3900000,43500,1,Fire,False,False,,
588,Imitator,116,157,Plastida: Deepest Part,B,Boss,Hard,1560000,17400,1,Fire,False,False,,
587,Imitator,96,157,Plastida: Deepest Part,B,Boss,Easy,78000,870,1,Fire,False,False,,
586,Imitator,106,157,Plastida: Deepest Part,B,Boss,Normal,780000,8700,1,Fire,False,False,,
585,Blood Draining Jelly,81,156,Plastida: Area 2,N,Normal,Normal,-1,219,1,Fire,False,False,,
584,Wandering Life Form,82,156,Plastida: Area 2,N,Normal,Normal,-1,180,1,Fire,False,False,,
583,Flying Crystal,80,156,Plastida: Area 2,N,Normal,Normal,-1,115,5,Dark,False,False,,
582,Strange Tentacle,96,156,Plastida: Area 2,N,Normal,Normal,-1,94,5,Dark,False,False,,
581,Blood Draining Jelly,79,155,Plastida: Area 1,N,Normal,Normal,-1,213,1,Fire,False,False,,
580,Flying Crystal,78,155,Plastida: Area 1,N,Normal,Normal,-1,110,5,Dark,False,False,,
579,Strange Tentacle,96,155,Plastida: Area 1,N,Normal,Normal,-1,94,5,Dark,False,False,,
578,Wandering Life Form,80,155,Plastida: Area 1,N,Normal,Normal,-1,173,1,Fire,False,False,,
577,Evil Dark Book,92,154,Dark Manor: Area 2,N,Normal,Normal,-1,158,5,Dark,False,False,,
576,Corroded Brawler,93,154,Dark Manor: Area 2,N,Normal,Normal,-1,432,5,Dark,False,False,,
575,Corroded Shielder,91,154,Dark Manor: Area 2,N,Normal,Normal,-1,200,5,Dark,False,False,,
574,Evil Dark Book,90,154,Dark Manor: Area 2,N,Normal,Normal,-1,155,5,Dark,False,False,,
573,Corroded Knight Captain,128,153,Dark Manor: Area 1,M,Mini Boss,Normal,-1,8738,5,Dark,False,False,,
572,Evil Dark Book,92,153,Dark Manor: Area 1,N,Normal,Normal,-1,158,5,Dark,False,False,,
571,Corroded Brawler,93,153,Dark Manor: Area 1,N,Normal,Normal,-1,432,5,Dark,False,False,,
570,Corroded Shielder,91,153,Dark Manor: Area 1,N,Normal,Normal,-1,191,5,Dark,False,False,,
569,Cerabes (Hanami 2017),100,152,Hanami Venue: Summit,B,Boss,Normal,1000000,7350,5,Dark,False,True,,
568,Super Night Mushroom (Hanami 2017),100,152,Hanami Venue: Summit,B,Boss,Normal,1570000,3150,5,Dark,False,True,,
567,Marchitar (Hanami 2017),100,152,Hanami Venue: Summit,B,Boss,Normal,520000,3150,5,Dark,False,True,,
566,Viscum (Hanami 2017),100,152,Hanami Venue: Summit,B,Boss,Normal,780000,6300,5,Dark,False,True,,
565,Cerabes (Hanami 2017),80,152,Hanami Venue: Summit,B,Boss,Normal,430000,3600,5,Dark,False,True,,
564,Super Night Mushroom (Hanami 2017),80,152,Hanami Venue: Summit,B,Boss,Normal,640000,1500,5,Dark,False,True,,
563,Marchitar (Hanami 2017),80,152,Hanami Venue: Summit,B,Boss,Normal,215000,1500,5,Dark,False,True,,
562,Viscum (Hanami 2017),80,152,Hanami Venue: Summit,B,Boss,Normal,320000,2900,5,Dark,False,True,,
561,Cerabes (Hanami 2017),60,152,Hanami Venue: Summit,B,Boss,Normal,120000,1440,5,Dark,False,True,,
560,Super Night Mushroom (Hanami 2017),60,152,Hanami Venue: Summit,B,Boss,Normal,180000,480,5,Dark,False,True,,
559,Marchitar (Hanami 2017),60,152,Hanami Venue: Summit,B,Boss,Normal,59000,480,5,Dark,False,True,,
558,Viscum (Hanami 2017),60,152,Hanami Venue: Summit,B,Boss,Normal,89000,960,5,Dark,False,True,,
557,Kijimu (Hanami 2017),56,151,Hanami Mountain Path,N,Normal,Normal,-1,-1,6,Light,True,True,,
556,Raffy (Hanami 2017),54,151,Hanami Mountain Path,N,Normal,Normal,-1,-1,0,Neutral,True,True,,
555,Wooly (Hanami 2017),55,151,Hanami Mountain Path,N,Normal,Normal,-1,-1,0,Neutral,True,True,,
554,Bexiz,143,150,Cradle of Soldier: Deepest Part,B,Boss,Ultimate,6450000,76100,0,Neutral,False,False,,
553,Bexiz,123,150,Cradle of Soldier: Deepest Part,B,Boss,Nightmare,3325000,38050,0,Neutral,False,False,,
552,Bexiz,113,150,Cradle of Soldier: Deepest Part,B,Boss,Hard,1290000,15220,0,Neutral,False,False,,
551,Bexiz,93,150,Cradle of Soldier: Deepest Part,B,Boss,Easy,64500,761,0,Neutral,False,False,,
550,Bexiz,103,150,Cradle of Soldier: Deepest Part,B,Boss,Normal,645000,7610,0,Neutral,False,False,,
549,Moxiz,91,149,Cradle of Soldier: Inside,N,Normal,Normal,-1,174,0,Neutral,True,False,,
548,Pecora,90,149,Cradle of Soldier: Inside,N,Normal,Normal,-1,241,5,Dark,True,False,,
547,Corroded Fighter,88,149,Cradle of Soldier: Inside,N,Normal,Normal,-1,382,5,Dark,False,False,,
546,Flying Executioner,89,149,Cradle of Soldier: Inside,N,Normal,Normal,-1,202,5,Dark,False,False,,
545,Pecora,87,148,Cradle of Soldier: Entrance,N,Normal,Normal,-1,227,5,Dark,True,False,,
544,Pecora,90,148,Cradle of Soldier: Entrance,N,Normal,Normal,-1,241,5,Dark,True,False,,
543,Flying Executioner,89,148,Cradle of Soldier: Entrance,N,Normal,Normal,-1,202,5,Dark,False,False,,
542,Corroded Fighter,88,148,Cradle of Soldier: Entrance,N,Normal,Normal,-1,382,5,Dark,False,False,,
541,Corroded Knight,78,147,Trace of Dark River,N,Normal,Normal,-1,97,5,Dark,False,False,,
540,Lapin The Necromancer,124,147,Trace of Dark River,M,Mini Boss,Normal,-1,17222,0,Neutral,False,False,,
539,Infested Mushroom,76,147,Trace of Dark River,N,Normal,Normal,-1,124,5,Dark,False,False,,
538,Bunny Summoner,79,147,Trace of Dark River,N,Normal,Normal,-1,71,0,Neutral,True,False,,
537,Ogler,75,147,Trace of Dark River,N,Normal,Normal,-1,86,5,Dark,True,False,,
536,Raffy,5,22,Rugio Ruins,N,Normal,Normal,100,3,0,Neutral,True,False,,
535,Raffy,3,22,Rugio Ruins,N,Normal,Normal,85,2,0,Neutral,True,False,,
534,Candela (Mint),100,45,Douce Hamlet,B,Boss,Normal,1200000,19200,6,Light,False,True,,
533,Candela (Lemon),70,45,Douce Hamlet,B,Boss,Normal,325000,7200,3,Wind,False,True,,
532,Candela (Melon),40,45,Douce Hamlet,B,Boss,Normal,54000,4300,2,Water,False,True,,
531,Aranea,100,146,Garden of Sublimation: Central Part,B,Boss,Normal,380000,4400,4,Earth,False,False,,
530,Corroded Fighter,88,145,Garden of Sublimation: Area 3,N,Normal,Normal,17000,382,5,Dark,False,False,,
529,Corroded Knight,86,145,Garden of Sublimation: Area 3,N,Normal,Normal,10000,224,5,Dark,False,False,,
528,Aramia,87,145,Garden of Sublimation: Area 3,N,Normal,Normal,11000,259,4,Earth,False,False,,
527,Kodama,88,145,Garden of Sublimation: Area 3,N,Normal,Normal,8500,183,4,Earth,True,False,,
526,Kodama,85,144,Garden of Sublimation: Area 2,N,Normal,Normal,7500,174,4,Earth,True,False,,
525,Aramia,87,144,Garden of Sublimation: Area 2,N,Normal,Normal,11000,259,4,Earth,False,False,,
524,Shiny Roar,86,144,Garden of Sublimation: Area 2,N,Normal,Normal,6500,160,6,Light,False,False,,
523,Corroded Knight,86,143,Garden of Sublimation: Area 1,N,Normal,Normal,10000,224,5,Dark,False,False,,
522,Shiny Roar,86,143,Garden of Sublimation: Area 1,N,Normal,Normal,6500,160,6,Light,False,False,,
521,Kodama,85,143,Garden of Sublimation: Area 1,N,Normal,Normal,7500,174,4,Earth,True,False,,
520,Corroded Fighter,84,143,Garden of Sublimation: Area 1,N,Normal,Normal,15000,354,5,Dark,False,False,,
519,Zolban,98,142,Dark Mirror,B,Boss,Normal,244000,3900,3,Wind,False,False,,
518,Heat Pufferfish,72,142,Dark Mirror,N,Normal,Normal,2500,62,1,Fire,True,False,,
517,Corroded Fighter,74,142,Dark Mirror,N,Normal,Normal,6000,147,5,Dark,False,False,,
516,Sunion,73,142,Dark Mirror,N,Normal,Normal,4000,101,1,Fire,True,False,,
515,Chocolate Ooze (Dark) (Valentine 2017),90,16,Underground Channel,B,Boss,Normal,-1,-1,2,Water,False,True,,
514,Chocolate Ooze (Bitter) (Valentine 2017),60,16,Underground Channel,B,Boss,Normal,-1,-1,2,Water,False,True,,
513,Chocolate Ooze (Sweet) (Valentine 2017),30,16,Underground Channel,B,Boss,Normal,-1,-1,2,Water,False,True,,
512,Grand Pojo,10,87,Event,B,Boss,Normal,-1,-1,3,Wind,False,True,,
511,Cerberus,97,141,Spring of Rebirth: Top,B,Boss,Normal,800000,9220,2,Water,False,False,,
510,Corroded Fighter,85,140,Spring of Rebirth: Upper,N,Normal,Normal,16000,363,5,Dark,False,False,,
509,Corroded Knight,84,140,Spring of Rebirth: Upper,N,Normal,Normal,10000,216,5,Dark,False,False,,
508,Jewel Eye,84,140,Spring of Rebirth: Upper,N,Normal,Normal,7000,169,0,Neutral,True,False,,
507,Corroded Fighter,81,139,Spring of Rebirth: Middle,N,Normal,Normal,14000,336,5,Dark,False,False,,
506,Corroded Knight,82,139,Spring of Rebirth: Middle,N,Normal,Normal,9000,210,5,Dark,False,False,,
505,Jewel Eye,84,139,Spring of Rebirth: Middle,N,Normal,Normal,7000,169,0,Neutral,True,False,,
504,Finpen,83,139,Spring of Rebirth: Middle,N,Normal,Normal,14000,319,2,Water,True,False,,
503,Finpen,83,138,Spring of Rebirth: Lower,N,Normal,Normal,14000,319,2,Water,True,False,,
502,Corroded Fighter,81,138,Spring of Rebirth: Lower,N,Normal,Normal,14000,336,5,Dark,False,False,,
501,Nightmare Potum,120,137,Garden of Beginning,M,Mini Boss,Normal,1500000,15800,5,Dark,False,False,,
500,Ghost Potum,70,137,Garden of Beginning,N,Normal,Normal,2500,66,5,Dark,True,False,,
499,Fida,0,137,Garden of Beginning,C,NPC,Normal,0,0,0,Neutral,False,False,,
498,Corroded Fighter,70,136,Dark Wasteland,N,Normal,Normal,5500,138,5,Dark,False,False,,
497,Corroded Fighter,73,136,Dark Wasteland,N,Normal,Normal,6500,145,5,Dark,False,False,,
496,Corroded Knight,72,136,Dark Wasteland,N,Normal,Normal,3500,87,5,Dark,False,False,,
495,Paratized Dog,69,136,Dark Wasteland,N,Normal,Normal,4500,104,5,Dark,True,False,,
494,Moonlight Potum,100,87,Event,B,Boss,Normal,-1,-1,5,Dark,False,True,,
493,Ghost Potum,100,87,Event,B,Boss,Normal,-1,-1,5,Dark,False,True,,
492,Soda Potum,100,87,Event,B,Boss,Normal,-1,-1,2,Water,False,True,,
491,Miracle Potum,100,87,Event,B,Boss,Normal,-1,-1,0,Neutral,False,True,,
490,King Potum,100,87,Event,B,Boss,Normal,-1,-1,0,Neutral,False,True,,
489,Sunlight Potum,100,87,Event,B,Boss,Normal,-1,-1,6,Light,False,True,,
488,Golden Potum (5M DL),100,87,Event,B,Boss,Normal,50,-1,6,Light,False,True,,
487,Golden Potum (5M DL),100,110,Wanderer's Plain,M,Mini Boss,Normal,30,100,6,Light,False,True,,
486,Golden Potum (5M DL),100,70,Darkanon Plain,M,Mini Boss,Normal,30,100,6,Light,False,True,,
485,Golden Potum (5M DL),100,51,Yorl Highlands,M,Mini Boss,Normal,30,100,6,Light,False,True,,
484,Golden Potum (5M DL),100,7,Rakau Plains,M,Mini Boss,Normal,30,100,6,Light,False,True,,
483,Zega (Megiston 2016),120,87,Event,B,Boss,Normal,800000,28000,2,Water,False,True,,
482,Ancient Empress Mezzaluna (Megiston 2016),110,87,Event,B,Boss,Normal,500000,19500,6,Light,False,True,,
481,Ooze (Megiston 2016),100,87,Event,B,Boss,Normal,35000,12600,2,Water,False,True,,
480,Brutal Dragon Decel (Megiston 2016),90,87,Event,B,Boss,Normal,210000,7000,1,Fire,False,True,,
479,Boss Goblin (Megiston 2016),80,87,Event,B,Boss,Normal,54000,1500,1,Fire,False,True,,
478,B.B. Goblin (Megiston 2016),80,87,Event,B,Boss,Normal,-1,-1,1,Fire,False,True,,
477,Twilight Dragon,100,135,Fort Solfini: Roof,B,Boss,Normal,695000,8000,0,Neutral,False,False,,
476,Inzanio the Dark Knight (Xmas Event 2016),94,135,Fort Solfini: Roof,B,Boss,Normal,489000,5500,2,Water,False,True,,
475,Pawn,82,134,Fort Solfini: Inside,N,Normal,Normal,7000,165,5,Dark,False,False,,
474,Goblin,80,134,Fort Solfini: Inside,N,Normal,Normal,5500,144,4,Earth,False,False,,
473,Skeleton,81,134,Fort Solfini: Inside,N,Normal,Normal,6000,161,5,Dark,True,False,,
472,Pawn,82,133,Fort Solfini: Outside,N,Normal,Normal,7000,165,5,Dark,False,False,,
471,Goblin,80,133,Fort Solfini: Outside,N,Normal,Normal,5500,144,4,Earth,False,False,,
470,Frosti,79,133,Fort Solfini: Outside,N,Normal,Normal,11500,256,2,Water,False,False,,
469,Pawn,78,132,Fort Solfini: Wall,N,Normal,Normal,6500,152,5,Dark,False,False,,
468,Skeleton,81,132,Fort Solfini: Wall,N,Normal,Normal,6000,161,5,Dark,True,False,,
467,Frosti,79,132,Fort Solfini: Wall,N,Normal,Normal,11500,256,2,Water,False,False,,
466,Goblin,80,132,Fort Solfini: Wall,N,Normal,Normal,5500,144,4,Earth,False,False,,
465,Don Yeti,103,131,Polde Ice Valley,M,Mini Boss,Normal,-1,9482,4,Earth,False,False,,
464,Little Snow Boar,69,131,Polde Ice Valley,N,Normal,Normal,-1,58,4,Earth,False,False,,
463,Yeti,66,131,Polde Ice Valley,N,Normal,Normal,-1,121,4,Earth,True,False,,
462,Milk Potum,67,131,Polde Ice Valley,N,Normal,Normal,-1,56,0,Neutral,True,False,,
461,Yeti,70,131,Polde Ice Valley,N,Normal,Normal,-1,132,4,Earth,True,False,,
460,Rabby,68,131,Polde Ice Valley,N,Normal,Normal,-1,34,2,Water,True,False,,
459,Orange Jelly,72,118,Magic Waste Site: Area 2,N,Normal,Normal,-1,149,1,Fire,False,False,,
458,Noir Nemico,76,128,Lunagent Mountain: Area 2,N,Normal,Normal,-1,107,5,Dark,False,False,,
457,Noir Nemico,76,129,Lunagent Mountain: Area 3,N,Normal,Normal,-1,107,5,Dark,False,False,,
456,Elder&Servant,0,126,Calle mort,C,NPC,Normal,0,0,0,Neutral,False,False,,
455,Black-Clothed,0,126,Calle mort,C,NPC,Normal,0,0,0,Neutral,False,False,,
454,Black-Clothed,0,126,Calle mort,C,NPC,Normal,0,0,0,Neutral,False,False,,
453,Evil Crystal Beast,91,130,Lunagent Mountain: Deepest Area,B,Boss,Normal,530000,6300,5,Dark,False,False,,
452,Hangged Mummy,78,129,Lunagent Mountain: Area 3,N,Normal,Normal,-1,248,5,Dark,False,False,,
451,Phobos,77,129,Lunagent Mountain: Area 3,N,Normal,Normal,-1,136,5,Dark,False,False,,
450,Soul Reaper,75,129,Lunagent Mountain: Area 3,N,Normal,Normal,-1,145,5,Dark,False,False,,
449,Hangged Mummy,78,128,Lunagent Mountain: Area 2,N,Normal,Normal,-1,248,5,Dark,False,False,,
448,Phobos,77,128,Lunagent Mountain: Area 2,N,Normal,Normal,-1,136,5,Dark,False,False,,
447,Noir Nemico,76,127,Lunagent Mountain: Area 1,N,Normal,Normal,-1,107,5,Dark,False,False,,
446,Soul Reaper,75,127,Lunagent Mountain: Area 1,N,Normal,Normal,-1,145,5,Dark,False,False,,
445,Phobos,77,127,Lunagent Mountain: Area 1,N,Normal,Normal,-1,136,5,Dark,False,False,,
444,Phobos,65,126,Calle mort,N,Normal,Normal,-1,54,5,Dark,False,False,,
443,Ghost Potum,66,126,Calle mort,N,Normal,Normal,-1,61,5,Dark,True,False,,
442,Chandler,67,126,Calle mort,N,Normal,Normal,-1,62,5,Dark,True,False,,
441,Grylle,90,110,Wanderer's Plain,M,Mini Boss,Normal,150000,1720,5,Dark,False,False,,
439,Black Knight of Delusion,88,125,Abyss of No Return: Deepest Area,B,Boss,Normal,540000,6600,5,Dark,False,False,,
438,Granny,88,124,Abyss of No Return: Area 3,M,Mini Boss,Normal,-1,3818,4,Earth,False,False,,
437,Gramp,79,124,Abyss of No Return: Area 3,N,Normal,Normal,-1,178,4,Earth,True,False,,
436,Shell Kraken,77,124,Abyss of No Return: Area 3,N,Normal,Normal,-1,190,2,Water,False,False,,
435,Shell Mask,76,124,Abyss of No Return: Area 3,N,Normal,Normal,-1,134,4,Earth,True,False,,
434,Targa,78,124,Abyss of No Return: Area 3,N,Normal,Normal,-1,331,2,Water,False,False,,
433,Shell Kraken,76,123,Abyss of No Return: Area 2,N,Normal,Normal,-1,189,2,Water,False,False,,
432,Shell Mask,75,123,Abyss of No Return: Area 2,N,Normal,Normal,-1,132,4,Earth,True,False,,
431,Targa,77,123,Abyss of No Return: Area 2,N,Normal,Normal,-1,326,2,Water,False,False,,
430,Shell Kraken,74,122,Abyss of No Return: Area 1,N,Normal,Normal,-1,179,2,Water,False,False,,
429,Shell Mask,73,122,Abyss of No Return: Area 1,N,Normal,Normal,-1,126,4,Earth,True,False,,
428,Targa,72,122,Abyss of No Return: Area 1,N,Normal,Normal,-1,298,2,Water,False,False,,
427,Ropple,61,121,Dunkel Valley,N,Normal,Normal,-1,88,4,Earth,False,False,,
426,Fimera,60,121,Dunkel Valley,N,Normal,Normal,-1,38,3,Wind,False,False,,
425,Koza,63,121,Dunkel Valley,N,Normal,Normal,-1,71,4,Earth,False,False,,
424,Persimmon Coryn,100,110,Wanderer's Plain,M,Mini Boss,Normal,-1,-1,6,Light,False,True,,
423,Persimmon Coryn,75,70,Darkanon Plain,M,Mini Boss,Normal,-1,-1,6,Light,False,True,,
422,Persimmon Coryn,50,51,Yorl Highlands,M,Mini Boss,Normal,-1,-1,6,Light,False,True,,
421,Persimmon Coryn,25,7,Rakau Plains,M,Mini Boss,Normal,-1,-1,6,Light,False,True,,
420,Jelfy,70,116,Teaus Hill: Marshland,N,Normal,Normal,-1,60,2,Water,True,False,,
419,Serpain,69,116,Teaus Hill: Marshland,N,Normal,Normal,-1,99,4,Earth,False,False,,
418,Verdesch,68,116,Teaus Hill: Marshland,N,Normal,Normal,-1,68,2,Water,True,False,,
417,Jelfy,67,116,Teaus Hill: Marshland,N,Normal,Normal,-1,56,2,Water,True,False,,
416,Scrader,85,120,Magic Waste Site: Deepest Part,B,Boss,Normal,660000,7900,5,Dark,False,False,,
415,Duston,73,119,Magic Waste Site: Area 3,N,Normal,Normal,-1,290,5,Dark,False,False,,
414,Orange Jelly,72,119,Magic Waste Site: Area 3,N,Normal,Normal,-1,149,1,Fire,False,False,,
413,Cursed Clock,71,119,Magic Waste Site: Area 3,N,Normal,Normal,-1,232,5,Dark,False,False,,
412,Duston,72,118,Magic Waste Site: Area 2,N,Normal,Normal,-1,285,5,Dark,False,False,,
411,Murin,70,118,Magic Waste Site: Area 2,N,Normal,Normal,-1,120,5,Dark,False,False,,
410,Helmcoon,71,118,Magic Waste Site: Area 2,N,Normal,Normal,-1,171,1,Fire,False,False,,
409,Cursed Clock,71,118,Magic Waste Site: Area 2,N,Normal,Normal,-1,232,5,Dark,False,False,,
408,Orange Jelly,69,117,Magic Waste Site: Area 1,N,Normal,Normal,-1,139,1,Fire,False,False,,
407,Helmcoon,71,117,Magic Waste Site: Area 1,N,Normal,Normal,-1,171,1,Fire,False,False,,
406,Murin,70,117,Magic Waste Site: Area 1,N,Normal,Normal,-1,120,5,Dark,False,False,,
405,Jelfy,67,115,Teaus Hill,N,Normal,Normal,-1,56,2,Water,True,False,,
404,Jelfy,69,115,Teaus Hill,N,Normal,Normal,-1,58,2,Water,True,False,,
403,Serpain,66,115,Teaus Hill,N,Normal,Normal,-1,94,4,Earth,False,False,,
402,Kinote,68,115,Teaus Hill,N,Normal,Normal,-1,57,5,Dark,True,False,,
401,Consignment Board,0,111,El Scaro,C,NPC,Normal,0,0,0,Neutral,False,False,,
400,Consignment Board,0,1,Sofya City,C,NPC,Normal,0,0,0,Neutral,False,False,,
399,Synthesist: Minette,0,113,El Scaro: Synthesist,C,NPC,Normal,0,0,0,Neutral,False,False,,
398,Filecia,0,111,El Scaro,C,NPC,Normal,0,0,0,Neutral,False,False,,
397,Sentry,0,114,El Scaro: Temp Place,C,NPC,Normal,0,0,0,Neutral,False,False,,
396,Sentry,0,114,El Scaro: Temp Place,C,NPC,Normal,0,0,0,Neutral,False,False,,
395,King Elbano,0,114,El Scaro: Temp Place,C,NPC,Normal,0,0,0,Neutral,False,False,,
394,Rina,0,111,El Scaro,C,NPC,Normal,0,0,0,Neutral,False,False,,
393,Ravagne,0,111,El Scaro,C,NPC,Normal,0,0,0,Neutral,False,False,,
392,Juan,0,111,El Scaro,C,NPC,Normal,0,0,0,Neutral,False,False,,
391,Potolo,0,111,El Scaro,C,NPC,Normal,0,0,0,Neutral,False,False,,
390,General Store: Mutoto,0,111,El Scaro,C,NPC,Normal,0,0,0,Neutral,False,False,,
389,Blacksmith: Refalta,0,112,El Scaro: Blacksmith,C,NPC,Normal,0,0,0,Neutral,False,False,,
388,Kurgon,0,111,El Scaro,C,NPC,Normal,0,0,0,Neutral,False,False,,
387,Novice Sentry,0,111,El Scaro,C,NPC,Normal,0,0,0,Neutral,False,False,,
386,Zega,100,87,Event,B,Boss,Normal,-1,-1,2,Water,False,True,,
385,Murdosche,68,106,Akaku Desert: Area 2,N,Normal,Normal,-1,125,4,Earth,False,False,,
384,Kiliznar,66,105,Akaku Desert: Area 1,N,Normal,Normal,-1,253,4,Earth,True,False,,
383,Coryn,54,110,Wanderer's Plain,N,Normal,Normal,-1,42,6,Light,True,False,,
382,Tulin,55,110,Wanderer's Plain,N,Normal,Normal,-1,47,4,Earth,True,False,,
381,Greg,58,110,Wanderer's Plain,N,Normal,Normal,-1,110,0,Neutral,True,False,,
380,Goovua,82,107,Akaku Desert: Hill,B,Boss,Normal,400000,5000,0,Neutral,False,False,,
379,Kiliznar,70,106,Akaku Desert: Area 2,N,Normal,Normal,-1,276,4,Earth,True,False,,
378,Sand Anglerfish,67,106,Akaku Desert: Area 2,N,Normal,Normal,-1,158,1,Fire,True,False,,
377,Metal Stinger,82,106,Akaku Desert: Area 2,M,Mini Boss,Normal,-1,4050,4,Earth,False,False,,
376,Scalar Roar,69,106,Akaku Desert: Area 2,N,Normal,Normal,-1,81,4,Earth,False,False,,
375,Metal Stinger,82,105,Akaku Desert: Area 1,M,Mini Boss,Normal,-1,4050,4,Earth,False,False,,
374,Sand Anglerfish,67,105,Akaku Desert: Area 1,N,Normal,Normal,-1,158,1,Fire,True,False,,
373,Murdosche,68,105,Akaku Desert: Area 1,N,Normal,Normal,-1,125,4,Earth,False,False,,
372,Scalar Roar,69,105,Akaku Desert: Area 1,N,Normal,Normal,-1,81,4,Earth,False,False,,
371,Outer World Soldier,75,87,Event,B,Boss,Normal,-1,2700,6,Light,False,True,,
370,Faithful Guardian,75,87,Event,B,Boss,Normal,-1,-1,1,Fire,False,True,,
369,False God,75,87,Event,B,Boss,Normal,-1,2700,4,Earth,False,True,,
368,Priest Warmonger,50,87,Event,B,Boss,Normal,-1,1200,6,Light,False,True,,
367,Warrior Minotaur,50,87,Event,B,Boss,Normal,-1,1200,4,Earth,False,True,,
366,Fighter Mochelo,50,87,Event,B,Boss,Normal,-1,1200,3,Wind,False,True,,
365,Festival Golem Type C,25,87,Event,B,Boss,Normal,-1,320,3,Wind,False,True,,
364,Festival Golem Type B,25,87,Event,B,Boss,Normal,-1,320,2,Water,False,True,,
363,Festival Golem Type A,25,87,Event,B,Boss,Normal,-1,320,1,Fire,False,True,,
362,Sunlight Potum,100,87,Event,B,Boss,Normal,-1,-1,6,Light,False,True,,
361,Jade Raptor,79,104,Gravel Terrace,B,Boss,Normal,620000,8400,3,Wind,False,False,,
360,Rock Stinger,66,104,Gravel Terrace,N,Normal,Normal,-1,385,4,Earth,False,False,,
359,Mewte,67,104,Gravel Terrace,N,Normal,Normal,-1,202,4,Earth,True,False,,
358,Mewte,63,104,Gravel Terrace,N,Normal,Normal,-1,184,4,Earth,True,False,,
357,Miragela,65,104,Gravel Terrace,N,Normal,Normal,-1,189,6,Light,True,False,,
356,Miragela,64,104,Gravel Terrace,N,Normal,Normal,-1,182,6,Light,True,False,,
355,Flying Egg,54,103,Maia Diela,N,Normal,Normal,-1,38,3,Wind,True,False,,
354,Rodentail,55,103,Maia Diela,N,Normal,Normal,-1,43,0,Neutral,True,False,,
353,Rodentail,52,103,Maia Diela,N,Normal,Normal,-1,40,0,Neutral,True,False,,
352,Flying Egg,51,103,Maia Diela,N,Normal,Normal,-1,36,3,Wind,True,False,,
351,Ghilly,53,103,Maia Diela,N,Normal,Normal,-1,54,4,Earth,False,False,,
350,Nurethoth,76,102,Gate to Another World: Front,B,Boss,Normal,500000,5360,5,Dark,False,False,,
349,Outer World Wolf,70,101,Gate to Another World: Area 2,M,Mini Boss,Normal,-1,4800,6,Light,False,False,,
348,Outer World Wolf,70,100,Gate to Another World: Area 1,M,Mini Boss,Normal,-1,4800,6,Light,False,False,,
347,Planet Head (Purple),63,101,Gate to Another World: Area 2,N,Normal,Normal,10000,296,6,Light,True,False,,
346,Planet Head (Purple),63,100,Gate to Another World: Area 1,N,Normal,Normal,10000,296,6,Light,True,False,,
345,Planet Head (Green),64,101,Gate to Another World: Area 2,N,Normal,Normal,4200,83,6,Light,True,False,,
344,Planet Head (Green),62,100,Gate to Another World: Area 1,N,Normal,Normal,4200,80,6,Light,True,False,,
343,Glow Ray,62,101,Gate to Another World: Area 2,N,Normal,Normal,5600,125,2,Water,True,False,,
342,Glow Ray,61,101,Gate to Another World: Area 2,N,Normal,Normal,5600,123,2,Water,True,False,,
341,Glow Ray,60,100,Gate to Another World: Area 1,N,Normal,Normal,5600,120,2,Water,True,False,,
340,Astron,52,99,Road to Another World: Area 2,N,Normal,Normal,10000,340,5,Dark,False,False,,
339,Astron,50,99,Road to Another World: Area 2,N,Normal,Normal,10000,323,5,Dark,False,False,,
338,Astron,51,98,Road to Another World: Area 1,N,Normal,Normal,10000,332,5,Dark,False,False,,
337,Astron,50,98,Road to Another World: Area 1,N,Normal,Normal,10000,323,5,Dark,False,False,,
336,Kijimu,51,99,Road to Another World: Area 2,N,Normal,Normal,3400,101,2,Water,True,False,,
335,Kijimu,50,98,Road to Another World: Area 1,N,Normal,Normal,3400,99,2,Water,True,False,,
334,White Jelly,49,99,Road to Another World: Area 2,N,Normal,Normal,4350,133,2,Water,False,False,,
333,White Jelly,48,98,Road to Another World: Area 1,N,Normal,Normal,4350,130,2,Water,False,False,,
332,Death Colon,84,97,Vyshed the Tainted Land: Area 2,M,Mini Boss,Normal,-1,4620,5,Dark,False,False,,
331,Golden Coryn (2016),100,70,Darkanon Plain,M,Mini Boss,Normal,10000,20,0,Neutral,False,True,,
330,Golden Coryn (2016),100,51,Yorl Highlands,M,Mini Boss,Normal,10000,20,0,Neutral,False,True,,
329,Golden Coryn (2016),100,7,Rakau Plains,M,Mini Boss,Normal,10000,20,0,Neutral,False,True,,
328,Glasch,47,94,Fabizo Boundary,N,Normal,Normal,2500,70,2,Water,True,False,,
327,Moss Mushroom,60,97,Vyshed the Tainted Land: Area 2,N,Normal,Normal,8000,221,4,Earth,False,False,,
326,Abyss Eye,58,97,Vyshed the Tainted Land: Area 2,N,Normal,Normal,6000,166,5,Dark,False,False,,
325,Colon Zombie,59,97,Vyshed the Tainted Land: Area 2,N,Normal,Normal,3850,94,5,Dark,False,False,,
324,Colon Zombie,59,95,Vyshed the Tainted Land: Area 1,N,Normal,Normal,3850,94,5,Dark,False,False,,
323,Grass Dragon Yelb,73,96,Albatif Village,B,Boss,Normal,439190,5040,4,Earth,False,False,,
322,Moss Mushroom,60,95,Vyshed the Tainted Land: Area 1,N,Normal,Normal,8000,221,4,Earth,False,False,,
321,Abyss Eye,61,97,Vyshed the Tainted Land: Area 2,N,Normal,Normal,6000,176,5,Dark,False,False,,
320,Abyss Eye,58,95,Vyshed the Tainted Land: Area 1,N,Normal,Normal,6000,166,5,Dark,False,False,,
319,Colon Zombie,57,95,Vyshed the Tainted Land: Area 1,N,Normal,Normal,3500,90,5,Dark,False,False,,
318,Glasch,46,94,Fabizo Boundary,N,Normal,Normal,2500,68,2,Water,True,False,,
317,Larmo,45,94,Fabizo Boundary,N,Normal,Normal,1550,33,4,Earth,True,False,,
316,Basalt,49,94,Fabizo Boundary,N,Normal,Normal,5600,178,4,Earth,False,False,,
315,Viscum (Hanami 2016),30,87,Event,B,Boss,Normal,-1,-1,5,Dark,False,True,,
314,Consumable,0,86,Daily Stamp,O,Orb Shop,Normal,0,0,0,Neutral,False,False,,
313,Shining Gentleman,82,91,Lost Town: Square,M,Mini Boss,Normal,-1,6000,6,Light,False,False,,
312,Pillar Golem,70,92,Lost Town: Magic Barrier,B,Boss,Normal,324000,3600,4,Earth,False,False,,
311,Parasitized Dog,57,92,Lost Town: Magic Barrier,N,Normal,Normal,6200,162,5,Dark,True,False,,
310,Parasitized Dog,58,91,Lost Town: Square,N,Normal,Normal,6200,166,5,Dark,True,False,,
309,Wandering Shadow,56,91,Lost Town: Square,N,Normal,Normal,1450,88,5,Dark,True,False,,
308,Parasitized Dog,57,91,Lost Town: Square,N,Normal,Normal,6000,162,5,Dark,True,False,,
307,Death Hound,55,90,Lost Town,N,Normal,Normal,2800,86,5,Dark,True,False,,
306,Death Hound,54,90,Lost Town,N,Normal,Normal,2800,84,5,Dark,True,False,,
305,Wandering Shadow,56,90,Lost Town,N,Normal,Normal,1450,88,5,Dark,True,False,,
304,Death Zombeast,45,89,Ethos Fortress,N,Normal,Normal,3000,86,5,Dark,False,False,,
303,Gob Roga,46,89,Ethos Fortress,N,Normal,Normal,2300,82,0,Neutral,True,False,,
302,Flying Quartz,44,89,Ethos Fortress,N,Normal,Normal,1400,42,2,Water,True,False,,
301,Death Zombeast,42,89,Ethos Fortress,N,Normal,Normal,2900,78,5,Dark,False,False,,
300,Gob Roga,43,89,Ethos Fortress,N,Normal,Normal,2250,75,0,Neutral,True,False,,
299,Suedor Cliff Relic Box,0,31,Suedor Cliff,C,NPC,Normal,0,0,0,Neutral,False,False,,
298,Strum Road Relic Box,0,23,Strum Road,C,NPC,Normal,0,0,0,Neutral,False,False,,
297,Dedel,0,22,Rugio Ruins,C,NPC,Normal,0,0,0,Neutral,False,False,,
296,Moralo,0,22,Rugio Ruins,C,NPC,Normal,0,0,0,Neutral,False,False,,
295,Healing,0,86,Daily Stamp,O,Orb Shop,Normal,0,0,0,Neutral,False,False,,
294,Silver Treasure Box,0,86,Daily Stamp,O,Orb Shop,Normal,0,0,0,Neutral,False,False,,
293,Copper Treasure Box,0,86,Daily Stamp,O,Orb Shop,Normal,0,0,0,Neutral,False,False,,
292,Gold Treasure Box,0,86,Daily Stamp,O,Orb Shop,Normal,0,0,0,Neutral,False,False,,
291,Material Points,0,86,Daily Stamp,O,Orb Shop,Normal,0,0,0,Neutral,False,False,,
290,Handy,0,86,Daily Stamp,O,Orb Shop,Normal,0,0,0,Neutral,False,False,,
289,Alchemy Skill,0,88,-,P,Player,Normal,0,0,0,Neutral,False,False,,
288,Smith Skill,0,88,-,P,Player,Normal,0,0,0,Neutral,False,False,,
287,Silver Coryn (2015),100,87,Event,M,Mini Boss,Normal,-1,-1,6,Light,False,True,,
286,Golden Potum (3M DL),100,87,Event,M,Mini Boss,Normal,30,100,6,Light,False,True,,
285,B.B. Goblin,70,32,Rinom Plains,B,Boss,Normal,24331,2400,1,Fire,False,False,,
284,Floral Bee,41,80,Figo's Manor,N,Normal,Normal,-1,26,3,Wind,True,False,,
283,Crow Destroyer,43,80,Figo's Manor,N,Normal,Normal,-1,43,1,Fire,True,False,,
282,Maple Fox,42,80,Figo's Manor,N,Normal,Normal,-1,30,1,Fire,True,False,,
281,Maple Fox,39,80,Figo's Manor,N,Normal,Normal,-1,27,1,Fire,True,False,,
280,Floral Bee,40,80,Figo's Manor,N,Normal,Normal,-1,25,3,Wind,True,False,,
279,Violacoon,80,70,Darkanon Plain,M,Mini Boss,Normal,450000,5472,4,Earth,False,False,,
278,Masked Warrior,67,84,Land Under Cultivation: Hill,B,Boss,Normal,276000,4300,1,Fire,False,False,,
277,Owl,54,83,Land Under Cultivation: Area 3,N,Normal,Normal,-1,84,3,Wind,True,False,,
276,Lime Potum,53,83,Land Under Cultivation: Area 3,N,Normal,Normal,-1,82,0,Neutral,True,False,,
275,Lime Potum,54,82,Land Under Cultivation: Area 2,N,Normal,Normal,-1,84,0,Neutral,True,False,,
274,Pojo,53,82,Land Under Cultivation: Area 2,N,Normal,Normal,-1,115,3,Wind,True,False,,
273,Green Boar,52,82,Land Under Cultivation: Area 2,N,Normal,Normal,-1,88,4,Earth,True,False,,
272,Owl,53,81,Land Under Cultivation: Area 1,N,Normal,Normal,-1,82,3,Wind,True,False,,
271,Green Boar,52,81,Land Under Cultivation: Area 1,N,Normal,Normal,-1,88,4,Earth,True,False,,
270,Pojo,51,81,Land Under Cultivation: Area 1,N,Normal,Normal,-1,109,3,Wind,True,False,,
269,Avatar Recycling,0,85,Orb Shop,O,Orb Shop,Normal,0,0,0,Neutral,False,False,,
268,Orb Items,0,85,Orb Shop,O,Orb Shop,Normal,0,0,0,Neutral,False,False,,
267,Item Chests,0,85,Orb Shop,O,Orb Shop,Normal,0,0,0,Neutral,False,False,,
266,Avatar Chests,0,85,Orb Shop,O,Orb Shop,Normal,0,0,0,Neutral,False,False,,
265,Nelfon,0,80,Figo's Manor,C,NPC,Normal,0,0,0,Neutral,False,False,,
264,Figo,0,80,Figo's Manor,C,NPC,Normal,0,0,0,Neutral,False,False,,
263,Delma,0,71,Harde Hill,C,NPC,Normal,0,0,0,Neutral,False,False,,
262,Sofyan Sentry,0,1,Sofya City,C,NPC,Normal,0,0,0,Neutral,False,False,,
261,Pino,0,79,Sofya City: Government Office,C,NPC,Normal,0,0,0,Neutral,False,False,,
260,Lefina,0,1,Sofya City,C,NPC,Normal,0,0,0,Neutral,False,False,,
259,Forf,0,1,Sofya City,C,NPC,Normal,0,0,0,Neutral,False,False,,
258,Zono,0,1,Sofya City,C,NPC,Normal,0,0,0,Neutral,False,False,,
257,Resistle Merchant,0,1,Sofya City,C,NPC,Normal,0,0,0,Neutral,False,False,,
256,Frente,0,1,Sofya City,C,NPC,Normal,0,0,0,Neutral,False,False,,
255,General Store: Sololo,0,1,Sofya City,C,NPC,Normal,0,0,0,Neutral,False,False,,
254,Crow Scarer,0,1,Sofya City,C,NPC,Normal,0,0,0,Neutral,False,False,,
253,Yunis,0,1,Sofya City,C,NPC,Normal,0,0,0,Neutral,False,False,,
252,Bookworm Sentry,0,78,Sofya City: Library,C,NPC,Normal,0,0,0,Neutral,False,False,,
251,Adventurer,0,78,Sofya City: Library,C,NPC,Normal,0,0,0,Neutral,False,False,,
250,Library: Lilulu,0,78,Sofya City: Library,C,NPC,Normal,0,0,0,Neutral,False,False,,
249,Synthesist: Mubia,0,77,Sofya City: Synthesist,C,NPC,Normal,0,0,0,Neutral,False,False,,
248,Resting Sentry,0,76,Sofya City: Blacksmith,C,NPC,Normal,0,0,0,Neutral,False,False,,
247,Blacksmith : Zaldo,0,76,Sofya City: Blacksmith,C,NPC,Normal,0,0,0,Neutral,False,False,,
246,Ancient Empress Mezzaluna,64,75,Ancient Empress Tomb: Deepest Part,B,Boss,Normal,130000,3120,6,Light,False,False,,
245,Caspy,77,73,Ancient Empress Tomb: Area 2,M,Mini Boss,Normal,-1,2720,5,Dark,False,False,,
244,Nightmare Roar,49,74,Ancient Empress Tomb: Area 3,N,Normal,Normal,-1,74,5,Dark,False,False,,
243,Cassy,47,74,Ancient Empress Tomb: Area 3,N,Normal,Normal,-1,70,5,Dark,False,False,,
242,Bone Dragonewt,48,74,Ancient Empress Tomb: Area 3,N,Normal,Normal,-1,172,5,Dark,True,False,,
241,Cassy,48,73,Ancient Empress Tomb: Area 2,N,Normal,Normal,-1,72,5,Dark,True,False,,
240,Cassy,47,73,Ancient Empress Tomb: Area 2,N,Normal,Normal,-1,70,5,Dark,True,False,,
239,Bone Dragonewt,46,73,Ancient Empress Tomb: Area 2,N,Normal,Normal,-1,163,5,Dark,True,False,,
238,Black Jelly,47,72,Ancient Empress Tomb: Area 1,N,Normal,Normal,-1,196,5,Dark,False,False,,
237,Bone Dragonewt,46,72,Ancient Empress Tomb: Area 1,N,Normal,Normal,-1,163,5,Dark,True,False,,
236,Bone Dragonewt,45,72,Ancient Empress Tomb: Area 1,N,Normal,Normal,-1,158,5,Dark,True,False,,
235,Berry Pomum,40,71,Harde Hill,N,Normal,Normal,-1,20,4,Earth,False,False,,
234,Berry Pomum,38,71,Harde Hill,N,Normal,Normal,-1,18,4,Earth,False,False,,
233,Arborgon,39,71,Harde Hill,N,Normal,Normal,-1,27,4,Earth,True,False,,
232,Salliphant,42,71,Harde Hill,N,Normal,Normal,-1,42,3,Wind,True,False,,
231,Salliphant,37,71,Harde Hill,N,Normal,Normal,-1,35,3,Wind,True,False,,
230,Sand Mole,50,93,Centerio Highlands,M,Mini Boss,Normal,20000,380,4,Earth,False,False,,
229,Foxiger,49,93,Centerio Highlands,N,Normal,Normal,3100,104,1,Fire,True,False,,
228,Sand Frosch,46,93,Centerio Highlands,N,Normal,Normal,2000,68,0,Neutral,False,False,,
227,Farfara,40,70,Darkanon Plain,N,Normal,Normal,800,28,5,Dark,True,False,,
226,Pojo,39,70,Darkanon Plain,N,Normal,Normal,1100,38,3,Wind,True,False,,
225,Rocksaur,36,70,Darkanon Plain,N,Normal,Normal,1300,43,4,Earth,True,False,,
224,Boss Roga,62,69,Saham Underground Cave - Deepest Part,B,Boss,Normal,250000,3000,0,Neutral,False,False,,
223,Orc Warrior,49,68,Saham Underground Cave: B3,N,Normal,Normal,8000,281,1,Fire,True,False,,
222,Gob Roga,48,68,Saham Underground Cave: B3,N,Normal,Normal,5000,173,0,Neutral,True,False,,
221,Gob Roga,48,67,Saham Underground Cave: B2,N,Normal,Normal,5000,173,0,Neutral,True,False,,
220,Orc Warrior,47,67,Saham Underground Cave: B2,N,Normal,Normal,8000,266,1,Fire,True,False,,
219,Orc Warrior,46,66,Saham Underground Cave: B1,N,Normal,Normal,8000,258,1,Fire,True,False,,
218,Rotta Nemico,45,66,Saham Underground Cave: B1,N,Normal,Normal,1500,66,1,Fire,False,False,,
217,Demon's Gate,60,65,Saham Crater,B,Boss,Normal,18000,1440,5,Dark,False,False,,
216,Gigant Knight,76,65,Saham Crater,M,Mini Boss,Normal,-1,2680,4,Earth,False,False,,
215,Mutant Goblin,44,65,Saham Crater,N,Normal,Normal,2000,64,5,Dark,True,False,,
214,Flame Roar,43,65,Saham Crater,N,Normal,Normal,2000,87,1,Fire,False,False,,
213,Orc,46,65,Saham Crater,N,Normal,Normal,7000,252,1,Fire,True,False,,
212,Soda Potum,45,64,Korda Basin,N,Normal,Normal,5000,185,2,Water,True,False,,
211,Aqua Jelly,43,64,Korda Basin,N,Normal,Normal,3500,112,2,Water,False,False,,
210,Kijimu,44,64,Korda Basin,N,Normal,Normal,2000,64,5,Dark,True,False,,
209,Ratia,42,64,Korda Basin,N,Normal,Normal,1600,60,4,Earth,True,False,,
208,Cliff Pico,33,63,Lonogo Canyon,N,Normal,Normal,1100,40,4,Earth,False,False,,
207,Pova,32,63,Lonogo Canyon,N,Normal,Normal,900,29,4,Earth,True,False,,
206,Euris,30,63,Lonogo Canyon,N,Normal,Normal,500,20,0,Neutral,True,False,,
205,Mauez,55,62,New Moon Palace: Innermost,B,Boss,Normal,86000,1290,2,Water,False,False,,
204,Moonlight Potum,72,62,New Moon Palace: Innermost,M,Mini Boss,Normal,-1,1860,5,Dark,False,False,,
203,Palace Soldier,41,61,New Moon Palace: 2nd Chamber,N,Normal,Normal,1600,58,4,Earth,True,False,,
202,Mage Marionette,43,61,New Moon Palace: 2nd Chamber,N,Normal,Normal,3600,118,0,Neutral,True,False,,
201,Sword Marionette,43,60,New Moon Palace: 1st Chamber,N,Normal,Normal,3600,118,0,Neutral,True,False,,
200,Palace Soldier,41,60,New Moon Palace: 1st Chamber,N,Normal,Normal,1600,58,4,Earth,True,False,,
199,Stone,39,59,New Moon Palace,N,Normal,Normal,1800,64,4,Earth,True,False,,
198,Sword Marionette,40,59,New Moon Palace,N,Normal,Normal,3200,106,0,Neutral,True,False,,
197,Mage Marionette,40,59,New Moon Palace,N,Normal,Normal,3200,106,0,Neutral,True,False,,
196,Water Ghost,31,58,Nehelo Swamp,N,Normal,Normal,600,20,2,Water,False,False,,
195,Moss Ball,29,58,Nehelo Swamp,N,Normal,Normal,350,19,6,Light,True,False,,
194,Kinote,27,58,Nehelo Swamp,N,Normal,Normal,400,17,6,Light,True,False,,
193,Warmonger,60,57,Haotas Ravine: Deepest Part,B,Boss,Normal,147690,960,4,Earth,False,False,,
192,Big Mask,70,56,Haotas Ravine,M,Mini Boss,Normal,-1,2400,3,Wind,False,False,,
191,Fin Frog,47,56,Haotas Ravine,N,Normal,Normal,-1,132,2,Water,True,False,,
190,Pain Leaf,46,56,Haotas Ravine,N,Normal,Normal,-1,95,5,Dark,True,False,,
189,White Hound,43,56,Haotas Ravine,N,Normal,Normal,-1,62,6,Light,True,False,,
188,Ooze,52,55,Lutaros Cavern: Deepest Part,B,Boss,Normal,44000,1400,2,Water,False,False,,
187,Turquoise Lionfish,39,54,Lutaros Cavern: B2,N,Normal,Normal,2900,-1,2,Water,True,False,,
186,Slime,39,54,Lutaros Cavern: B2,N,Normal,Normal,1100,54,2,Water,True,False,,
185,Voda Roar,37,53,Lutaros Cavern: B1,N,Normal,Normal,1700,50,2,Water,True,False,,
184,Slime,39,53,Lutaros Cavern: B1,N,Normal,Normal,1100,54,2,Water,True,False,,
183,Voda Roar,37,52,Lutaros Cavern Entrance,N,Normal,Normal,1700,50,2,Water,True,False,,
182,Stone Soldier,37,52,Lutaros Cavern Entrance,N,Normal,Normal,2000,70,4,Earth,False,False,,
181,Arcoiris,70,51,Yorl Highlands,M,Mini Boss,Normal,-1,2400,0,Neutral,False,False,,
180,Squire,35,51,Yorl Highlands,N,Normal,Normal,1200,48,3,Wind,True,False,,
179,Conoppy,26,51,Yorl Highlands,N,Normal,Normal,400,17,4,Earth,True,False,,
178,Billy,24,51,Yorl Highlands,N,Normal,Normal,650,27,4,Earth,True,False,,
177,Astol,50,50,Aulada Ancient Tower,B,Boss,Normal,82040,760,3,Wind,False,False,,
176,Seltirios,60,50,Aulada Ancient Tower,M,Mini Boss,Normal,60000,960,5,Dark,False,False,,
175,Tower Ghost,37,50,Aulada Ancient Tower,N,Normal,Normal,1040,38,6,Light,False,False,,
174,Gold Jelly,36,50,Aulada Ancient Tower,N,Normal,Normal,2400,75,6,Light,False,False,,
173,Gold Jelly,34,50,Aulada Ancient Tower,N,Normal,Normal,2100,69,6,Light,False,False,,
172,Rutiro,38,50,Aulada Ancient Tower,N,Normal,Normal,1530,52,5,Dark,True,False,,
171,Rutiro,36,50,Aulada Ancient Tower,N,Normal,Normal,1300,48,5,Dark,True,False,,
170,Forestia,49,49,Land Of Chaos,B,Boss,Normal,135000,1480,3,Wind,False,False,,
169,Squire,35,49,Land Of Chaos,N,Normal,Normal,1200,48,3,Wind,True,False,,
168,Rutin,36,49,Land Of Chaos,N,Normal,Normal,1400,48,3,Wind,True,False,,
167,Elizard,33,49,Land Of Chaos,N,Normal,Normal,1400,53,4,Earth,True,False,,
166,Ganglef,58,48,Scaro Town: Deepest Part,B,Boss,Normal,107800,1150,4,Earth,False,False,,
165,Devil's Book,34,47,Scaro Town: Area 2,N,Normal,Normal,1700,64,5,Dark,True,False,,
164,Beak,33,47,Scaro Town: Area 2,N,Normal,Normal,1200,44,3,Wind,True,False,,
163,Death Hound,32,47,Scaro Town: Area 2,N,Normal,Normal,1100,42,5,Dark,True,False,,
162,Beak,32,46,Scaro Town: Area 1,N,Normal,Normal,1200,42,3,Wind,True,False,,
161,Death Hound,31,46,Scaro Town: Area 1,N,Normal,Normal,1000,40,5,Dark,True,False,,
160,Soldier Rat,30,46,Scaro Town: Area 1,N,Normal,Normal,1100,44,4,Earth,False,False,,
159,Big Coryn,60,45,Douce Hamlet,M,Mini Boss,Normal,-1,1730,6,Light,False,False,,
158,Wooly,22,45,Douce Hamlet,N,Normal,Normal,150,13,0,Neutral,True,False,,
157,Crow Killer,21,45,Douce Hamlet,N,Normal,Normal,300,13,4,Earth,True,False,,
156,Crow Killer,20,45,Douce Hamlet,N,Normal,Normal,275,12,4,Earth,True,False,,
155,Coryn,19,45,Douce Hamlet,N,Normal,Normal,250,11,6,Light,True,False,,
154,Ruin Golem,45,44,Zoktzda ruins : Reversed Hall,B,Boss,Normal,41200,660,4,Earth,False,False,,
153,Stone Mercenary,60,43,Zoktzda Ruins : Abnormal Space,M,Mini Boss,Normal,-1,960,4,Earth,False,False,,
152,Wind Roar,32,43,Zoktzda Ruins : Abnormal Space,N,Normal,Normal,1000,42,3,Wind,False,False,,
151,Stone,33,43,Zoktzda Ruins : Abnormal Space,N,Normal,Normal,1300,53,4,Earth,True,False,,
150,Stone,31,43,Zoktzda Ruins : Abnormal Space,N,Normal,Normal,1200,48,4,Earth,True,False,,
149,Green Jelly,30,43,Zoktzda Ruins : Abnormal Space,N,Normal,Normal,1075,44,3,Wind,False,False,,
148,Golden Skeleton,54,42,Zoktzda Ruins,M,Mini Boss,Normal,-1,840,0,Neutral,False,False,,
147,Skeleton,30,42,Zoktzda Ruins,N,Normal,Normal,1000,44,5,Dark,True,False,,
146,Goblin,29,42,Zoktzda Ruins,N,Normal,Normal,1100,46,5,Dark,True,False,,
145,Flare Volg,50,41,Fiery Volcano: Boss Map,B,Boss,Normal,120000,1500,1,Fire,False,False,,
144,Mochelo,43,40,Fiery Volcano: Area 3,B,Boss,Normal,60000,620,3,Wind,False,False,,
143,Flame Butterfly,31,40,Fiery Volcano: Area 3,N,Normal,Normal,1000,36,1,Fire,True,False,,
142,Savaran (small),30,40,Fiery Volcano: Area 3,N,Normal,Normal,1000,40,1,Fire,True,False,,
141,Stone Knight,30,39,Fiery Volcano: Area 2,N,Normal,Normal,1400,56,4,Earth,True,False,,
140,Flame Butterfly,29,39,Fiery Volcano: Area 2,N,Normal,Normal,950,34,1,Fire,True,False,,
139,Fire Ghost,28,39,Fiery Volcano: Area 2,N,Normal,Normal,1000,36,1,Fire,True,False,,
138,Stone Knight,29,38,Fiery Volcano: Area 1,N,Normal,Normal,1300,53,4,Earth,True,False,,
137,Fire Ghost,28,38,Fiery Volcano: Area 1,N,Normal,Normal,1000,36,1,Fire,True,False,,
136,Red Jelly,31,38,Fiery Volcano: Area 1,N,Normal,Normal,1000,40,1,Fire,False,False,,
135,Savaran (small),27,38,Fiery Volcano: Area 1,N,Normal,Normal,825,34,1,Fire,True,False,,
134,Savaran (big),19,37,Witeka Scorched Plains,N,Normal,Normal,600,25,1,Fire,True,False,,
133,Savaran (small),15,37,Witeka Scorched Plains,N,Normal,Normal,200,9,1,Fire,True,False,,
132,Roca,18,37,Witeka Scorched Plains,N,Normal,Normal,330,13,1,Fire,False,False,,
131,Calron,17,37,Witeka Scorched Plains,N,Normal,Normal,220,10,1,Fire,True,False,,
130,Calron,16,37,Witeka Scorched Plains,N,Normal,Normal,200,9,1,Fire,True,False,,
129,Boss Goblin,40,36,Ribisco Cave: Deepest Part,B,Boss,Normal,26758,560,1,Fire,False,False,,
128,Goblin (slingshot),26,36,Ribisco Cave: Deepest Part,N,Normal,Normal,700,32,1,Fire,True,False,,
127,Goblin (sword),28,36,Ribisco Cave: Deepest Part,N,Normal,Normal,700,30,1,Fire,True,False,,
126,Goblin (slingshot),27,35,Ribisco Cave: Area 3,N,Normal,Normal,800,34,1,Fire,True,False,,
125,Goblin (slingshot),25,35,Ribisco Cave: Area 3,N,Normal,Normal,700,32,1,Fire,True,False,,
124,Goblin (sword),26,35,Ribisco Cave: Area 3,N,Normal,Normal,800,32,1,Fire,True,False,,
123,Goblin (sword),24,35,Ribisco Cave: Area 3,N,Normal,Normal,700,30,1,Fire,True,False,,
122,Goblin (slingshot),25,34,Ribisco Cave: Area 2,N,Normal,Normal,700,32,1,Fire,True,False,,
121,Goblin (sword),24,34,Ribisco Cave: Area 2,N,Normal,Normal,700,30,1,Fire,True,False,,
120,Frosch,23,34,Ribisco Cave: Area 2,N,Normal,Normal,650,28,2,Water,True,False,,
119,Goblin (slingshot),25,33,Ribisco Cave: Area 1,N,Normal,Normal,700,32,1,Fire,True,False,,
118,Goblin (sword),24,33,Ribisco Cave: Area 1,N,Normal,Normal,700,30,1,Fire,True,False,,
117,Frosch,23,33,Ribisco Cave: Area 1,N,Normal,Normal,650,28,2,Water,True,False,,
116,Pico,18,32,Rinom Plains,N,Normal,Normal,235,11,3,Wind,True,False,,
115,Kijimu,17,32,Rinom Plains,N,Normal,Normal,220,9,6,Light,True,False,,
114,Goblin (slingshot),23,32,Rinom Plains,N,Normal,Normal,700,26,1,Fire,True,False,,
113,Goblin (sword),22,32,Rinom Plains,N,Normal,Normal,700,26,1,Fire,True,False,,
112,Kijimu,13,31,Suedor Cliff,N,Normal,Normal,170,7,6,Light,True,False,,
111,Kijimu,11,31,Suedor Cliff,N,Normal,Normal,150,6,6,Light,True,False,,
110,Raffy,10,31,Suedor Cliff,N,Normal,Normal,140,6,0,Neutral,True,False,,
109,Colon,9,31,Suedor Cliff,N,Normal,Normal,120,5,4,Earth,True,False,,
108,Brutal Dragon Decel,40,30,Nisel Mountain: The Top,B,Boss,Normal,53000,560,4,Earth,False,False,,
107,Rutin,28,29,Nisel Mountain: Near The Top,N,Normal,Normal,800,36,3,Wind,True,False,,
106,Boar,27,29,Nisel Mountain: Near The Top,N,Normal,Normal,1100,40,4,Earth,True,False,,
105,Shell Mask,27,28,Nisel Mountain: Mountainside,N,Normal,Normal,750,34,4,Earth,True,False,,
104,Rutin,26,28,Nisel Mountain: Mountainside,N,Normal,Normal,750,32,3,Wind,True,False,,
103,Boar,26,28,Nisel Mountain: Mountainside,N,Normal,Normal,1000,39,4,Earth,True,False,,
102,Little Boar,25,28,Nisel Mountain: Mountainside,N,Normal,Normal,550,32,4,Earth,True,False,,
101,Giant Boar,52,27,Nisel Mountain,M,Mini Boss,Normal,-1,800,4,Earth,False,False,,
100,Boar,25,27,Nisel Mountain,N,Normal,Normal,900,38,4,Earth,True,False,,
99,Little Boar,24,27,Nisel Mountain,N,Normal,Normal,500,32,4,Earth,True,False,,
98,Shell Mask,23,27,Nisel Mountain,N,Normal,Normal,650,28,4,Earth,True,False,,
97,Tortuga,40,26,Icule Lake,M,Mini Boss,Normal,13500,560,2,Water,False,False,,
96,Miwi,16,26,Icule Lake,N,Normal,Normal,325,14,2,Water,True,False,,
95,Miwi,15,26,Icule Lake,N,Normal,Normal,300,13,2,Water,True,False,,
94,Frosch,14,26,Icule Lake,N,Normal,Normal,175,8,2,Water,True,False,,
93,Frosch,13,26,Icule Lake,N,Normal,Normal,150,7,2,Water,True,False,,
92,Cobre,12,26,Icule Lake,N,Normal,Normal,300,13,4,Earth,False,False,,
91,Forest Wolf,30,25,Marbaro Forest: Deepest Part,B,Boss,Normal,16038,300,3,Wind,False,False,,
90,Pico,22,24,Marbaro Forest,N,Normal,Normal,300,13,3,Wind,True,False,,
89,Helm Colon,18,24,Marbaro Forest,N,Normal,Normal,360,15,4,Earth,True,False,,
88,Helm Colon,16,24,Marbaro Forest,N,Normal,Normal,380,11,4,Earth,True,False,,
87,Colon,19,24,Marbaro Forest,N,Normal,Normal,250,11,4,Earth,True,False,,
86,Colon,17,24,Marbaro Forest,N,Normal,Normal,220,10,4,Earth,True,False,,
85,Kijimu,12,23,Strum Road,N,Normal,Normal,160,7,6,Light,True,False,,
84,Colon Commander,33,23,Strum Road,M,Mini Boss,Normal,22000,440,1,Fire,False,False,,
83,Helm Colon,13,23,Strum Road,N,Normal,Normal,250,10,4,Earth,True,False,,
82,Helm Colon,11,23,Strum Road,N,Normal,Normal,210,9,4,Earth,True,False,,
81,Colon,11,23,Strum Road,N,Normal,Normal,130,6,4,Earth,True,False,,
80,Colon,9,23,Strum Road,N,Normal,Normal,125,5,4,Earth,True,False,,
79,Colon,5,22,Rugio Ruins,N,Normal,Normal,95,3,4,Earth,True,False,,
78,Colon,3,22,Rugio Ruins,N,Normal,Normal,85,2,4,Earth,True,False,,
77,Colon,1,22,Rugio Ruins,N,Normal,Normal,80,1,4,Earth,True,False,,
76,Corda,12,21,Debacky Channel,N,Normal,Normal,270,11,0,Neutral,False,False,,
75,Blue Jelly (big),10,21,Debacky Channel,N,Normal,Normal,1060,43,2,Water,True,False,,
74,Blue Jelly (small),8,21,Debacky Channel,N,Normal,Normal,460,14,2,Water,True,False,,
73,Crimsosh,37,20,Athema Ruins: Area 2,M,Mini Boss,Normal,22500,500,1,Fire,False,False,,
72,Rio Frosch,11,20,Athema Ruins: Area 2,N,Normal,Normal,290,6,1,Fire,False,False,,
71,King Potum,50,19,Athema Ruins: Area 1,M,Mini Boss,Normal,8000,320,0,Neutral,False,False,,
70,Vanilla Potum,14,19,Athema Ruins: Area 1,N,Normal,Normal,170,8,0,Neutral,True,False,,
69,Vanilla Potum,10,19,Athema Ruins: Area 1,N,Normal,Normal,130,6,0,Neutral,True,False,,
68,Kijimu,13,19,Athema Ruins: Area 1,N,Normal,Normal,160,7,2,Water,True,False,,
67,Kijimu,10,19,Athema Ruins: Area 1,N,Normal,Normal,130,6,2,Water,True,False,,
66,Blue Jelly (big),8,18,Debakcy Channel: B2,N,Normal,Normal,460,14,2,Water,True,False,,
65,Corda,11,18,Debakcy Channel: B2,N,Normal,Normal,250,9,0,Neutral,False,False,,
64,Corda,9,18,Debakcy Channel: B2,N,Normal,Normal,220,8,0,Neutral,False,False,,
63,Corda,12,17,Debakcy Channel: B1,N,Normal,Normal,270,11,0,Neutral,False,False,,
62,Silver Roar,42,17,Debakcy Channel: B1,M,Mini Boss,Normal,14570,590,2,Water,False,False,,
61,Ruin Rat,9,17,Debakcy Channel: B1,N,Normal,Normal,250,10,0,Neutral,True,False,,
60,Blue Jelly (big),8,17,Debakcy Channel: B1,N,Normal,Normal,460,14,2,Water,True,False,,
59,Gespenst,20,16,Underground Channel,B,Boss,Normal,8544,240,5,Dark,False,False,,
58,Ghost,7,16,Underground Channel,N,Normal,Normal,165,8,5,Dark,True,False,,
57,Ghost,4,16,Underground Channel,N,Normal,Normal,150,6,5,Dark,True,False,,
56,Blue Jelly (big),7,16,Underground Channel,N,Normal,Normal,410,12,2,Water,True,False,,
55,Blue Jelly (small),5,16,Underground Channel,N,Normal,Normal,385,10,2,Water,True,False,,
54,Corda,6,16,Underground Channel,N,Normal,Normal,180,5,0,Neutral,False,False,,
53,Corda,4,16,Underground Channel,N,Normal,Normal,170,3,0,Neutral,False,False,,
52,Minotaur,32,15,Ruined Temple: Forbidden hall,B,Boss,Normal,18000,420,3,Wind,False,False,,
51,Roar,21,14,Ruined Temple: Area 3,N,Normal,Normal,570,23,6,Light,True,False,,
50,Guardian Statue,23,14,Ruined Temple: Area 3,N,Normal,Normal,915,42,0,Neutral,True,False,,
49,Guardian Statue,22,14,Ruined Temple: Area 3,N,Normal,Normal,910,40,0,Neutral,True,False,,
48,Miracle Potum,42,13,Ruined Temple: Area 2,M,Mini Boss,Normal,29000,600,6,Light,False,False,,
47,Roar,21,13,Ruined Temple: Area 2,N,Normal,Normal,570,23,6,Light,True,False,,
46,Guardian Statue,22,13,Ruined Temple: Area 2,N,Normal,Normal,910,39,0,Neutral,True,False,,
45,Goblin,20,13,Ruined Temple: Area 2,N,Normal,Normal,400,24,1,Fire,True,False,,
44,Beak,19,12,Ruined Temple: Area 1,N,Normal,Normal,550,22,3,Wind,True,False,,
43,Beak,18,12,Ruined Temple: Area 1,N,Normal,Normal,515,21,3,Wind,True,False,,
42,Goblin,20,12,Ruined Temple: Area 1,N,Normal,Normal,400,24,1,Fire,True,False,,
41,Beak,12,11,Ruined Temple Town,N,Normal,Normal,165,7,3,Wind,True,False,,
40,Beak,11,11,Ruined Temple Town,N,Normal,Normal,160,6,3,Wind,True,False,,
39,Farfara,13,11,Ruined Temple Town,N,Normal,Normal,165,8,5,Dark,True,False,,
38,Lavarca,21,11,Ruined Temple Town,N,Normal,Normal,855,32,0,Neutral,True,False,,
37,Raffy,9,11,Ruined Temple Town,N,Normal,Normal,125,5,0,Neutral,True,False,,
36,Eerie Crystal,24,10,Isthmus Of Kaus: Dragon's Den,B,Boss,Normal,6300,225,5,Dark,False,False,,
35,Dark Mushroom,30,9,Isthmus Of Kaus,M,Mini Boss,Normal,17500,440,5,Dark,False,False,,
34,Purple Jelly,17,9,Isthmus Of Kaus,N,Normal,Normal,440,20,2,Water,False,False,,
33,Pain Leaf,14,9,Isthmus Of Kaus,N,Normal,Normal,530,22,5,Dark,True,False,,
32,Pain Leaf,17,9,Isthmus Of Kaus,N,Normal,Normal,650,28,5,Dark,True,False,,
31,Night Mushroom,15,9,Isthmus Of Kaus,N,Normal,Normal,420,20,5,Dark,True,False,,
30,Night Mushroom,13,9,Isthmus Of Kaus,N,Normal,Normal,350,15,5,Dark,True,False,,
29,Hound,18,9,Isthmus Of Kaus,N,Normal,Normal,350,22,0,Neutral,True,False,,
28,Hound,13,9,Isthmus Of Kaus,N,Normal,Normal,250,14,0,Neutral,True,False,,
27,Night Mushroom,10,8,Reug Salt Plains: Wanderers Camp,N,Normal,Normal,145,7,5,Dark,True,False,,
26,Wooly,9,8,Reug Salt Plains: Wanderers Camp,N,Normal,Normal,60,5,0,Neutral,True,False,,
25,Wooly,8,8,Reug Salt Plains: Wanderers Camp,N,Normal,Normal,55,4,0,Neutral,True,False,,
24,Pomum,7,8,Reug Salt Plains: Wanderers Camp,N,Normal,Normal,165,5,6,Light,True,False,,
23,Piedra,6,8,Reug Salt Plains: Wanderers Camp,N,Normal,Normal,205,6,4,Earth,True,False,,
22,Piedra,3,7,Rakau Plains,N,Normal,Normal,175,3,4,Earth,True,False,,
21,Pomum,3,7,Rakau Plains,N,Normal,Normal,130,3,6,Light,True,False,,
20,Pico,1,7,Rakau Plains,N,Normal,Normal,90,2,3,Wind,True,False,,
19,Lavarca,21,7,Rakau Plains,N,Normal,Normal,850,32,0,Neutral,True,False,,
18,Raffy,2,7,Rakau Plains,N,Normal,Normal,85,1,0,Neutral,True,False,,
17,Raffy,1,7,Rakau Plains,N,Normal,Normal,80,1,0,Neutral,True,False,,
16,Excavated Golem,16,6,Underground Ruins: Deepest Part,B,Boss,Normal,3150,90,0,Neutral,False,False,,
15,Nemico,13,5,Underground Ruins: B2,N,Normal,Normal,190,10,3,Wind,True,False,,
14,Nemico,11,5,Underground Ruins: B2,N,Normal,Normal,170,9,3,Wind,True,False,,
13,Torpo,10,5,Underground Ruins: B2,N,Normal,Normal,190,9,0,Neutral,True,False,,
12,Ruin Rat,12,5,Underground Ruins: B2,N,Normal,Normal,220,10,4,Earth,True,False,,
11,Nemico,11,4,Underground Ruins: B1,N,Normal,Normal,170,9,3,Wind,True,False,,
10,Torpo,9,4,Underground Ruins: B1,N,Normal,Normal,180,7,0,Neutral,True,False,,
9,Ruin Rat,10,4,Underground Ruins: B1,N,Normal,Normal,195,9,4,Earth,True,False,,
8,Torpo,8,3,Underground Ruins,N,Normal,Normal,170,6,0,Neutral,True,False,,
7,Ruin Rat,8,3,Underground Ruins,N,Normal,Normal,170,6,4,Earth,True,False,,
6,The Strongest boss in game,999,2,Land Under Development,B,Boss,Normal,100000000,30,4,Earth,False,False,,
5,Shell Mask,5,2,Land Under Development,N,Normal,Normal,95,3,4,Earth,True,False,,
4,Shell Mask,4,2,Land Under Development,N,Normal,Normal,90,2,4,Earth,True,False,,
3,Colon,6,2,Land Under Development,N,Normal,Normal,100,3,4,Earth,True,False,,
2,Colon,4,2,Land Under Development,N,Normal,Normal,90,2,4,Earth,True,False,,
1,Torpo,7,2,Land Under Development,N,Normal,Normal,105,4,0,Neutral,True,False,,
